id,company_name,roe_percentage,roce_percentage,market_cap_crore,pe_ratio,pb_ratio,roe,roa,debt_equity,sales_cagr,profit_cagr
ABB,Abbott India Ltd,34.9,46.0,844312.98,19.29,14.26,0.1997,0.1341,1.4895,11.44,19.94
ABB,Abbott India Ltd,34.9,46.0,844312.98,19.29,14.26,0.2134,0.1578,1.3523,11.44,19.94
ABB,Abbott India Ltd,34.9,46.0,844312.98,19.29,14.26,0.2241,0.153,1.4646,11.44,19.94
ABB,Abbott India Ltd,34.9,46.0,844312.98,19.29,14.26,0.2241,0.1599,1.4019,11.44,19.94
ABB,Abbott India Ltd,34.9,46.0,844312.98,19.29,14.26,0.2369,0.166,1.4271,11.44,19.94
ABB,Abbott India Ltd,34.9,46.0,844312.98,19.29,14.26,0.2439,0.1672,1.4591,11.44,19.94
ABB,Abbott India Ltd,34.9,46.0,844312.98,19.29,14.26,0.2444,0.1667,1.4664,11.44,19.94
ABB,Abbott India Ltd,34.9,46.0,844312.98,19.29,14.26,0.2513,0.1738,1.4454,11.44,19.94
ABB,Abbott India Ltd,34.9,46.0,844312.98,19.29,14.26,0.2656,0.1799,1.4758,11.44,19.94
ABB,Abbott India Ltd,34.9,46.0,844312.98,19.29,14.26,0.2833,0.1892,1.4979,11.44,19.94
ABB,Abbott India Ltd,34.9,46.0,844312.98,19.29,14.26,0.2977,0.2083,1.4291,11.44,19.94
ABB,Abbott India Ltd,34.9,46.0,844312.98,19.29,14.26,0.3247,0.2313,1.4039,11.44,19.94
ABB,Abbott India Ltd,34.9,46.0,923674.33,67.54,13.03,0.1997,0.1341,1.4895,11.44,19.94
ABB,Abbott India Ltd,34.9,46.0,923674.33,67.54,13.03,0.2134,0.1578,1.3523,11.44,19.94
ABB,Abbott India Ltd,34.9,46.0,923674.33,67.54,13.03,0.2241,0.153,1.4646,11.44,19.94
ABB,Abbott India Ltd,34.9,46.0,923674.33,67.54,13.03,0.2241,0.1599,1.4019,11.44,19.94
ABB,Abbott India Ltd,34.9,46.0,923674.33,67.54,13.03,0.2369,0.166,1.4271,11.44,19.94
ABB,Abbott India Ltd,34.9,46.0,923674.33,67.54,13.03,0.2439,0.1672,1.4591,11.44,19.94
ABB,Abbott India Ltd,34.9,46.0,923674.33,67.54,13.03,0.2444,0.1667,1.4664,11.44,19.94
ABB,Abbott India Ltd,34.9,46.0,923674.33,67.54,13.03,0.2513,0.1738,1.4454,11.44,19.94
ABB,Abbott India Ltd,34.9,46.0,923674.33,67.54,13.03,0.2656,0.1799,1.4758,11.44,19.94
ABB,Abbott India Ltd,34.9,46.0,923674.33,67.54,13.03,0.2833,0.1892,1.4979,11.44,19.94
ABB,Abbott India Ltd,34.9,46.0,923674.33,67.54,13.03,0.2977,0.2083,1.4291,11.44,19.94
ABB,Abbott India Ltd,34.9,46.0,923674.33,67.54,13.03,0.3247,0.2313,1.4039,11.44,19.94
ABB,Abbott India Ltd,34.9,46.0,1020674.09,62.63,6.67,0.1997,0.1341,1.4895,11.44,19.94
ABB,Abbott India Ltd,34.9,46.0,1020674.09,62.63,6.67,0.2134,0.1578,1.3523,11.44,19.94
ABB,Abbott India Ltd,34.9,46.0,1020674.09,62.63,6.67,0.2241,0.153,1.4646,11.44,19.94
ABB,Abbott India Ltd,34.9,46.0,1020674.09,62.63,6.67,0.2241,0.1599,1.4019,11.44,19.94
ABB,Abbott India Ltd,34.9,46.0,1020674.09,62.63,6.67,0.2369,0.166,1.4271,11.44,19.94
ABB,Abbott India Ltd,34.9,46.0,1020674.09,62.63,6.67,0.2439,0.1672,1.4591,11.44,19.94
ABB,Abbott India Ltd,34.9,46.0,1020674.09,62.63,6.67,0.2444,0.1667,1.4664,11.44,19.94
ABB,Abbott India Ltd,34.9,46.0,1020674.09,62.63,6.67,0.2513,0.1738,1.4454,11.44,19.94
ABB,Abbott India Ltd,34.9,46.0,1020674.09,62.63,6.67,0.2656,0.1799,1.4758,11.44,19.94
ABB,Abbott India Ltd,34.9,46.0,1020674.09,62.63,6.67,0.2833,0.1892,1.4979,11.44,19.94
ABB,Abbott India Ltd,34.9,46.0,1020674.09,62.63,6.67,0.2977,0.2083,1.4291,11.44,19.94
ABB,Abbott India Ltd,34.9,46.0,1020674.09,62.63,6.67,0.3247,0.2313,1.4039,11.44,19.94
ABB,Abbott India Ltd,34.9,46.0,1161513.28,58.34,12.72,0.1997,0.1341,1.4895,11.44,19.94
ABB,Abbott India Ltd,34.9,46.0,1161513.28,58.34,12.72,0.2134,0.1578,1.3523,11.44,19.94
ABB,Abbott India Ltd,34.9,46.0,1161513.28,58.34,12.72,0.2241,0.153,1.4646,11.44,19.94
ABB,Abbott India Ltd,34.9,46.0,1161513.28,58.34,12.72,0.2241,0.1599,1.4019,11.44,19.94
ABB,Abbott India Ltd,34.9,46.0,1161513.28,58.34,12.72,0.2369,0.166,1.4271,11.44,19.94
ABB,Abbott India Ltd,34.9,46.0,1161513.28,58.34,12.72,0.2439,0.1672,1.4591,11.44,19.94
ABB,Abbott India Ltd,34.9,46.0,1161513.28,58.34,12.72,0.2444,0.1667,1.4664,11.44,19.94
ABB,Abbott India Ltd,34.9,46.0,1161513.28,58.34,12.72,0.2513,0.1738,1.4454,11.44,19.94
ABB,Abbott India Ltd,34.9,46.0,1161513.28,58.34,12.72,0.2656,0.1799,1.4758,11.44,19.94
ABB,Abbott India Ltd,34.9,46.0,1161513.28,58.34,12.72,0.2833,0.1892,1.4979,11.44,19.94
ABB,Abbott India Ltd,34.9,46.0,1161513.28,58.34,12.72,0.2977,0.2083,1.4291,11.44,19.94
ABB,Abbott India Ltd,34.9,46.0,1161513.28,58.34,12.72,0.3247,0.2313,1.4039,11.44,19.94
ABB,Abbott India Ltd,34.9,46.0,1185994.82,18.68,4.75,0.1997,0.1341,1.4895,11.44,19.94
ABB,Abbott India Ltd,34.9,46.0,1185994.82,18.68,4.75,0.2134,0.1578,1.3523,11.44,19.94
ABB,Abbott India Ltd,34.9,46.0,1185994.82,18.68,4.75,0.2241,0.153,1.4646,11.44,19.94
ABB,Abbott India Ltd,34.9,46.0,1185994.82,18.68,4.75,0.2241,0.1599,1.4019,11.44,19.94
ABB,Abbott India Ltd,34.9,46.0,1185994.82,18.68,4.75,0.2369,0.166,1.4271,11.44,19.94
ABB,Abbott India Ltd,34.9,46.0,1185994.82,18.68,4.75,0.2439,0.1672,1.4591,11.44,19.94
ABB,Abbott India Ltd,34.9,46.0,1185994.82,18.68,4.75,0.2444,0.1667,1.4664,11.44,19.94
ABB,Abbott India Ltd,34.9,46.0,1185994.82,18.68,4.75,0.2513,0.1738,1.4454,11.44,19.94
ABB,Abbott India Ltd,34.9,46.0,1185994.82,18.68,4.75,0.2656,0.1799,1.4758,11.44,19.94
ABB,Abbott India Ltd,34.9,46.0,1185994.82,18.68,4.75,0.2833,0.1892,1.4979,11.44,19.94
ABB,Abbott India Ltd,34.9,46.0,1185994.82,18.68,4.75,0.2977,0.2083,1.4291,11.44,19.94
ABB,Abbott India Ltd,34.9,46.0,1185994.82,18.68,4.75,0.3247,0.2313,1.4039,11.44,19.94
ABB,Abbott India Ltd,34.9,46.0,1536236.24,75.58,4.48,0.1997,0.1341,1.4895,11.44,19.94
ABB,Abbott India Ltd,34.9,46.0,1536236.24,75.58,4.48,0.2134,0.1578,1.3523,11.44,19.94
ABB,Abbott India Ltd,34.9,46.0,1536236.24,75.58,4.48,0.2241,0.153,1.4646,11.44,19.94
ABB,Abbott India Ltd,34.9,46.0,1536236.24,75.58,4.48,0.2241,0.1599,1.4019,11.44,19.94
ABB,Abbott India Ltd,34.9,46.0,1536236.24,75.58,4.48,0.2369,0.166,1.4271,11.44,19.94
ABB,Abbott India Ltd,34.9,46.0,1536236.24,75.58,4.48,0.2439,0.1672,1.4591,11.44,19.94
ABB,Abbott India Ltd,34.9,46.0,1536236.24,75.58,4.48,0.2444,0.1667,1.4664,11.44,19.94
ABB,Abbott India Ltd,34.9,46.0,1536236.24,75.58,4.48,0.2513,0.1738,1.4454,11.44,19.94
ABB,Abbott India Ltd,34.9,46.0,1536236.24,75.58,4.48,0.2656,0.1799,1.4758,11.44,19.94
ABB,Abbott India Ltd,34.9,46.0,1536236.24,75.58,4.48,0.2833,0.1892,1.4979,11.44,19.94
ABB,Abbott India Ltd,34.9,46.0,1536236.24,75.58,4.48,0.2977,0.2083,1.4291,11.44,19.94
ABB,Abbott India Ltd,34.9,46.0,1536236.24,75.58,4.48,0.3247,0.2313,1.4039,11.44,19.94
ADANIENSOL,Adani Energy Solutions Ltd,8.59,9.0,171905.69,76.72,12.85,-0.0065,-0.0006,10.6113,,
ADANIENSOL,Adani Energy Solutions Ltd,8.59,9.0,171905.69,76.72,12.85,0.0,,0.0,,
ADANIENSOL,Adani Energy Solutions Ltd,8.59,9.0,171905.69,76.72,12.85,0.0695,0.0172,4.048,,
ADANIENSOL,Adani Energy Solutions Ltd,8.59,9.0,171905.69,76.72,12.85,0.0831,0.0178,4.6724,,
ADANIENSOL,Adani Energy Solutions Ltd,8.59,9.0,171905.69,76.72,12.85,0.0946,0.0204,4.6308,,
ADANIENSOL,Adani Energy Solutions Ltd,8.59,9.0,171905.69,76.72,12.85,0.109,0.0238,4.5903,,
ADANIENSOL,Adani Energy Solutions Ltd,8.59,9.0,171905.69,76.72,12.85,0.1247,0.026,4.7881,,
ADANIENSOL,Adani Energy Solutions Ltd,8.59,9.0,171905.69,76.72,12.85,0.1377,0.0313,4.396,,
ADANIENSOL,Adani Energy Solutions Ltd,8.59,9.0,171905.69,76.72,12.85,0.1412,0.0325,4.3471,,
ADANIENSOL,Adani Energy Solutions Ltd,8.59,9.0,171905.69,76.72,12.85,0.1446,0.0298,4.8474,,
ADANIENSOL,Adani Energy Solutions Ltd,8.59,9.0,171905.69,76.72,12.85,0.1887,0.0662,2.8504,,
ADANIENSOL,Adani Energy Solutions Ltd,8.59,9.0,217135.25,35.93,9.79,-0.0065,-0.0006,10.6113,,
ADANIENSOL,Adani Energy Solutions Ltd,8.59,9.0,217135.25,35.93,9.79,0.0,,0.0,,
ADANIENSOL,Adani Energy Solutions Ltd,8.59,9.0,217135.25,35.93,9.79,0.0695,0.0172,4.048,,
ADANIENSOL,Adani Energy Solutions Ltd,8.59,9.0,217135.25,35.93,9.79,0.0831,0.0178,4.6724,,
ADANIENSOL,Adani Energy Solutions Ltd,8.59,9.0,217135.25,35.93,9.79,0.0946,0.0204,4.6308,,
ADANIENSOL,Adani Energy Solutions Ltd,8.59,9.0,217135.25,35.93,9.79,0.109,0.0238,4.5903,,
ADANIENSOL,Adani Energy Solutions Ltd,8.59,9.0,217135.25,35.93,9.79,0.1247,0.026,4.7881,,
ADANIENSOL,Adani Energy Solutions Ltd,8.59,9.0,217135.25,35.93,9.79,0.1377,0.0313,4.396,,
ADANIENSOL,Adani Energy Solutions Ltd,8.59,9.0,217135.25,35.93,9.79,0.1412,0.0325,4.3471,,
ADANIENSOL,Adani Energy Solutions Ltd,8.59,9.0,217135.25,35.93,9.79,0.1446,0.0298,4.8474,,
ADANIENSOL,Adani Energy Solutions Ltd,8.59,9.0,217135.25,35.93,9.79,0.1887,0.0662,2.8504,,
ADANIENSOL,Adani Energy Solutions Ltd,8.59,9.0,263283.51,28.96,13.96,-0.0065,-0.0006,10.6113,,
ADANIENSOL,Adani Energy Solutions Ltd,8.59,9.0,263283.51,28.96,13.96,0.0,,0.0,,
ADANIENSOL,Adani Energy Solutions Ltd,8.59,9.0,263283.51,28.96,13.96,0.0695,0.0172,4.048,,
ADANIENSOL,Adani Energy Solutions Ltd,8.59,9.0,263283.51,28.96,13.96,0.0831,0.0178,4.6724,,
ADANIENSOL,Adani Energy Solutions Ltd,8.59,9.0,263283.51,28.96,13.96,0.0946,0.0204,4.6308,,
ADANIENSOL,Adani Energy Solutions Ltd,8.59,9.0,263283.51,28.96,13.96,0.109,0.0238,4.5903,,
ADANIENSOL,Adani Energy Solutions Ltd,8.59,9.0,263283.51,28.96,13.96,0.1247,0.026,4.7881,,
ADANIENSOL,Adani Energy Solutions Ltd,8.59,9.0,263283.51,28.96,13.96,0.1377,0.0313,4.396,,
ADANIENSOL,Adani Energy Solutions Ltd,8.59,9.0,263283.51,28.96,13.96,0.1412,0.0325,4.3471,,
ADANIENSOL,Adani Energy Solutions Ltd,8.59,9.0,263283.51,28.96,13.96,0.1446,0.0298,4.8474,,
ADANIENSOL,Adani Energy Solutions Ltd,8.59,9.0,263283.51,28.96,13.96,0.1887,0.0662,2.8504,,
ADANIENSOL,Adani Energy Solutions Ltd,8.59,9.0,275655.59,59.65,14.71,-0.0065,-0.0006,10.6113,,
ADANIENSOL,Adani Energy Solutions Ltd,8.59,9.0,275655.59,59.65,14.71,0.0,,0.0,,
ADANIENSOL,Adani Energy Solutions Ltd,8.59,9.0,275655.59,59.65,14.71,0.0695,0.0172,4.048,,
ADANIENSOL,Adani Energy Solutions Ltd,8.59,9.0,275655.59,59.65,14.71,0.0831,0.0178,4.6724,,
ADANIENSOL,Adani Energy Solutions Ltd,8.59,9.0,275655.59,59.65,14.71,0.0946,0.0204,4.6308,,
ADANIENSOL,Adani Energy Solutions Ltd,8.59,9.0,275655.59,59.65,14.71,0.109,0.0238,4.5903,,
ADANIENSOL,Adani Energy Solutions Ltd,8.59,9.0,275655.59,59.65,14.71,0.1247,0.026,4.7881,,
ADANIENSOL,Adani Energy Solutions Ltd,8.59,9.0,275655.59,59.65,14.71,0.1377,0.0313,4.396,,
ADANIENSOL,Adani Energy Solutions Ltd,8.59,9.0,275655.59,59.65,14.71,0.1412,0.0325,4.3471,,
ADANIENSOL,Adani Energy Solutions Ltd,8.59,9.0,275655.59,59.65,14.71,0.1446,0.0298,4.8474,,
ADANIENSOL,Adani Energy Solutions Ltd,8.59,9.0,275655.59,59.65,14.71,0.1887,0.0662,2.8504,,
ADANIENSOL,Adani Energy Solutions Ltd,8.59,9.0,306303.52,71.21,6.44,-0.0065,-0.0006,10.6113,,
ADANIENSOL,Adani Energy Solutions Ltd,8.59,9.0,306303.52,71.21,6.44,0.0,,0.0,,
ADANIENSOL,Adani Energy Solutions Ltd,8.59,9.0,306303.52,71.21,6.44,0.0695,0.0172,4.048,,
ADANIENSOL,Adani Energy Solutions Ltd,8.59,9.0,306303.52,71.21,6.44,0.0831,0.0178,4.6724,,
ADANIENSOL,Adani Energy Solutions Ltd,8.59,9.0,306303.52,71.21,6.44,0.0946,0.0204,4.6308,,
ADANIENSOL,Adani Energy Solutions Ltd,8.59,9.0,306303.52,71.21,6.44,0.109,0.0238,4.5903,,
ADANIENSOL,Adani Energy Solutions Ltd,8.59,9.0,306303.52,71.21,6.44,0.1247,0.026,4.7881,,
ADANIENSOL,Adani Energy Solutions Ltd,8.59,9.0,306303.52,71.21,6.44,0.1377,0.0313,4.396,,
ADANIENSOL,Adani Energy Solutions Ltd,8.59,9.0,306303.52,71.21,6.44,0.1412,0.0325,4.3471,,
ADANIENSOL,Adani Energy Solutions Ltd,8.59,9.0,306303.52,71.21,6.44,0.1446,0.0298,4.8474,,
ADANIENSOL,Adani Energy Solutions Ltd,8.59,9.0,306303.52,71.21,6.44,0.1887,0.0662,2.8504,,
ADANIENSOL,Adani Energy Solutions Ltd,8.59,9.0,348517.36,58.5,9.05,-0.0065,-0.0006,10.6113,,
ADANIENSOL,Adani Energy Solutions Ltd,8.59,9.0,348517.36,58.5,9.05,0.0,,0.0,,
ADANIENSOL,Adani Energy Solutions Ltd,8.59,9.0,348517.36,58.5,9.05,0.0695,0.0172,4.048,,
ADANIENSOL,Adani Energy Solutions Ltd,8.59,9.0,348517.36,58.5,9.05,0.0831,0.0178,4.6724,,
ADANIENSOL,Adani Energy Solutions Ltd,8.59,9.0,348517.36,58.5,9.05,0.0946,0.0204,4.6308,,
ADANIENSOL,Adani Energy Solutions Ltd,8.59,9.0,348517.36,58.5,9.05,0.109,0.0238,4.5903,,
ADANIENSOL,Adani Energy Solutions Ltd,8.59,9.0,348517.36,58.5,9.05,0.1247,0.026,4.7881,,
ADANIENSOL,Adani Energy Solutions Ltd,8.59,9.0,348517.36,58.5,9.05,0.1377,0.0313,4.396,,
ADANIENSOL,Adani Energy Solutions Ltd,8.59,9.0,348517.36,58.5,9.05,0.1412,0.0325,4.3471,,
ADANIENSOL,Adani Energy Solutions Ltd,8.59,9.0,348517.36,58.5,9.05,0.1446,0.0298,4.8474,,
ADANIENSOL,Adani Energy Solutions Ltd,8.59,9.0,348517.36,58.5,9.05,0.1887,0.0662,2.8504,,
ADANIENT,Adani Enterprises Ltd,13.64,11.6,173718.83,56.08,5.69,0.0343,0.0119,2.8826,6.82,14.35
ADANIENT,Adani Enterprises Ltd,13.64,11.6,173718.83,56.08,5.69,0.0354,0.0078,4.5642,6.82,14.35
ADANIENT,Adani Enterprises Ltd,13.64,11.6,173718.83,56.08,5.69,0.0394,0.0105,3.7382,6.82,14.35
ADANIENT,Adani Enterprises Ltd,13.64,11.6,173718.83,56.08,5.69,0.0569,0.0109,5.2286,6.82,14.35
ADANIENT,Adani Enterprises Ltd,13.64,11.6,173718.83,56.08,5.69,0.061,0.0203,3.0082,6.82,14.35
ADANIENT,Adani Enterprises Ltd,13.64,11.6,173718.83,56.08,5.69,0.0614,0.0222,2.766,6.82,14.35
ADANIENT,Adani Enterprises Ltd,13.64,11.6,173718.83,56.08,5.69,0.0654,0.0194,3.3681,6.82,14.35
ADANIENT,Adani Enterprises Ltd,13.64,11.6,173718.83,56.08,5.69,0.0733,0.0171,4.2745,6.82,14.35
ADANIENT,Adani Enterprises Ltd,13.64,11.6,173718.83,56.08,5.69,0.0747,0.024,3.1155,6.82,14.35
ADANIENT,Adani Enterprises Ltd,13.64,11.6,173718.83,56.08,5.69,0.0853,0.0208,4.1096,6.82,14.35
ADANIENT,Adani Enterprises Ltd,13.64,11.6,173718.83,56.08,5.69,0.0893,0.0176,5.0808,6.82,14.35
ADANIENT,Adani Enterprises Ltd,13.64,11.6,173718.83,56.08,5.69,0.1114,0.0224,4.9713,6.82,14.35
ADANIENT,Adani Enterprises Ltd,13.64,11.6,186771.02,56.13,9.8,0.0343,0.0119,2.8826,6.82,14.35
ADANIENT,Adani Enterprises Ltd,13.64,11.6,186771.02,56.13,9.8,0.0354,0.0078,4.5642,6.82,14.35
ADANIENT,Adani Enterprises Ltd,13.64,11.6,186771.02,56.13,9.8,0.0394,0.0105,3.7382,6.82,14.35
ADANIENT,Adani Enterprises Ltd,13.64,11.6,186771.02,56.13,9.8,0.0569,0.0109,5.2286,6.82,14.35
ADANIENT,Adani Enterprises Ltd,13.64,11.6,186771.02,56.13,9.8,0.061,0.0203,3.0082,6.82,14.35
ADANIENT,Adani Enterprises Ltd,13.64,11.6,186771.02,56.13,9.8,0.0614,0.0222,2.766,6.82,14.35
ADANIENT,Adani Enterprises Ltd,13.64,11.6,186771.02,56.13,9.8,0.0654,0.0194,3.3681,6.82,14.35
ADANIENT,Adani Enterprises Ltd,13.64,11.6,186771.02,56.13,9.8,0.0733,0.0171,4.2745,6.82,14.35
ADANIENT,Adani Enterprises Ltd,13.64,11.6,186771.02,56.13,9.8,0.0747,0.024,3.1155,6.82,14.35
ADANIENT,Adani Enterprises Ltd,13.64,11.6,186771.02,56.13,9.8,0.0853,0.0208,4.1096,6.82,14.35
ADANIENT,Adani Enterprises Ltd,13.64,11.6,186771.02,56.13,9.8,0.0893,0.0176,5.0808,6.82,14.35
ADANIENT,Adani Enterprises Ltd,13.64,11.6,186771.02,56.13,9.8,0.1114,0.0224,4.9713,6.82,14.35
ADANIENT,Adani Enterprises Ltd,13.64,11.6,187927.97,58.87,10.41,0.0343,0.0119,2.8826,6.82,14.35
ADANIENT,Adani Enterprises Ltd,13.64,11.6,187927.97,58.87,10.41,0.0354,0.0078,4.5642,6.82,14.35
ADANIENT,Adani Enterprises Ltd,13.64,11.6,187927.97,58.87,10.41,0.0394,0.0105,3.7382,6.82,14.35
ADANIENT,Adani Enterprises Ltd,13.64,11.6,187927.97,58.87,10.41,0.0569,0.0109,5.2286,6.82,14.35
ADANIENT,Adani Enterprises Ltd,13.64,11.6,187927.97,58.87,10.41,0.061,0.0203,3.0082,6.82,14.35
ADANIENT,Adani Enterprises Ltd,13.64,11.6,187927.97,58.87,10.41,0.0614,0.0222,2.766,6.82,14.35
ADANIENT,Adani Enterprises Ltd,13.64,11.6,187927.97,58.87,10.41,0.0654,0.0194,3.3681,6.82,14.35
ADANIENT,Adani Enterprises Ltd,13.64,11.6,187927.97,58.87,10.41,0.0733,0.0171,4.2745,6.82,14.35
ADANIENT,Adani Enterprises Ltd,13.64,11.6,187927.97,58.87,10.41,0.0747,0.024,3.1155,6.82,14.35
ADANIENT,Adani Enterprises Ltd,13.64,11.6,187927.97,58.87,10.41,0.0853,0.0208,4.1096,6.82,14.35
ADANIENT,Adani Enterprises Ltd,13.64,11.6,187927.97,58.87,10.41,0.0893,0.0176,5.0808,6.82,14.35
ADANIENT,Adani Enterprises Ltd,13.64,11.6,187927.97,58.87,10.41,0.1114,0.0224,4.9713,6.82,14.35
ADANIENT,Adani Enterprises Ltd,13.64,11.6,196563.95,65.7,5.32,0.0343,0.0119,2.8826,6.82,14.35
ADANIENT,Adani Enterprises Ltd,13.64,11.6,196563.95,65.7,5.32,0.0354,0.0078,4.5642,6.82,14.35
ADANIENT,Adani Enterprises Ltd,13.64,11.6,196563.95,65.7,5.32,0.0394,0.0105,3.7382,6.82,14.35
ADANIENT,Adani Enterprises Ltd,13.64,11.6,196563.95,65.7,5.32,0.0569,0.0109,5.2286,6.82,14.35
ADANIENT,Adani Enterprises Ltd,13.64,11.6,196563.95,65.7,5.32,0.061,0.0203,3.0082,6.82,14.35
ADANIENT,Adani Enterprises Ltd,13.64,11.6,196563.95,65.7,5.32,0.0614,0.0222,2.766,6.82,14.35
ADANIENT,Adani Enterprises Ltd,13.64,11.6,196563.95,65.7,5.32,0.0654,0.0194,3.3681,6.82,14.35
ADANIENT,Adani Enterprises Ltd,13.64,11.6,196563.95,65.7,5.32,0.0733,0.0171,4.2745,6.82,14.35
ADANIENT,Adani Enterprises Ltd,13.64,11.6,196563.95,65.7,5.32,0.0747,0.024,3.1155,6.82,14.35
ADANIENT,Adani Enterprises Ltd,13.64,11.6,196563.95,65.7,5.32,0.0853,0.0208,4.1096,6.82,14.35
ADANIENT,Adani Enterprises Ltd,13.64,11.6,196563.95,65.7,5.32,0.0893,0.0176,5.0808,6.82,14.35
ADANIENT,Adani Enterprises Ltd,13.64,11.6,196563.95,65.7,5.32,0.1114,0.0224,4.9713,6.82,14.35
ADANIENT,Adani Enterprises Ltd,13.64,11.6,205258.66,72.59,8.25,0.0343,0.0119,2.8826,6.82,14.35
ADANIENT,Adani Enterprises Ltd,13.64,11.6,205258.66,72.59,8.25,0.0354,0.0078,4.5642,6.82,14.35
ADANIENT,Adani Enterprises Ltd,13.64,11.6,205258.66,72.59,8.25,0.0394,0.0105,3.7382,6.82,14.35
ADANIENT,Adani Enterprises Ltd,13.64,11.6,205258.66,72.59,8.25,0.0569,0.0109,5.2286,6.82,14.35
ADANIENT,Adani Enterprises Ltd,13.64,11.6,205258.66,72.59,8.25,0.061,0.0203,3.0082,6.82,14.35
ADANIENT,Adani Enterprises Ltd,13.64,11.6,205258.66,72.59,8.25,0.0614,0.0222,2.766,6.82,14.35
ADANIENT,Adani Enterprises Ltd,13.64,11.6,205258.66,72.59,8.25,0.0654,0.0194,3.3681,6.82,14.35
ADANIENT,Adani Enterprises Ltd,13.64,11.6,205258.66,72.59,8.25,0.0733,0.0171,4.2745,6.82,14.35
ADANIENT,Adani Enterprises Ltd,13.64,11.6,205258.66,72.59,8.25,0.0747,0.024,3.1155,6.82,14.35
ADANIENT,Adani Enterprises Ltd,13.64,11.6,205258.66,72.59,8.25,0.0853,0.0208,4.1096,6.82,14.35
ADANIENT,Adani Enterprises Ltd,13.64,11.6,205258.66,72.59,8.25,0.0893,0.0176,5.0808,6.82,14.35
ADANIENT,Adani Enterprises Ltd,13.64,11.6,205258.66,72.59,8.25,0.1114,0.0224,4.9713,6.82,14.35
ADANIENT,Adani Enterprises Ltd,13.64,11.6,217309.44,36.71,2.39,0.0343,0.0119,2.8826,6.82,14.35
ADANIENT,Adani Enterprises Ltd,13.64,11.6,217309.44,36.71,2.39,0.0354,0.0078,4.5642,6.82,14.35
ADANIENT,Adani Enterprises Ltd,13.64,11.6,217309.44,36.71,2.39,0.0394,0.0105,3.7382,6.82,14.35
ADANIENT,Adani Enterprises Ltd,13.64,11.6,217309.44,36.71,2.39,0.0569,0.0109,5.2286,6.82,14.35
ADANIENT,Adani Enterprises Ltd,13.64,11.6,217309.44,36.71,2.39,0.061,0.0203,3.0082,6.82,14.35
ADANIENT,Adani Enterprises Ltd,13.64,11.6,217309.44,36.71,2.39,0.0614,0.0222,2.766,6.82,14.35
ADANIENT,Adani Enterprises Ltd,13.64,11.6,217309.44,36.71,2.39,0.0654,0.0194,3.3681,6.82,14.35
ADANIENT,Adani Enterprises Ltd,13.64,11.6,217309.44,36.71,2.39,0.0733,0.0171,4.2745,6.82,14.35
ADANIENT,Adani Enterprises Ltd,13.64,11.6,217309.44,36.71,2.39,0.0747,0.024,3.1155,6.82,14.35
ADANIENT,Adani Enterprises Ltd,13.64,11.6,217309.44,36.71,2.39,0.0853,0.0208,4.1096,6.82,14.35
ADANIENT,Adani Enterprises Ltd,13.64,11.6,217309.44,36.71,2.39,0.0893,0.0176,5.0808,6.82,14.35
ADANIENT,Adani Enterprises Ltd,13.64,11.6,217309.44,36.71,2.39,0.1114,0.0224,4.9713,6.82,14.35
ADANIGREEN,Adani Green Energy Ltd,14.7,96.5,449015.01,9.89,6.92,-0.2457,-0.0324,7.583,46.72,
ADANIGREEN,Adani Green Energy Ltd,14.7,96.5,449015.01,9.89,6.92,-0.1029,-0.0088,11.7144,46.72,
ADANIGREEN,Adani Green Energy Ltd,14.7,96.5,449015.01,9.89,6.92,-0.0391,-0.0076,5.1205,46.72,
ADANIGREEN,Adani Green Energy Ltd,14.7,96.5,449015.01,9.89,6.92,-0.0289,-0.0037,7.8167,46.72,
ADANIGREEN,Adani Green Energy Ltd,14.7,96.5,449015.01,9.89,6.92,0.0827,0.0063,13.0418,46.72,
ADANIGREEN,Adani Green Energy Ltd,14.7,96.5,449015.01,9.89,6.92,0.1281,0.0143,8.9573,46.72,
ADANIGREEN,Adani Green Energy Ltd,14.7,96.5,449015.01,9.89,6.92,0.1332,0.0145,9.1606,46.72,
ADANIGREEN,Adani Green Energy Ltd,14.7,96.5,449015.01,9.89,6.92,0.1871,0.0083,22.5532,46.72,
ADANIGREEN,Adani Green Energy Ltd,14.7,96.5,485373.12,29.07,10.49,-0.2457,-0.0324,7.583,46.72,
ADANIGREEN,Adani Green Energy Ltd,14.7,96.5,485373.12,29.07,10.49,-0.1029,-0.0088,11.7144,46.72,
ADANIGREEN,Adani Green Energy Ltd,14.7,96.5,485373.12,29.07,10.49,-0.0391,-0.0076,5.1205,46.72,
ADANIGREEN,Adani Green Energy Ltd,14.7,96.5,485373.12,29.07,10.49,-0.0289,-0.0037,7.8167,46.72,
ADANIGREEN,Adani Green Energy Ltd,14.7,96.5,485373.12,29.07,10.49,0.0827,0.0063,13.0418,46.72,
ADANIGREEN,Adani Green Energy Ltd,14.7,96.5,485373.12,29.07,10.49,0.1281,0.0143,8.9573,46.72,
ADANIGREEN,Adani Green Energy Ltd,14.7,96.5,485373.12,29.07,10.49,0.1332,0.0145,9.1606,46.72,
ADANIGREEN,Adani Green Energy Ltd,14.7,96.5,485373.12,29.07,10.49,0.1871,0.0083,22.5532,46.72,
ADANIGREEN,Adani Green Energy Ltd,14.7,96.5,495446.05,37.61,5.59,-0.2457,-0.0324,7.583,46.72,
ADANIGREEN,Adani Green Energy Ltd,14.7,96.5,495446.05,37.61,5.59,-0.1029,-0.0088,11.7144,46.72,
ADANIGREEN,Adani Green Energy Ltd,14.7,96.5,495446.05,37.61,5.59,-0.0391,-0.0076,5.1205,46.72,
ADANIGREEN,Adani Green Energy Ltd,14.7,96.5,495446.05,37.61,5.59,-0.0289,-0.0037,7.8167,46.72,
ADANIGREEN,Adani Green Energy Ltd,14.7,96.5,495446.05,37.61,5.59,0.0827,0.0063,13.0418,46.72,
ADANIGREEN,Adani Green Energy Ltd,14.7,96.5,495446.05,37.61,5.59,0.1281,0.0143,8.9573,46.72,
ADANIGREEN,Adani Green Energy Ltd,14.7,96.5,495446.05,37.61,5.59,0.1332,0.0145,9.1606,46.72,
ADANIGREEN,Adani Green Energy Ltd,14.7,96.5,495446.05,37.61,5.59,0.1871,0.0083,22.5532,46.72,
ADANIGREEN,Adani Green Energy Ltd,14.7,96.5,510512.78,45.26,6.24,-0.2457,-0.0324,7.583,46.72,
ADANIGREEN,Adani Green Energy Ltd,14.7,96.5,510512.78,45.26,6.24,-0.1029,-0.0088,11.7144,46.72,
ADANIGREEN,Adani Green Energy Ltd,14.7,96.5,510512.78,45.26,6.24,-0.0391,-0.0076,5.1205,46.72,
ADANIGREEN,Adani Green Energy Ltd,14.7,96.5,510512.78,45.26,6.24,-0.0289,-0.0037,7.8167,46.72,
ADANIGREEN,Adani Green Energy Ltd,14.7,96.5,510512.78,45.26,6.24,0.0827,0.0063,13.0418,46.72,
ADANIGREEN,Adani Green Energy Ltd,14.7,96.5,510512.78,45.26,6.24,0.1281,0.0143,8.9573,46.72,
ADANIGREEN,Adani Green Energy Ltd,14.7,96.5,510512.78,45.26,6.24,0.1332,0.0145,9.1606,46.72,
ADANIGREEN,Adani Green Energy Ltd,14.7,96.5,510512.78,45.26,6.24,0.1871,0.0083,22.5532,46.72,
ADANIGREEN,Adani Green Energy Ltd,14.7,96.5,517543.72,72.14,14.91,-0.2457,-0.0324,7.583,46.72,
ADANIGREEN,Adani Green Energy Ltd,14.7,96.5,517543.72,72.14,14.91,-0.1029,-0.0088,11.7144,46.72,
ADANIGREEN,Adani Green Energy Ltd,14.7,96.5,517543.72,72.14,14.91,-0.0391,-0.0076,5.1205,46.72,
ADANIGREEN,Adani Green Energy Ltd,14.7,96.5,517543.72,72.14,14.91,-0.0289,-0.0037,7.8167,46.72,
ADANIGREEN,Adani Green Energy Ltd,14.7,96.5,517543.72,72.14,14.91,0.0827,0.0063,13.0418,46.72,
ADANIGREEN,Adani Green Energy Ltd,14.7,96.5,517543.72,72.14,14.91,0.1281,0.0143,8.9573,46.72,
ADANIGREEN,Adani Green Energy Ltd,14.7,96.5,517543.72,72.14,14.91,0.1332,0.0145,9.1606,46.72,
ADANIGREEN,Adani Green Energy Ltd,14.7,96.5,517543.72,72.14,14.91,0.1871,0.0083,22.5532,46.72,
ADANIGREEN,Adani Green Energy Ltd,14.7,96.5,519085.0,17.73,4.85,-0.2457,-0.0324,7.583,46.72,
ADANIGREEN,Adani Green Energy Ltd,14.7,96.5,519085.0,17.73,4.85,-0.1029,-0.0088,11.7144,46.72,
ADANIGREEN,Adani Green Energy Ltd,14.7,96.5,519085.0,17.73,4.85,-0.0391,-0.0076,5.1205,46.72,
ADANIGREEN,Adani Green Energy Ltd,14.7,96.5,519085.0,17.73,4.85,-0.0289,-0.0037,7.8167,46.72,
ADANIGREEN,Adani Green Energy Ltd,14.7,96.5,519085.0,17.73,4.85,0.0827,0.0063,13.0418,46.72,
ADANIGREEN,Adani Green Energy Ltd,14.7,96.5,519085.0,17.73,4.85,0.1281,0.0143,8.9573,46.72,
ADANIGREEN,Adani Green Energy Ltd,14.7,96.5,519085.0,17.73,4.85,0.1332,0.0145,9.1606,46.72,
ADANIGREEN,Adani Green Energy Ltd,14.7,96.5,519085.0,17.73,4.85,0.1871,0.0083,22.5532,46.72,
ADANIPORTS,"Adani Ports & Special Economic Zone Ltd
",18.1,12.9,611152.14,77.47,0.9,0.1184,0.0504,2.3512,8.65,7.39
ADANIPORTS,"Adani Ports & Special Economic Zone Ltd
",18.1,12.9,611152.14,77.47,0.9,0.1184,0.0504,2.3512,8.65,7.39
ADANIPORTS,"Adani Ports & Special Economic Zone Ltd
",18.1,12.9,611152.14,77.47,0.9,0.1188,0.0479,2.48,8.65,7.39
ADANIPORTS,"Adani Ports & Special Economic Zone Ltd
",18.1,12.9,611152.14,77.47,0.9,0.1188,0.0479,2.48,8.65,7.39
ADANIPORTS,"Adani Ports & Special Economic Zone Ltd
",18.1,12.9,611152.14,77.47,0.9,0.1487,0.0611,2.4322,8.65,7.39
ADANIPORTS,"Adani Ports & Special Economic Zone Ltd
",18.1,12.9,611152.14,77.47,0.9,0.1487,0.0611,2.4322,8.65,7.39
ADANIPORTS,"Adani Ports & Special Economic Zone Ltd
",18.1,12.9,611152.14,77.47,0.9,0.1535,0.0693,2.2168,8.65,7.39
ADANIPORTS,"Adani Ports & Special Economic Zone Ltd
",18.1,12.9,611152.14,77.47,0.9,0.1535,0.0693,2.2168,8.65,7.39
ADANIPORTS,"Adani Ports & Special Economic Zone Ltd
",18.1,12.9,611152.14,77.47,0.9,0.1659,0.0677,2.4501,8.65,7.39
ADANIPORTS,"Adani Ports & Special Economic Zone Ltd
",18.1,12.9,611152.14,77.47,0.9,0.1659,0.0677,2.4501,8.65,7.39
ADANIPORTS,"Adani Ports & Special Economic Zone Ltd
",18.1,12.9,611152.14,77.47,0.9,0.166,0.0718,2.3105,8.65,7.39
ADANIPORTS,"Adani Ports & Special Economic Zone Ltd
",18.1,12.9,611152.14,77.47,0.9,0.166,0.0718,2.3105,8.65,7.39
ADANIPORTS,"Adani Ports & Special Economic Zone Ltd
",18.1,12.9,611152.14,77.47,0.9,0.1765,0.0781,2.2596,8.65,7.39
ADANIPORTS,"Adani Ports & Special Economic Zone Ltd
",18.1,12.9,611152.14,77.47,0.9,0.1765,0.0781,2.2596,8.65,7.39
ADANIPORTS,"Adani Ports & Special Economic Zone Ltd
",18.1,12.9,611152.14,77.47,0.9,0.1986,0.0706,2.8154,8.65,7.39
ADANIPORTS,"Adani Ports & Special Economic Zone Ltd
",18.1,12.9,611152.14,77.47,0.9,0.1986,0.0706,2.8154,8.65,7.39
ADANIPORTS,"Adani Ports & Special Economic Zone Ltd
",18.1,12.9,611152.14,77.47,0.9,0.2115,0.0744,2.8423,8.65,7.39
ADANIPORTS,"Adani Ports & Special Economic Zone Ltd
",18.1,12.9,611152.14,77.47,0.9,0.2115,0.0744,2.8423,8.65,7.39
ADANIPORTS,"Adani Ports & Special Economic Zone Ltd
",18.1,12.9,611152.14,77.47,0.9,0.2159,0.0724,2.9802,8.65,7.39
ADANIPORTS,"Adani Ports & Special Economic Zone Ltd
",18.1,12.9,611152.14,77.47,0.9,0.2159,0.0724,2.9802,8.65,7.39
ADANIPORTS,"Adani Ports & Special Economic Zone Ltd
",18.1,12.9,611152.14,77.47,0.9,0.2226,0.09,2.4746,8.65,7.39
ADANIPORTS,"Adani Ports & Special Economic Zone Ltd
",18.1,12.9,611152.14,77.47,0.9,0.2226,0.09,2.4746,8.65,7.39
ADANIPORTS,"Adani Ports & Special Economic Zone Ltd
",18.1,12.9,611152.14,77.47,0.9,0.2563,0.0779,3.2898,8.65,7.39
ADANIPORTS,"Adani Ports & Special Economic Zone Ltd
",18.1,12.9,611152.14,77.47,0.9,0.2563,0.0779,3.2898,8.65,7.39
ADANIPORTS,"Adani Ports & Special Economic Zone Ltd
",18.1,12.9,634603.85,29.48,7.65,0.1184,0.0504,2.3512,8.65,7.39
ADANIPORTS,"Adani Ports & Special Economic Zone Ltd
",18.1,12.9,634603.85,29.48,7.65,0.1184,0.0504,2.3512,8.65,7.39
ADANIPORTS,"Adani Ports & Special Economic Zone Ltd
",18.1,12.9,634603.85,29.48,7.65,0.1188,0.0479,2.48,8.65,7.39
ADANIPORTS,"Adani Ports & Special Economic Zone Ltd
",18.1,12.9,634603.85,29.48,7.65,0.1188,0.0479,2.48,8.65,7.39
ADANIPORTS,"Adani Ports & Special Economic Zone Ltd
",18.1,12.9,634603.85,29.48,7.65,0.1487,0.0611,2.4322,8.65,7.39
ADANIPORTS,"Adani Ports & Special Economic Zone Ltd
",18.1,12.9,634603.85,29.48,7.65,0.1487,0.0611,2.4322,8.65,7.39
ADANIPORTS,"Adani Ports & Special Economic Zone Ltd
",18.1,12.9,634603.85,29.48,7.65,0.1535,0.0693,2.2168,8.65,7.39
ADANIPORTS,"Adani Ports & Special Economic Zone Ltd
",18.1,12.9,634603.85,29.48,7.65,0.1535,0.0693,2.2168,8.65,7.39
ADANIPORTS,"Adani Ports & Special Economic Zone Ltd
",18.1,12.9,634603.85,29.48,7.65,0.1659,0.0677,2.4501,8.65,7.39
ADANIPORTS,"Adani Ports & Special Economic Zone Ltd
",18.1,12.9,634603.85,29.48,7.65,0.1659,0.0677,2.4501,8.65,7.39
ADANIPORTS,"Adani Ports & Special Economic Zone Ltd
",18.1,12.9,634603.85,29.48,7.65,0.166,0.0718,2.3105,8.65,7.39
ADANIPORTS,"Adani Ports & Special Economic Zone Ltd
",18.1,12.9,634603.85,29.48,7.65,0.166,0.0718,2.3105,8.65,7.39
ADANIPORTS,"Adani Ports & Special Economic Zone Ltd
",18.1,12.9,634603.85,29.48,7.65,0.1765,0.0781,2.2596,8.65,7.39
ADANIPORTS,"Adani Ports & Special Economic Zone Ltd
",18.1,12.9,634603.85,29.48,7.65,0.1765,0.0781,2.2596,8.65,7.39
ADANIPORTS,"Adani Ports & Special Economic Zone Ltd
",18.1,12.9,634603.85,29.48,7.65,0.1986,0.0706,2.8154,8.65,7.39
ADANIPORTS,"Adani Ports & Special Economic Zone Ltd
",18.1,12.9,634603.85,29.48,7.65,0.1986,0.0706,2.8154,8.65,7.39
ADANIPORTS,"Adani Ports & Special Economic Zone Ltd
",18.1,12.9,634603.85,29.48,7.65,0.2115,0.0744,2.8423,8.65,7.39
ADANIPORTS,"Adani Ports & Special Economic Zone Ltd
",18.1,12.9,634603.85,29.48,7.65,0.2115,0.0744,2.8423,8.65,7.39
ADANIPORTS,"Adani Ports & Special Economic Zone Ltd
",18.1,12.9,634603.85,29.48,7.65,0.2159,0.0724,2.9802,8.65,7.39
ADANIPORTS,"Adani Ports & Special Economic Zone Ltd
",18.1,12.9,634603.85,29.48,7.65,0.2159,0.0724,2.9802,8.65,7.39
ADANIPORTS,"Adani Ports & Special Economic Zone Ltd
",18.1,12.9,634603.85,29.48,7.65,0.2226,0.09,2.4746,8.65,7.39
ADANIPORTS,"Adani Ports & Special Economic Zone Ltd
",18.1,12.9,634603.85,29.48,7.65,0.2226,0.09,2.4746,8.65,7.39
ADANIPORTS,"Adani Ports & Special Economic Zone Ltd
",18.1,12.9,634603.85,29.48,7.65,0.2563,0.0779,3.2898,8.65,7.39
ADANIPORTS,"Adani Ports & Special Economic Zone Ltd
",18.1,12.9,634603.85,29.48,7.65,0.2563,0.0779,3.2898,8.65,7.39
ADANIPORTS,"Adani Ports & Special Economic Zone Ltd
",18.1,12.9,675598.01,48.9,2.31,0.1184,0.0504,2.3512,8.65,7.39
ADANIPORTS,"Adani Ports & Special Economic Zone Ltd
",18.1,12.9,675598.01,48.9,2.31,0.1184,0.0504,2.3512,8.65,7.39
ADANIPORTS,"Adani Ports & Special Economic Zone Ltd
",18.1,12.9,675598.01,48.9,2.31,0.1188,0.0479,2.48,8.65,7.39
ADANIPORTS,"Adani Ports & Special Economic Zone Ltd
",18.1,12.9,675598.01,48.9,2.31,0.1188,0.0479,2.48,8.65,7.39
ADANIPORTS,"Adani Ports & Special Economic Zone Ltd
",18.1,12.9,675598.01,48.9,2.31,0.1487,0.0611,2.4322,8.65,7.39
ADANIPORTS,"Adani Ports & Special Economic Zone Ltd
",18.1,12.9,675598.01,48.9,2.31,0.1487,0.0611,2.4322,8.65,7.39
ADANIPORTS,"Adani Ports & Special Economic Zone Ltd
",18.1,12.9,675598.01,48.9,2.31,0.1535,0.0693,2.2168,8.65,7.39
ADANIPORTS,"Adani Ports & Special Economic Zone Ltd
",18.1,12.9,675598.01,48.9,2.31,0.1535,0.0693,2.2168,8.65,7.39
ADANIPORTS,"Adani Ports & Special Economic Zone Ltd
",18.1,12.9,675598.01,48.9,2.31,0.1659,0.0677,2.4501,8.65,7.39
ADANIPORTS,"Adani Ports & Special Economic Zone Ltd
",18.1,12.9,675598.01,48.9,2.31,0.1659,0.0677,2.4501,8.65,7.39
ADANIPORTS,"Adani Ports & Special Economic Zone Ltd
",18.1,12.9,675598.01,48.9,2.31,0.166,0.0718,2.3105,8.65,7.39
ADANIPORTS,"Adani Ports & Special Economic Zone Ltd
",18.1,12.9,675598.01,48.9,2.31,0.166,0.0718,2.3105,8.65,7.39
ADANIPORTS,"Adani Ports & Special Economic Zone Ltd
",18.1,12.9,675598.01,48.9,2.31,0.1765,0.0781,2.2596,8.65,7.39
ADANIPORTS,"Adani Ports & Special Economic Zone Ltd
",18.1,12.9,675598.01,48.9,2.31,0.1765,0.0781,2.2596,8.65,7.39
ADANIPORTS,"Adani Ports & Special Economic Zone Ltd
",18.1,12.9,675598.01,48.9,2.31,0.1986,0.0706,2.8154,8.65,7.39
ADANIPORTS,"Adani Ports & Special Economic Zone Ltd
",18.1,12.9,675598.01,48.9,2.31,0.1986,0.0706,2.8154,8.65,7.39
ADANIPORTS,"Adani Ports & Special Economic Zone Ltd
",18.1,12.9,675598.01,48.9,2.31,0.2115,0.0744,2.8423,8.65,7.39
ADANIPORTS,"Adani Ports & Special Economic Zone Ltd
",18.1,12.9,675598.01,48.9,2.31,0.2115,0.0744,2.8423,8.65,7.39
ADANIPORTS,"Adani Ports & Special Economic Zone Ltd
",18.1,12.9,675598.01,48.9,2.31,0.2159,0.0724,2.9802,8.65,7.39
ADANIPORTS,"Adani Ports & Special Economic Zone Ltd
",18.1,12.9,675598.01,48.9,2.31,0.2159,0.0724,2.9802,8.65,7.39
ADANIPORTS,"Adani Ports & Special Economic Zone Ltd
",18.1,12.9,675598.01,48.9,2.31,0.2226,0.09,2.4746,8.65,7.39
ADANIPORTS,"Adani Ports & Special Economic Zone Ltd
",18.1,12.9,675598.01,48.9,2.31,0.2226,0.09,2.4746,8.65,7.39
ADANIPORTS,"Adani Ports & Special Economic Zone Ltd
",18.1,12.9,675598.01,48.9,2.31,0.2563,0.0779,3.2898,8.65,7.39
ADANIPORTS,"Adani Ports & Special Economic Zone Ltd
",18.1,12.9,675598.01,48.9,2.31,0.2563,0.0779,3.2898,8.65,7.39
ADANIPORTS,"Adani Ports & Special Economic Zone Ltd
",18.1,12.9,697221.18,50.76,1.64,0.1184,0.0504,2.3512,8.65,7.39
ADANIPORTS,"Adani Ports & Special Economic Zone Ltd
",18.1,12.9,697221.18,50.76,1.64,0.1184,0.0504,2.3512,8.65,7.39
ADANIPORTS,"Adani Ports & Special Economic Zone Ltd
",18.1,12.9,697221.18,50.76,1.64,0.1188,0.0479,2.48,8.65,7.39
ADANIPORTS,"Adani Ports & Special Economic Zone Ltd
",18.1,12.9,697221.18,50.76,1.64,0.1188,0.0479,2.48,8.65,7.39
ADANIPORTS,"Adani Ports & Special Economic Zone Ltd
",18.1,12.9,697221.18,50.76,1.64,0.1487,0.0611,2.4322,8.65,7.39
ADANIPORTS,"Adani Ports & Special Economic Zone Ltd
",18.1,12.9,697221.18,50.76,1.64,0.1487,0.0611,2.4322,8.65,7.39
ADANIPORTS,"Adani Ports & Special Economic Zone Ltd
",18.1,12.9,697221.18,50.76,1.64,0.1535,0.0693,2.2168,8.65,7.39
ADANIPORTS,"Adani Ports & Special Economic Zone Ltd
",18.1,12.9,697221.18,50.76,1.64,0.1535,0.0693,2.2168,8.65,7.39
ADANIPORTS,"Adani Ports & Special Economic Zone Ltd
",18.1,12.9,697221.18,50.76,1.64,0.1659,0.0677,2.4501,8.65,7.39
ADANIPORTS,"Adani Ports & Special Economic Zone Ltd
",18.1,12.9,697221.18,50.76,1.64,0.1659,0.0677,2.4501,8.65,7.39
ADANIPORTS,"Adani Ports & Special Economic Zone Ltd
",18.1,12.9,697221.18,50.76,1.64,0.166,0.0718,2.3105,8.65,7.39
ADANIPORTS,"Adani Ports & Special Economic Zone Ltd
",18.1,12.9,697221.18,50.76,1.64,0.166,0.0718,2.3105,8.65,7.39
ADANIPORTS,"Adani Ports & Special Economic Zone Ltd
",18.1,12.9,697221.18,50.76,1.64,0.1765,0.0781,2.2596,8.65,7.39
ADANIPORTS,"Adani Ports & Special Economic Zone Ltd
",18.1,12.9,697221.18,50.76,1.64,0.1765,0.0781,2.2596,8.65,7.39
ADANIPORTS,"Adani Ports & Special Economic Zone Ltd
",18.1,12.9,697221.18,50.76,1.64,0.1986,0.0706,2.8154,8.65,7.39
ADANIPORTS,"Adani Ports & Special Economic Zone Ltd
",18.1,12.9,697221.18,50.76,1.64,0.1986,0.0706,2.8154,8.65,7.39
ADANIPORTS,"Adani Ports & Special Economic Zone Ltd
",18.1,12.9,697221.18,50.76,1.64,0.2115,0.0744,2.8423,8.65,7.39
ADANIPORTS,"Adani Ports & Special Economic Zone Ltd
",18.1,12.9,697221.18,50.76,1.64,0.2115,0.0744,2.8423,8.65,7.39
ADANIPORTS,"Adani Ports & Special Economic Zone Ltd
",18.1,12.9,697221.18,50.76,1.64,0.2159,0.0724,2.9802,8.65,7.39
ADANIPORTS,"Adani Ports & Special Economic Zone Ltd
",18.1,12.9,697221.18,50.76,1.64,0.2159,0.0724,2.9802,8.65,7.39
ADANIPORTS,"Adani Ports & Special Economic Zone Ltd
",18.1,12.9,697221.18,50.76,1.64,0.2226,0.09,2.4746,8.65,7.39
ADANIPORTS,"Adani Ports & Special Economic Zone Ltd
",18.1,12.9,697221.18,50.76,1.64,0.2226,0.09,2.4746,8.65,7.39
ADANIPORTS,"Adani Ports & Special Economic Zone Ltd
",18.1,12.9,697221.18,50.76,1.64,0.2563,0.0779,3.2898,8.65,7.39
ADANIPORTS,"Adani Ports & Special Economic Zone Ltd
",18.1,12.9,697221.18,50.76,1.64,0.2563,0.0779,3.2898,8.65,7.39
ADANIPORTS,"Adani Ports & Special Economic Zone Ltd
",18.1,12.9,702836.27,53.52,5.91,0.1184,0.0504,2.3512,8.65,7.39
ADANIPORTS,"Adani Ports & Special Economic Zone Ltd
",18.1,12.9,702836.27,53.52,5.91,0.1184,0.0504,2.3512,8.65,7.39
ADANIPORTS,"Adani Ports & Special Economic Zone Ltd
",18.1,12.9,702836.27,53.52,5.91,0.1188,0.0479,2.48,8.65,7.39
ADANIPORTS,"Adani Ports & Special Economic Zone Ltd
",18.1,12.9,702836.27,53.52,5.91,0.1188,0.0479,2.48,8.65,7.39
ADANIPORTS,"Adani Ports & Special Economic Zone Ltd
",18.1,12.9,702836.27,53.52,5.91,0.1487,0.0611,2.4322,8.65,7.39
ADANIPORTS,"Adani Ports & Special Economic Zone Ltd
",18.1,12.9,702836.27,53.52,5.91,0.1487,0.0611,2.4322,8.65,7.39
ADANIPORTS,"Adani Ports & Special Economic Zone Ltd
",18.1,12.9,702836.27,53.52,5.91,0.1535,0.0693,2.2168,8.65,7.39
ADANIPORTS,"Adani Ports & Special Economic Zone Ltd
",18.1,12.9,702836.27,53.52,5.91,0.1535,0.0693,2.2168,8.65,7.39
ADANIPORTS,"Adani Ports & Special Economic Zone Ltd
",18.1,12.9,702836.27,53.52,5.91,0.1659,0.0677,2.4501,8.65,7.39
ADANIPORTS,"Adani Ports & Special Economic Zone Ltd
",18.1,12.9,702836.27,53.52,5.91,0.1659,0.0677,2.4501,8.65,7.39
ADANIPORTS,"Adani Ports & Special Economic Zone Ltd
",18.1,12.9,702836.27,53.52,5.91,0.166,0.0718,2.3105,8.65,7.39
ADANIPORTS,"Adani Ports & Special Economic Zone Ltd
",18.1,12.9,702836.27,53.52,5.91,0.166,0.0718,2.3105,8.65,7.39
ADANIPORTS,"Adani Ports & Special Economic Zone Ltd
",18.1,12.9,702836.27,53.52,5.91,0.1765,0.0781,2.2596,8.65,7.39
ADANIPORTS,"Adani Ports & Special Economic Zone Ltd
",18.1,12.9,702836.27,53.52,5.91,0.1765,0.0781,2.2596,8.65,7.39
ADANIPORTS,"Adani Ports & Special Economic Zone Ltd
",18.1,12.9,702836.27,53.52,5.91,0.1986,0.0706,2.8154,8.65,7.39
ADANIPORTS,"Adani Ports & Special Economic Zone Ltd
",18.1,12.9,702836.27,53.52,5.91,0.1986,0.0706,2.8154,8.65,7.39
ADANIPORTS,"Adani Ports & Special Economic Zone Ltd
",18.1,12.9,702836.27,53.52,5.91,0.2115,0.0744,2.8423,8.65,7.39
ADANIPORTS,"Adani Ports & Special Economic Zone Ltd
",18.1,12.9,702836.27,53.52,5.91,0.2115,0.0744,2.8423,8.65,7.39
ADANIPORTS,"Adani Ports & Special Economic Zone Ltd
",18.1,12.9,702836.27,53.52,5.91,0.2159,0.0724,2.9802,8.65,7.39
ADANIPORTS,"Adani Ports & Special Economic Zone Ltd
",18.1,12.9,702836.27,53.52,5.91,0.2159,0.0724,2.9802,8.65,7.39
ADANIPORTS,"Adani Ports & Special Economic Zone Ltd
",18.1,12.9,702836.27,53.52,5.91,0.2226,0.09,2.4746,8.65,7.39
ADANIPORTS,"Adani Ports & Special Economic Zone Ltd
",18.1,12.9,702836.27,53.52,5.91,0.2226,0.09,2.4746,8.65,7.39
ADANIPORTS,"Adani Ports & Special Economic Zone Ltd
",18.1,12.9,702836.27,53.52,5.91,0.2563,0.0779,3.2898,8.65,7.39
ADANIPORTS,"Adani Ports & Special Economic Zone Ltd
",18.1,12.9,702836.27,53.52,5.91,0.2563,0.0779,3.2898,8.65,7.39
ADANIPORTS,"Adani Ports & Special Economic Zone Ltd
",18.1,12.9,733808.16,15.26,3.96,0.1184,0.0504,2.3512,8.65,7.39
ADANIPORTS,"Adani Ports & Special Economic Zone Ltd
",18.1,12.9,733808.16,15.26,3.96,0.1184,0.0504,2.3512,8.65,7.39
ADANIPORTS,"Adani Ports & Special Economic Zone Ltd
",18.1,12.9,733808.16,15.26,3.96,0.1188,0.0479,2.48,8.65,7.39
ADANIPORTS,"Adani Ports & Special Economic Zone Ltd
",18.1,12.9,733808.16,15.26,3.96,0.1188,0.0479,2.48,8.65,7.39
ADANIPORTS,"Adani Ports & Special Economic Zone Ltd
",18.1,12.9,733808.16,15.26,3.96,0.1487,0.0611,2.4322,8.65,7.39
ADANIPORTS,"Adani Ports & Special Economic Zone Ltd
",18.1,12.9,733808.16,15.26,3.96,0.1487,0.0611,2.4322,8.65,7.39
ADANIPORTS,"Adani Ports & Special Economic Zone Ltd
",18.1,12.9,733808.16,15.26,3.96,0.1535,0.0693,2.2168,8.65,7.39
ADANIPORTS,"Adani Ports & Special Economic Zone Ltd
",18.1,12.9,733808.16,15.26,3.96,0.1535,0.0693,2.2168,8.65,7.39
ADANIPORTS,"Adani Ports & Special Economic Zone Ltd
",18.1,12.9,733808.16,15.26,3.96,0.1659,0.0677,2.4501,8.65,7.39
ADANIPORTS,"Adani Ports & Special Economic Zone Ltd
",18.1,12.9,733808.16,15.26,3.96,0.1659,0.0677,2.4501,8.65,7.39
ADANIPORTS,"Adani Ports & Special Economic Zone Ltd
",18.1,12.9,733808.16,15.26,3.96,0.166,0.0718,2.3105,8.65,7.39
ADANIPORTS,"Adani Ports & Special Economic Zone Ltd
",18.1,12.9,733808.16,15.26,3.96,0.166,0.0718,2.3105,8.65,7.39
ADANIPORTS,"Adani Ports & Special Economic Zone Ltd
",18.1,12.9,733808.16,15.26,3.96,0.1765,0.0781,2.2596,8.65,7.39
ADANIPORTS,"Adani Ports & Special Economic Zone Ltd
",18.1,12.9,733808.16,15.26,3.96,0.1765,0.0781,2.2596,8.65,7.39
ADANIPORTS,"Adani Ports & Special Economic Zone Ltd
",18.1,12.9,733808.16,15.26,3.96,0.1986,0.0706,2.8154,8.65,7.39
ADANIPORTS,"Adani Ports & Special Economic Zone Ltd
",18.1,12.9,733808.16,15.26,3.96,0.1986,0.0706,2.8154,8.65,7.39
ADANIPORTS,"Adani Ports & Special Economic Zone Ltd
",18.1,12.9,733808.16,15.26,3.96,0.2115,0.0744,2.8423,8.65,7.39
ADANIPORTS,"Adani Ports & Special Economic Zone Ltd
",18.1,12.9,733808.16,15.26,3.96,0.2115,0.0744,2.8423,8.65,7.39
ADANIPORTS,"Adani Ports & Special Economic Zone Ltd
",18.1,12.9,733808.16,15.26,3.96,0.2159,0.0724,2.9802,8.65,7.39
ADANIPORTS,"Adani Ports & Special Economic Zone Ltd
",18.1,12.9,733808.16,15.26,3.96,0.2159,0.0724,2.9802,8.65,7.39
ADANIPORTS,"Adani Ports & Special Economic Zone Ltd
",18.1,12.9,733808.16,15.26,3.96,0.2226,0.09,2.4746,8.65,7.39
ADANIPORTS,"Adani Ports & Special Economic Zone Ltd
",18.1,12.9,733808.16,15.26,3.96,0.2226,0.09,2.4746,8.65,7.39
ADANIPORTS,"Adani Ports & Special Economic Zone Ltd
",18.1,12.9,733808.16,15.26,3.96,0.2563,0.0779,3.2898,8.65,7.39
ADANIPORTS,"Adani Ports & Special Economic Zone Ltd
",18.1,12.9,733808.16,15.26,3.96,0.2563,0.0779,3.2898,8.65,7.39
ADANIPOWER,Adani Power Ltd,57.1,32.2,986259.76,66.6,14.89,-2.3656,-0.0302,78.2092,19.12,
ADANIPOWER,Adani Power Ltd,57.1,32.2,986259.76,66.6,14.89,-2.058,-0.0863,23.837,19.12,
ADANIPOWER,Adani Power Ltd,57.1,32.2,986259.76,66.6,14.89,-0.5346,-0.042,12.7389,19.12,
ADANIPOWER,Adani Power Ltd,57.1,32.2,986259.76,66.6,14.89,-0.351,-0.0303,11.5761,19.12,
ADANIPOWER,Adani Power Ltd,57.1,32.2,986259.76,66.6,14.89,-0.1425,-0.014,10.2138,19.12,
ADANIPOWER,Adani Power Ltd,57.1,32.2,986259.76,66.6,14.89,-0.1276,-0.0145,8.8155,19.12,
ADANIPOWER,Adani Power Ltd,57.1,32.2,986259.76,66.6,14.89,-0.0445,-0.005,8.9774,19.12,
ADANIPOWER,Adani Power Ltd,57.1,32.2,986259.76,66.6,14.89,0.0738,0.0073,10.1492,19.12,
ADANIPOWER,Adani Power Ltd,57.1,32.2,986259.76,66.6,14.89,0.0969,0.0161,6.0098,19.12,
ADANIPOWER,Adani Power Ltd,57.1,32.2,986259.76,66.6,14.89,0.2661,0.0599,4.4417,19.12,
ADANIPOWER,Adani Power Ltd,57.1,32.2,986259.76,66.6,14.89,0.3591,0.125,2.8726,19.12,
ADANIPOWER,Adani Power Ltd,57.1,32.2,986259.76,66.6,14.89,0.4828,0.2264,2.1326,19.12,
ADANIPOWER,Adani Power Ltd,57.1,32.2,1042747.57,52.23,2.28,-2.3656,-0.0302,78.2092,19.12,
ADANIPOWER,Adani Power Ltd,57.1,32.2,1042747.57,52.23,2.28,-2.058,-0.0863,23.837,19.12,
ADANIPOWER,Adani Power Ltd,57.1,32.2,1042747.57,52.23,2.28,-0.5346,-0.042,12.7389,19.12,
ADANIPOWER,Adani Power Ltd,57.1,32.2,1042747.57,52.23,2.28,-0.351,-0.0303,11.5761,19.12,
ADANIPOWER,Adani Power Ltd,57.1,32.2,1042747.57,52.23,2.28,-0.1425,-0.014,10.2138,19.12,
ADANIPOWER,Adani Power Ltd,57.1,32.2,1042747.57,52.23,2.28,-0.1276,-0.0145,8.8155,19.12,
ADANIPOWER,Adani Power Ltd,57.1,32.2,1042747.57,52.23,2.28,-0.0445,-0.005,8.9774,19.12,
ADANIPOWER,Adani Power Ltd,57.1,32.2,1042747.57,52.23,2.28,0.0738,0.0073,10.1492,19.12,
ADANIPOWER,Adani Power Ltd,57.1,32.2,1042747.57,52.23,2.28,0.0969,0.0161,6.0098,19.12,
ADANIPOWER,Adani Power Ltd,57.1,32.2,1042747.57,52.23,2.28,0.2661,0.0599,4.4417,19.12,
ADANIPOWER,Adani Power Ltd,57.1,32.2,1042747.57,52.23,2.28,0.3591,0.125,2.8726,19.12,
ADANIPOWER,Adani Power Ltd,57.1,32.2,1042747.57,52.23,2.28,0.4828,0.2264,2.1326,19.12,
ADANIPOWER,Adani Power Ltd,57.1,32.2,1074636.56,33.86,8.51,-2.3656,-0.0302,78.2092,19.12,
ADANIPOWER,Adani Power Ltd,57.1,32.2,1074636.56,33.86,8.51,-2.058,-0.0863,23.837,19.12,
ADANIPOWER,Adani Power Ltd,57.1,32.2,1074636.56,33.86,8.51,-0.5346,-0.042,12.7389,19.12,
ADANIPOWER,Adani Power Ltd,57.1,32.2,1074636.56,33.86,8.51,-0.351,-0.0303,11.5761,19.12,
ADANIPOWER,Adani Power Ltd,57.1,32.2,1074636.56,33.86,8.51,-0.1425,-0.014,10.2138,19.12,
ADANIPOWER,Adani Power Ltd,57.1,32.2,1074636.56,33.86,8.51,-0.1276,-0.0145,8.8155,19.12,
ADANIPOWER,Adani Power Ltd,57.1,32.2,1074636.56,33.86,8.51,-0.0445,-0.005,8.9774,19.12,
ADANIPOWER,Adani Power Ltd,57.1,32.2,1074636.56,33.86,8.51,0.0738,0.0073,10.1492,19.12,
ADANIPOWER,Adani Power Ltd,57.1,32.2,1074636.56,33.86,8.51,0.0969,0.0161,6.0098,19.12,
ADANIPOWER,Adani Power Ltd,57.1,32.2,1074636.56,33.86,8.51,0.2661,0.0599,4.4417,19.12,
ADANIPOWER,Adani Power Ltd,57.1,32.2,1074636.56,33.86,8.51,0.3591,0.125,2.8726,19.12,
ADANIPOWER,Adani Power Ltd,57.1,32.2,1074636.56,33.86,8.51,0.4828,0.2264,2.1326,19.12,
ADANIPOWER,Adani Power Ltd,57.1,32.2,1117866.08,66.83,5.7,-2.3656,-0.0302,78.2092,19.12,
ADANIPOWER,Adani Power Ltd,57.1,32.2,1117866.08,66.83,5.7,-2.058,-0.0863,23.837,19.12,
ADANIPOWER,Adani Power Ltd,57.1,32.2,1117866.08,66.83,5.7,-0.5346,-0.042,12.7389,19.12,
ADANIPOWER,Adani Power Ltd,57.1,32.2,1117866.08,66.83,5.7,-0.351,-0.0303,11.5761,19.12,
ADANIPOWER,Adani Power Ltd,57.1,32.2,1117866.08,66.83,5.7,-0.1425,-0.014,10.2138,19.12,
ADANIPOWER,Adani Power Ltd,57.1,32.2,1117866.08,66.83,5.7,-0.1276,-0.0145,8.8155,19.12,
ADANIPOWER,Adani Power Ltd,57.1,32.2,1117866.08,66.83,5.7,-0.0445,-0.005,8.9774,19.12,
ADANIPOWER,Adani Power Ltd,57.1,32.2,1117866.08,66.83,5.7,0.0738,0.0073,10.1492,19.12,
ADANIPOWER,Adani Power Ltd,57.1,32.2,1117866.08,66.83,5.7,0.0969,0.0161,6.0098,19.12,
ADANIPOWER,Adani Power Ltd,57.1,32.2,1117866.08,66.83,5.7,0.2661,0.0599,4.4417,19.12,
ADANIPOWER,Adani Power Ltd,57.1,32.2,1117866.08,66.83,5.7,0.3591,0.125,2.8726,19.12,
ADANIPOWER,Adani Power Ltd,57.1,32.2,1117866.08,66.83,5.7,0.4828,0.2264,2.1326,19.12,
ADANIPOWER,Adani Power Ltd,57.1,32.2,1188256.85,27.22,4.37,-2.3656,-0.0302,78.2092,19.12,
ADANIPOWER,Adani Power Ltd,57.1,32.2,1188256.85,27.22,4.37,-2.058,-0.0863,23.837,19.12,
ADANIPOWER,Adani Power Ltd,57.1,32.2,1188256.85,27.22,4.37,-0.5346,-0.042,12.7389,19.12,
ADANIPOWER,Adani Power Ltd,57.1,32.2,1188256.85,27.22,4.37,-0.351,-0.0303,11.5761,19.12,
ADANIPOWER,Adani Power Ltd,57.1,32.2,1188256.85,27.22,4.37,-0.1425,-0.014,10.2138,19.12,
ADANIPOWER,Adani Power Ltd,57.1,32.2,1188256.85,27.22,4.37,-0.1276,-0.0145,8.8155,19.12,
ADANIPOWER,Adani Power Ltd,57.1,32.2,1188256.85,27.22,4.37,-0.0445,-0.005,8.9774,19.12,
ADANIPOWER,Adani Power Ltd,57.1,32.2,1188256.85,27.22,4.37,0.0738,0.0073,10.1492,19.12,
ADANIPOWER,Adani Power Ltd,57.1,32.2,1188256.85,27.22,4.37,0.0969,0.0161,6.0098,19.12,
ADANIPOWER,Adani Power Ltd,57.1,32.2,1188256.85,27.22,4.37,0.2661,0.0599,4.4417,19.12,
ADANIPOWER,Adani Power Ltd,57.1,32.2,1188256.85,27.22,4.37,0.3591,0.125,2.8726,19.12,
ADANIPOWER,Adani Power Ltd,57.1,32.2,1188256.85,27.22,4.37,0.4828,0.2264,2.1326,19.12,
ADANIPOWER,Adani Power Ltd,57.1,32.2,1372183.55,44.57,9.91,-2.3656,-0.0302,78.2092,19.12,
ADANIPOWER,Adani Power Ltd,57.1,32.2,1372183.55,44.57,9.91,-2.058,-0.0863,23.837,19.12,
ADANIPOWER,Adani Power Ltd,57.1,32.2,1372183.55,44.57,9.91,-0.5346,-0.042,12.7389,19.12,
ADANIPOWER,Adani Power Ltd,57.1,32.2,1372183.55,44.57,9.91,-0.351,-0.0303,11.5761,19.12,
ADANIPOWER,Adani Power Ltd,57.1,32.2,1372183.55,44.57,9.91,-0.1425,-0.014,10.2138,19.12,
ADANIPOWER,Adani Power Ltd,57.1,32.2,1372183.55,44.57,9.91,-0.1276,-0.0145,8.8155,19.12,
ADANIPOWER,Adani Power Ltd,57.1,32.2,1372183.55,44.57,9.91,-0.0445,-0.005,8.9774,19.12,
ADANIPOWER,Adani Power Ltd,57.1,32.2,1372183.55,44.57,9.91,0.0738,0.0073,10.1492,19.12,
ADANIPOWER,Adani Power Ltd,57.1,32.2,1372183.55,44.57,9.91,0.0969,0.0161,6.0098,19.12,
ADANIPOWER,Adani Power Ltd,57.1,32.2,1372183.55,44.57,9.91,0.2661,0.0599,4.4417,19.12,
ADANIPOWER,Adani Power Ltd,57.1,32.2,1372183.55,44.57,9.91,0.3591,0.125,2.8726,19.12,
ADANIPOWER,Adani Power Ltd,57.1,32.2,1372183.55,44.57,9.91,0.4828,0.2264,2.1326,19.12,
AMBUJACEM,Ambuja Cements Ltd,9.24,12.8,833955.32,46.35,0.8,0.0723,0.0437,1.656,10.65,9.58
AMBUJACEM,Ambuja Cements Ltd,9.24,12.8,833955.32,46.35,0.8,0.0787,0.0572,1.376,10.65,9.58
AMBUJACEM,Ambuja Cements Ltd,9.24,12.8,833955.32,46.35,0.8,0.0941,0.0548,1.7177,10.65,9.58
AMBUJACEM,Ambuja Cements Ltd,9.24,12.8,833955.32,46.35,0.8,0.1143,0.0726,1.5742,10.65,9.58
AMBUJACEM,Ambuja Cements Ltd,9.24,12.8,833955.32,46.35,0.8,0.1156,0.0693,1.6687,10.65,9.58
AMBUJACEM,Ambuja Cements Ltd,9.24,12.8,833955.32,46.35,0.8,0.1329,0.0795,1.6715,10.65,9.58
AMBUJACEM,Ambuja Cements Ltd,9.24,12.8,833955.32,46.35,0.8,0.1351,0.0986,1.3693,10.65,9.58
AMBUJACEM,Ambuja Cements Ltd,9.24,12.8,833955.32,46.35,0.8,0.1365,0.0782,1.7453,10.65,9.58
AMBUJACEM,Ambuja Cements Ltd,9.24,12.8,833955.32,46.35,0.8,0.1464,0.0821,1.783,10.65,9.58
AMBUJACEM,Ambuja Cements Ltd,9.24,12.8,833955.32,46.35,0.8,0.1469,0.1047,1.4033,10.65,9.58
AMBUJACEM,Ambuja Cements Ltd,9.24,12.8,833955.32,46.35,0.8,0.1477,0.1071,1.3782,10.65,9.58
AMBUJACEM,Ambuja Cements Ltd,9.24,12.8,1025434.68,79.32,9.29,0.0723,0.0437,1.656,10.65,9.58
AMBUJACEM,Ambuja Cements Ltd,9.24,12.8,1025434.68,79.32,9.29,0.0787,0.0572,1.376,10.65,9.58
AMBUJACEM,Ambuja Cements Ltd,9.24,12.8,1025434.68,79.32,9.29,0.0941,0.0548,1.7177,10.65,9.58
AMBUJACEM,Ambuja Cements Ltd,9.24,12.8,1025434.68,79.32,9.29,0.1143,0.0726,1.5742,10.65,9.58
AMBUJACEM,Ambuja Cements Ltd,9.24,12.8,1025434.68,79.32,9.29,0.1156,0.0693,1.6687,10.65,9.58
AMBUJACEM,Ambuja Cements Ltd,9.24,12.8,1025434.68,79.32,9.29,0.1329,0.0795,1.6715,10.65,9.58
AMBUJACEM,Ambuja Cements Ltd,9.24,12.8,1025434.68,79.32,9.29,0.1351,0.0986,1.3693,10.65,9.58
AMBUJACEM,Ambuja Cements Ltd,9.24,12.8,1025434.68,79.32,9.29,0.1365,0.0782,1.7453,10.65,9.58
AMBUJACEM,Ambuja Cements Ltd,9.24,12.8,1025434.68,79.32,9.29,0.1464,0.0821,1.783,10.65,9.58
AMBUJACEM,Ambuja Cements Ltd,9.24,12.8,1025434.68,79.32,9.29,0.1469,0.1047,1.4033,10.65,9.58
AMBUJACEM,Ambuja Cements Ltd,9.24,12.8,1025434.68,79.32,9.29,0.1477,0.1071,1.3782,10.65,9.58
AMBUJACEM,Ambuja Cements Ltd,9.24,12.8,1157298.18,33.86,3.27,0.0723,0.0437,1.656,10.65,9.58
AMBUJACEM,Ambuja Cements Ltd,9.24,12.8,1157298.18,33.86,3.27,0.0787,0.0572,1.376,10.65,9.58
AMBUJACEM,Ambuja Cements Ltd,9.24,12.8,1157298.18,33.86,3.27,0.0941,0.0548,1.7177,10.65,9.58
AMBUJACEM,Ambuja Cements Ltd,9.24,12.8,1157298.18,33.86,3.27,0.1143,0.0726,1.5742,10.65,9.58
AMBUJACEM,Ambuja Cements Ltd,9.24,12.8,1157298.18,33.86,3.27,0.1156,0.0693,1.6687,10.65,9.58
AMBUJACEM,Ambuja Cements Ltd,9.24,12.8,1157298.18,33.86,3.27,0.1329,0.0795,1.6715,10.65,9.58
AMBUJACEM,Ambuja Cements Ltd,9.24,12.8,1157298.18,33.86,3.27,0.1351,0.0986,1.3693,10.65,9.58
AMBUJACEM,Ambuja Cements Ltd,9.24,12.8,1157298.18,33.86,3.27,0.1365,0.0782,1.7453,10.65,9.58
AMBUJACEM,Ambuja Cements Ltd,9.24,12.8,1157298.18,33.86,3.27,0.1464,0.0821,1.783,10.65,9.58
AMBUJACEM,Ambuja Cements Ltd,9.24,12.8,1157298.18,33.86,3.27,0.1469,0.1047,1.4033,10.65,9.58
AMBUJACEM,Ambuja Cements Ltd,9.24,12.8,1157298.18,33.86,3.27,0.1477,0.1071,1.3782,10.65,9.58
AMBUJACEM,Ambuja Cements Ltd,9.24,12.8,1165353.63,45.48,10.09,0.0723,0.0437,1.656,10.65,9.58
AMBUJACEM,Ambuja Cements Ltd,9.24,12.8,1165353.63,45.48,10.09,0.0787,0.0572,1.376,10.65,9.58
AMBUJACEM,Ambuja Cements Ltd,9.24,12.8,1165353.63,45.48,10.09,0.0941,0.0548,1.7177,10.65,9.58
AMBUJACEM,Ambuja Cements Ltd,9.24,12.8,1165353.63,45.48,10.09,0.1143,0.0726,1.5742,10.65,9.58
AMBUJACEM,Ambuja Cements Ltd,9.24,12.8,1165353.63,45.48,10.09,0.1156,0.0693,1.6687,10.65,9.58
AMBUJACEM,Ambuja Cements Ltd,9.24,12.8,1165353.63,45.48,10.09,0.1329,0.0795,1.6715,10.65,9.58
AMBUJACEM,Ambuja Cements Ltd,9.24,12.8,1165353.63,45.48,10.09,0.1351,0.0986,1.3693,10.65,9.58
AMBUJACEM,Ambuja Cements Ltd,9.24,12.8,1165353.63,45.48,10.09,0.1365,0.0782,1.7453,10.65,9.58
AMBUJACEM,Ambuja Cements Ltd,9.24,12.8,1165353.63,45.48,10.09,0.1464,0.0821,1.783,10.65,9.58
AMBUJACEM,Ambuja Cements Ltd,9.24,12.8,1165353.63,45.48,10.09,0.1469,0.1047,1.4033,10.65,9.58
AMBUJACEM,Ambuja Cements Ltd,9.24,12.8,1165353.63,45.48,10.09,0.1477,0.1071,1.3782,10.65,9.58
AMBUJACEM,Ambuja Cements Ltd,9.24,12.8,1281411.04,55.62,9.21,0.0723,0.0437,1.656,10.65,9.58
AMBUJACEM,Ambuja Cements Ltd,9.24,12.8,1281411.04,55.62,9.21,0.0787,0.0572,1.376,10.65,9.58
AMBUJACEM,Ambuja Cements Ltd,9.24,12.8,1281411.04,55.62,9.21,0.0941,0.0548,1.7177,10.65,9.58
AMBUJACEM,Ambuja Cements Ltd,9.24,12.8,1281411.04,55.62,9.21,0.1143,0.0726,1.5742,10.65,9.58
AMBUJACEM,Ambuja Cements Ltd,9.24,12.8,1281411.04,55.62,9.21,0.1156,0.0693,1.6687,10.65,9.58
AMBUJACEM,Ambuja Cements Ltd,9.24,12.8,1281411.04,55.62,9.21,0.1329,0.0795,1.6715,10.65,9.58
AMBUJACEM,Ambuja Cements Ltd,9.24,12.8,1281411.04,55.62,9.21,0.1351,0.0986,1.3693,10.65,9.58
AMBUJACEM,Ambuja Cements Ltd,9.24,12.8,1281411.04,55.62,9.21,0.1365,0.0782,1.7453,10.65,9.58
AMBUJACEM,Ambuja Cements Ltd,9.24,12.8,1281411.04,55.62,9.21,0.1464,0.0821,1.783,10.65,9.58
AMBUJACEM,Ambuja Cements Ltd,9.24,12.8,1281411.04,55.62,9.21,0.1469,0.1047,1.4033,10.65,9.58
AMBUJACEM,Ambuja Cements Ltd,9.24,12.8,1281411.04,55.62,9.21,0.1477,0.1071,1.3782,10.65,9.58
AMBUJACEM,Ambuja Cements Ltd,9.24,12.8,1410892.33,73.29,1.59,0.0723,0.0437,1.656,10.65,9.58
AMBUJACEM,Ambuja Cements Ltd,9.24,12.8,1410892.33,73.29,1.59,0.0787,0.0572,1.376,10.65,9.58
AMBUJACEM,Ambuja Cements Ltd,9.24,12.8,1410892.33,73.29,1.59,0.0941,0.0548,1.7177,10.65,9.58
AMBUJACEM,Ambuja Cements Ltd,9.24,12.8,1410892.33,73.29,1.59,0.1143,0.0726,1.5742,10.65,9.58
AMBUJACEM,Ambuja Cements Ltd,9.24,12.8,1410892.33,73.29,1.59,0.1156,0.0693,1.6687,10.65,9.58
AMBUJACEM,Ambuja Cements Ltd,9.24,12.8,1410892.33,73.29,1.59,0.1329,0.0795,1.6715,10.65,9.58
AMBUJACEM,Ambuja Cements Ltd,9.24,12.8,1410892.33,73.29,1.59,0.1351,0.0986,1.3693,10.65,9.58
AMBUJACEM,Ambuja Cements Ltd,9.24,12.8,1410892.33,73.29,1.59,0.1365,0.0782,1.7453,10.65,9.58
AMBUJACEM,Ambuja Cements Ltd,9.24,12.8,1410892.33,73.29,1.59,0.1464,0.0821,1.783,10.65,9.58
AMBUJACEM,Ambuja Cements Ltd,9.24,12.8,1410892.33,73.29,1.59,0.1469,0.1047,1.4033,10.65,9.58
AMBUJACEM,Ambuja Cements Ltd,9.24,12.8,1410892.33,73.29,1.59,0.1477,0.1071,1.3782,10.65,9.58
APOLLOHOSP,"Apollo Hospitals
Chain of Indian private hospitals",13.81,17.2,1083786.88,49.76,14.18,0.0185,0.007,2.6433,15.14,12.34
APOLLOHOSP,"Apollo Hospitals
Chain of Indian private hospitals",13.81,17.2,1083786.88,49.76,14.18,0.0298,0.012,2.4749,15.14,12.34
APOLLOHOSP,"Apollo Hospitals
Chain of Indian private hospitals",13.81,17.2,1083786.88,49.76,14.18,0.0395,0.0162,2.4451,15.14,12.34
APOLLOHOSP,"Apollo Hospitals
Chain of Indian private hospitals",13.81,17.2,1083786.88,49.76,14.18,0.06,0.0218,2.7493,15.14,12.34
APOLLOHOSP,"Apollo Hospitals
Chain of Indian private hospitals",13.81,17.2,1083786.88,49.76,14.18,0.0705,0.0319,2.2089,15.14,12.34
APOLLOHOSP,"Apollo Hospitals
Chain of Indian private hospitals",13.81,17.2,1083786.88,49.76,14.18,0.1056,0.0519,2.0363,15.14,12.34
APOLLOHOSP,"Apollo Hospitals
Chain of Indian private hospitals",13.81,17.2,1083786.88,49.76,14.18,0.1058,0.0589,1.7971,15.14,12.34
APOLLOHOSP,"Apollo Hospitals
Chain of Indian private hospitals",13.81,17.2,1083786.88,49.76,14.18,0.1103,0.0629,1.7525,15.14,12.34
APOLLOHOSP,"Apollo Hospitals
Chain of Indian private hospitals",13.81,17.2,1083786.88,49.76,14.18,0.1293,0.0383,3.3799,15.14,12.34
APOLLOHOSP,"Apollo Hospitals
Chain of Indian private hospitals",13.81,17.2,1083786.88,49.76,14.18,0.1348,0.0558,2.4138,15.14,12.34
APOLLOHOSP,"Apollo Hospitals
Chain of Indian private hospitals",13.81,17.2,1083786.88,49.76,14.18,0.1362,0.0585,2.3259,15.14,12.34
APOLLOHOSP,"Apollo Hospitals
Chain of Indian private hospitals",13.81,17.2,1083786.88,49.76,14.18,0.197,0.0836,2.3583,15.14,12.34
APOLLOHOSP,"Apollo Hospitals
Chain of Indian private hospitals",13.81,17.2,1154138.06,11.18,6.7,0.0185,0.007,2.6433,15.14,12.34
APOLLOHOSP,"Apollo Hospitals
Chain of Indian private hospitals",13.81,17.2,1154138.06,11.18,6.7,0.0298,0.012,2.4749,15.14,12.34
APOLLOHOSP,"Apollo Hospitals
Chain of Indian private hospitals",13.81,17.2,1154138.06,11.18,6.7,0.0395,0.0162,2.4451,15.14,12.34
APOLLOHOSP,"Apollo Hospitals
Chain of Indian private hospitals",13.81,17.2,1154138.06,11.18,6.7,0.06,0.0218,2.7493,15.14,12.34
APOLLOHOSP,"Apollo Hospitals
Chain of Indian private hospitals",13.81,17.2,1154138.06,11.18,6.7,0.0705,0.0319,2.2089,15.14,12.34
APOLLOHOSP,"Apollo Hospitals
Chain of Indian private hospitals",13.81,17.2,1154138.06,11.18,6.7,0.1056,0.0519,2.0363,15.14,12.34
APOLLOHOSP,"Apollo Hospitals
Chain of Indian private hospitals",13.81,17.2,1154138.06,11.18,6.7,0.1058,0.0589,1.7971,15.14,12.34
APOLLOHOSP,"Apollo Hospitals
Chain of Indian private hospitals",13.81,17.2,1154138.06,11.18,6.7,0.1103,0.0629,1.7525,15.14,12.34
APOLLOHOSP,"Apollo Hospitals
Chain of Indian private hospitals",13.81,17.2,1154138.06,11.18,6.7,0.1293,0.0383,3.3799,15.14,12.34
APOLLOHOSP,"Apollo Hospitals
Chain of Indian private hospitals",13.81,17.2,1154138.06,11.18,6.7,0.1348,0.0558,2.4138,15.14,12.34
APOLLOHOSP,"Apollo Hospitals
Chain of Indian private hospitals",13.81,17.2,1154138.06,11.18,6.7,0.1362,0.0585,2.3259,15.14,12.34
APOLLOHOSP,"Apollo Hospitals
Chain of Indian private hospitals",13.81,17.2,1154138.06,11.18,6.7,0.197,0.0836,2.3583,15.14,12.34
APOLLOHOSP,"Apollo Hospitals
Chain of Indian private hospitals",13.81,17.2,1275343.54,28.39,8.78,0.0185,0.007,2.6433,15.14,12.34
APOLLOHOSP,"Apollo Hospitals
Chain of Indian private hospitals",13.81,17.2,1275343.54,28.39,8.78,0.0298,0.012,2.4749,15.14,12.34
APOLLOHOSP,"Apollo Hospitals
Chain of Indian private hospitals",13.81,17.2,1275343.54,28.39,8.78,0.0395,0.0162,2.4451,15.14,12.34
APOLLOHOSP,"Apollo Hospitals
Chain of Indian private hospitals",13.81,17.2,1275343.54,28.39,8.78,0.06,0.0218,2.7493,15.14,12.34
APOLLOHOSP,"Apollo Hospitals
Chain of Indian private hospitals",13.81,17.2,1275343.54,28.39,8.78,0.0705,0.0319,2.2089,15.14,12.34
APOLLOHOSP,"Apollo Hospitals
Chain of Indian private hospitals",13.81,17.2,1275343.54,28.39,8.78,0.1056,0.0519,2.0363,15.14,12.34
APOLLOHOSP,"Apollo Hospitals
Chain of Indian private hospitals",13.81,17.2,1275343.54,28.39,8.78,0.1058,0.0589,1.7971,15.14,12.34
APOLLOHOSP,"Apollo Hospitals
Chain of Indian private hospitals",13.81,17.2,1275343.54,28.39,8.78,0.1103,0.0629,1.7525,15.14,12.34
APOLLOHOSP,"Apollo Hospitals
Chain of Indian private hospitals",13.81,17.2,1275343.54,28.39,8.78,0.1293,0.0383,3.3799,15.14,12.34
APOLLOHOSP,"Apollo Hospitals
Chain of Indian private hospitals",13.81,17.2,1275343.54,28.39,8.78,0.1348,0.0558,2.4138,15.14,12.34
APOLLOHOSP,"Apollo Hospitals
Chain of Indian private hospitals",13.81,17.2,1275343.54,28.39,8.78,0.1362,0.0585,2.3259,15.14,12.34
APOLLOHOSP,"Apollo Hospitals
Chain of Indian private hospitals",13.81,17.2,1275343.54,28.39,8.78,0.197,0.0836,2.3583,15.14,12.34
APOLLOHOSP,"Apollo Hospitals
Chain of Indian private hospitals",13.81,17.2,1446203.76,17.38,12.98,0.0185,0.007,2.6433,15.14,12.34
APOLLOHOSP,"Apollo Hospitals
Chain of Indian private hospitals",13.81,17.2,1446203.76,17.38,12.98,0.0298,0.012,2.4749,15.14,12.34
APOLLOHOSP,"Apollo Hospitals
Chain of Indian private hospitals",13.81,17.2,1446203.76,17.38,12.98,0.0395,0.0162,2.4451,15.14,12.34
APOLLOHOSP,"Apollo Hospitals
Chain of Indian private hospitals",13.81,17.2,1446203.76,17.38,12.98,0.06,0.0218,2.7493,15.14,12.34
APOLLOHOSP,"Apollo Hospitals
Chain of Indian private hospitals",13.81,17.2,1446203.76,17.38,12.98,0.0705,0.0319,2.2089,15.14,12.34
APOLLOHOSP,"Apollo Hospitals
Chain of Indian private hospitals",13.81,17.2,1446203.76,17.38,12.98,0.1056,0.0519,2.0363,15.14,12.34
APOLLOHOSP,"Apollo Hospitals
Chain of Indian private hospitals",13.81,17.2,1446203.76,17.38,12.98,0.1058,0.0589,1.7971,15.14,12.34
APOLLOHOSP,"Apollo Hospitals
Chain of Indian private hospitals",13.81,17.2,1446203.76,17.38,12.98,0.1103,0.0629,1.7525,15.14,12.34
APOLLOHOSP,"Apollo Hospitals
Chain of Indian private hospitals",13.81,17.2,1446203.76,17.38,12.98,0.1293,0.0383,3.3799,15.14,12.34
APOLLOHOSP,"Apollo Hospitals
Chain of Indian private hospitals",13.81,17.2,1446203.76,17.38,12.98,0.1348,0.0558,2.4138,15.14,12.34
APOLLOHOSP,"Apollo Hospitals
Chain of Indian private hospitals",13.81,17.2,1446203.76,17.38,12.98,0.1362,0.0585,2.3259,15.14,12.34
APOLLOHOSP,"Apollo Hospitals
Chain of Indian private hospitals",13.81,17.2,1446203.76,17.38,12.98,0.197,0.0836,2.3583,15.14,12.34
APOLLOHOSP,"Apollo Hospitals
Chain of Indian private hospitals",13.81,17.2,1499729.8,53.27,1.11,0.0185,0.007,2.6433,15.14,12.34
APOLLOHOSP,"Apollo Hospitals
Chain of Indian private hospitals",13.81,17.2,1499729.8,53.27,1.11,0.0298,0.012,2.4749,15.14,12.34
APOLLOHOSP,"Apollo Hospitals
Chain of Indian private hospitals",13.81,17.2,1499729.8,53.27,1.11,0.0395,0.0162,2.4451,15.14,12.34
APOLLOHOSP,"Apollo Hospitals
Chain of Indian private hospitals",13.81,17.2,1499729.8,53.27,1.11,0.06,0.0218,2.7493,15.14,12.34
APOLLOHOSP,"Apollo Hospitals
Chain of Indian private hospitals",13.81,17.2,1499729.8,53.27,1.11,0.0705,0.0319,2.2089,15.14,12.34
APOLLOHOSP,"Apollo Hospitals
Chain of Indian private hospitals",13.81,17.2,1499729.8,53.27,1.11,0.1056,0.0519,2.0363,15.14,12.34
APOLLOHOSP,"Apollo Hospitals
Chain of Indian private hospitals",13.81,17.2,1499729.8,53.27,1.11,0.1058,0.0589,1.7971,15.14,12.34
APOLLOHOSP,"Apollo Hospitals
Chain of Indian private hospitals",13.81,17.2,1499729.8,53.27,1.11,0.1103,0.0629,1.7525,15.14,12.34
APOLLOHOSP,"Apollo Hospitals
Chain of Indian private hospitals",13.81,17.2,1499729.8,53.27,1.11,0.1293,0.0383,3.3799,15.14,12.34
APOLLOHOSP,"Apollo Hospitals
Chain of Indian private hospitals",13.81,17.2,1499729.8,53.27,1.11,0.1348,0.0558,2.4138,15.14,12.34
APOLLOHOSP,"Apollo Hospitals
Chain of Indian private hospitals",13.81,17.2,1499729.8,53.27,1.11,0.1362,0.0585,2.3259,15.14,12.34
APOLLOHOSP,"Apollo Hospitals
Chain of Indian private hospitals",13.81,17.2,1499729.8,53.27,1.11,0.197,0.0836,2.3583,15.14,12.34
APOLLOHOSP,"Apollo Hospitals
Chain of Indian private hospitals",13.81,17.2,1905622.43,47.72,7.68,0.0185,0.007,2.6433,15.14,12.34
APOLLOHOSP,"Apollo Hospitals
Chain of Indian private hospitals",13.81,17.2,1905622.43,47.72,7.68,0.0298,0.012,2.4749,15.14,12.34
APOLLOHOSP,"Apollo Hospitals
Chain of Indian private hospitals",13.81,17.2,1905622.43,47.72,7.68,0.0395,0.0162,2.4451,15.14,12.34
APOLLOHOSP,"Apollo Hospitals
Chain of Indian private hospitals",13.81,17.2,1905622.43,47.72,7.68,0.06,0.0218,2.7493,15.14,12.34
APOLLOHOSP,"Apollo Hospitals
Chain of Indian private hospitals",13.81,17.2,1905622.43,47.72,7.68,0.0705,0.0319,2.2089,15.14,12.34
APOLLOHOSP,"Apollo Hospitals
Chain of Indian private hospitals",13.81,17.2,1905622.43,47.72,7.68,0.1056,0.0519,2.0363,15.14,12.34
APOLLOHOSP,"Apollo Hospitals
Chain of Indian private hospitals",13.81,17.2,1905622.43,47.72,7.68,0.1058,0.0589,1.7971,15.14,12.34
APOLLOHOSP,"Apollo Hospitals
Chain of Indian private hospitals",13.81,17.2,1905622.43,47.72,7.68,0.1103,0.0629,1.7525,15.14,12.34
APOLLOHOSP,"Apollo Hospitals
Chain of Indian private hospitals",13.81,17.2,1905622.43,47.72,7.68,0.1293,0.0383,3.3799,15.14,12.34
APOLLOHOSP,"Apollo Hospitals
Chain of Indian private hospitals",13.81,17.2,1905622.43,47.72,7.68,0.1348,0.0558,2.4138,15.14,12.34
APOLLOHOSP,"Apollo Hospitals
Chain of Indian private hospitals",13.81,17.2,1905622.43,47.72,7.68,0.1362,0.0585,2.3259,15.14,12.34
APOLLOHOSP,"Apollo Hospitals
Chain of Indian private hospitals",13.81,17.2,1905622.43,47.72,7.68,0.197,0.0836,2.3583,15.14,12.34
ASIANPAINT,"Asian Paints
Indian Multi-National Paint and Coating Manufacturing Company",31.45,41.75,1065817.17,30.34,5.08,0.2234,0.1344,1.6622,10.51,12.23
ASIANPAINT,"Asian Paints
Indian Multi-National Paint and Coating Manufacturing Company",31.45,41.75,1065817.17,30.34,5.08,0.2234,0.1344,1.6622,10.51,12.23
ASIANPAINT,"Asian Paints
Indian Multi-National Paint and Coating Manufacturing Company",31.45,41.75,1065817.17,30.34,5.08,0.2331,0.1359,1.7157,10.51,12.23
ASIANPAINT,"Asian Paints
Indian Multi-National Paint and Coating Manufacturing Company",31.45,41.75,1065817.17,30.34,5.08,0.2331,0.1359,1.7157,10.51,12.23
ASIANPAINT,"Asian Paints
Indian Multi-National Paint and Coating Manufacturing Company",31.45,41.75,1065817.17,30.34,5.08,0.2495,0.1524,1.6365,10.51,12.23
ASIANPAINT,"Asian Paints
Indian Multi-National Paint and Coating Manufacturing Company",31.45,41.75,1065817.17,30.34,5.08,0.2495,0.1524,1.6365,10.51,12.23
ASIANPAINT,"Asian Paints
Indian Multi-National Paint and Coating Manufacturing Company",31.45,41.75,1065817.17,30.34,5.08,0.2504,0.1576,1.5895,10.51,12.23
ASIANPAINT,"Asian Paints
Indian Multi-National Paint and Coating Manufacturing Company",31.45,41.75,1065817.17,30.34,5.08,0.2504,0.1576,1.5895,10.51,12.23
ASIANPAINT,"Asian Paints
Indian Multi-National Paint and Coating Manufacturing Company",31.45,41.75,1065817.17,30.34,5.08,0.2623,0.1627,1.612,10.51,12.23
ASIANPAINT,"Asian Paints
Indian Multi-National Paint and Coating Manufacturing Company",31.45,41.75,1065817.17,30.34,5.08,0.2623,0.1627,1.612,10.51,12.23
ASIANPAINT,"Asian Paints
Indian Multi-National Paint and Coating Manufacturing Company",31.45,41.75,1065817.17,30.34,5.08,0.2651,0.1625,1.6314,10.51,12.23
ASIANPAINT,"Asian Paints
Indian Multi-National Paint and Coating Manufacturing Company",31.45,41.75,1065817.17,30.34,5.08,0.2651,0.1625,1.6314,10.51,12.23
ASIANPAINT,"Asian Paints
Indian Multi-National Paint and Coating Manufacturing Company",31.45,41.75,1065817.17,30.34,5.08,0.2738,0.1719,1.5931,10.51,12.23
ASIANPAINT,"Asian Paints
Indian Multi-National Paint and Coating Manufacturing Company",31.45,41.75,1065817.17,30.34,5.08,0.2738,0.1719,1.5931,10.51,12.23
ASIANPAINT,"Asian Paints
Indian Multi-National Paint and Coating Manufacturing Company",31.45,41.75,1065817.17,30.34,5.08,0.2763,0.1708,1.6182,10.51,12.23
ASIANPAINT,"Asian Paints
Indian Multi-National Paint and Coating Manufacturing Company",31.45,41.75,1065817.17,30.34,5.08,0.2763,0.1708,1.6182,10.51,12.23
ASIANPAINT,"Asian Paints
Indian Multi-National Paint and Coating Manufacturing Company",31.45,41.75,1065817.17,30.34,5.08,0.2968,0.1859,1.5966,10.51,12.23
ASIANPAINT,"Asian Paints
Indian Multi-National Paint and Coating Manufacturing Company",31.45,41.75,1065817.17,30.34,5.08,0.2968,0.1859,1.5966,10.51,12.23
ASIANPAINT,"Asian Paints
Indian Multi-National Paint and Coating Manufacturing Company",31.45,41.75,1065817.17,30.34,5.08,0.3009,0.1601,1.8798,10.51,12.23
ASIANPAINT,"Asian Paints
Indian Multi-National Paint and Coating Manufacturing Company",31.45,41.75,1065817.17,30.34,5.08,0.3009,0.1601,1.8798,10.51,12.23
ASIANPAINT,"Asian Paints
Indian Multi-National Paint and Coating Manufacturing Company",31.45,41.75,1065817.17,30.34,5.08,0.3127,0.1564,1.9993,10.51,12.23
ASIANPAINT,"Asian Paints
Indian Multi-National Paint and Coating Manufacturing Company",31.45,41.75,1065817.17,30.34,5.08,0.3127,0.1564,1.9993,10.51,12.23
ASIANPAINT,"Asian Paints
Indian Multi-National Paint and Coating Manufacturing Company",31.45,41.75,1065817.17,30.34,5.08,0.3428,0.171,2.0047,10.51,12.23
ASIANPAINT,"Asian Paints
Indian Multi-National Paint and Coating Manufacturing Company",31.45,41.75,1065817.17,30.34,5.08,0.3428,0.171,2.0047,10.51,12.23
ASIANPAINT,"Asian Paints
Indian Multi-National Paint and Coating Manufacturing Company",31.45,41.75,1148763.92,13.27,6.46,0.2234,0.1344,1.6622,10.51,12.23
ASIANPAINT,"Asian Paints
Indian Multi-National Paint and Coating Manufacturing Company",31.45,41.75,1148763.92,13.27,6.46,0.2234,0.1344,1.6622,10.51,12.23
ASIANPAINT,"Asian Paints
Indian Multi-National Paint and Coating Manufacturing Company",31.45,41.75,1148763.92,13.27,6.46,0.2331,0.1359,1.7157,10.51,12.23
ASIANPAINT,"Asian Paints
Indian Multi-National Paint and Coating Manufacturing Company",31.45,41.75,1148763.92,13.27,6.46,0.2331,0.1359,1.7157,10.51,12.23
ASIANPAINT,"Asian Paints
Indian Multi-National Paint and Coating Manufacturing Company",31.45,41.75,1148763.92,13.27,6.46,0.2495,0.1524,1.6365,10.51,12.23
ASIANPAINT,"Asian Paints
Indian Multi-National Paint and Coating Manufacturing Company",31.45,41.75,1148763.92,13.27,6.46,0.2495,0.1524,1.6365,10.51,12.23
ASIANPAINT,"Asian Paints
Indian Multi-National Paint and Coating Manufacturing Company",31.45,41.75,1148763.92,13.27,6.46,0.2504,0.1576,1.5895,10.51,12.23
ASIANPAINT,"Asian Paints
Indian Multi-National Paint and Coating Manufacturing Company",31.45,41.75,1148763.92,13.27,6.46,0.2504,0.1576,1.5895,10.51,12.23
ASIANPAINT,"Asian Paints
Indian Multi-National Paint and Coating Manufacturing Company",31.45,41.75,1148763.92,13.27,6.46,0.2623,0.1627,1.612,10.51,12.23
ASIANPAINT,"Asian Paints
Indian Multi-National Paint and Coating Manufacturing Company",31.45,41.75,1148763.92,13.27,6.46,0.2623,0.1627,1.612,10.51,12.23
ASIANPAINT,"Asian Paints
Indian Multi-National Paint and Coating Manufacturing Company",31.45,41.75,1148763.92,13.27,6.46,0.2651,0.1625,1.6314,10.51,12.23
ASIANPAINT,"Asian Paints
Indian Multi-National Paint and Coating Manufacturing Company",31.45,41.75,1148763.92,13.27,6.46,0.2651,0.1625,1.6314,10.51,12.23
ASIANPAINT,"Asian Paints
Indian Multi-National Paint and Coating Manufacturing Company",31.45,41.75,1148763.92,13.27,6.46,0.2738,0.1719,1.5931,10.51,12.23
ASIANPAINT,"Asian Paints
Indian Multi-National Paint and Coating Manufacturing Company",31.45,41.75,1148763.92,13.27,6.46,0.2738,0.1719,1.5931,10.51,12.23
ASIANPAINT,"Asian Paints
Indian Multi-National Paint and Coating Manufacturing Company",31.45,41.75,1148763.92,13.27,6.46,0.2763,0.1708,1.6182,10.51,12.23
ASIANPAINT,"Asian Paints
Indian Multi-National Paint and Coating Manufacturing Company",31.45,41.75,1148763.92,13.27,6.46,0.2763,0.1708,1.6182,10.51,12.23
ASIANPAINT,"Asian Paints
Indian Multi-National Paint and Coating Manufacturing Company",31.45,41.75,1148763.92,13.27,6.46,0.2968,0.1859,1.5966,10.51,12.23
ASIANPAINT,"Asian Paints
Indian Multi-National Paint and Coating Manufacturing Company",31.45,41.75,1148763.92,13.27,6.46,0.2968,0.1859,1.5966,10.51,12.23
ASIANPAINT,"Asian Paints
Indian Multi-National Paint and Coating Manufacturing Company",31.45,41.75,1148763.92,13.27,6.46,0.3009,0.1601,1.8798,10.51,12.23
ASIANPAINT,"Asian Paints
Indian Multi-National Paint and Coating Manufacturing Company",31.45,41.75,1148763.92,13.27,6.46,0.3009,0.1601,1.8798,10.51,12.23
ASIANPAINT,"Asian Paints
Indian Multi-National Paint and Coating Manufacturing Company",31.45,41.75,1148763.92,13.27,6.46,0.3127,0.1564,1.9993,10.51,12.23
ASIANPAINT,"Asian Paints
Indian Multi-National Paint and Coating Manufacturing Company",31.45,41.75,1148763.92,13.27,6.46,0.3127,0.1564,1.9993,10.51,12.23
ASIANPAINT,"Asian Paints
Indian Multi-National Paint and Coating Manufacturing Company",31.45,41.75,1148763.92,13.27,6.46,0.3428,0.171,2.0047,10.51,12.23
ASIANPAINT,"Asian Paints
Indian Multi-National Paint and Coating Manufacturing Company",31.45,41.75,1148763.92,13.27,6.46,0.3428,0.171,2.0047,10.51,12.23
ASIANPAINT,"Asian Paints
Indian Multi-National Paint and Coating Manufacturing Company",31.45,41.75,1269304.94,78.48,8.21,0.2234,0.1344,1.6622,10.51,12.23
ASIANPAINT,"Asian Paints
Indian Multi-National Paint and Coating Manufacturing Company",31.45,41.75,1269304.94,78.48,8.21,0.2234,0.1344,1.6622,10.51,12.23
ASIANPAINT,"Asian Paints
Indian Multi-National Paint and Coating Manufacturing Company",31.45,41.75,1269304.94,78.48,8.21,0.2331,0.1359,1.7157,10.51,12.23
ASIANPAINT,"Asian Paints
Indian Multi-National Paint and Coating Manufacturing Company",31.45,41.75,1269304.94,78.48,8.21,0.2331,0.1359,1.7157,10.51,12.23
ASIANPAINT,"Asian Paints
Indian Multi-National Paint and Coating Manufacturing Company",31.45,41.75,1269304.94,78.48,8.21,0.2495,0.1524,1.6365,10.51,12.23
ASIANPAINT,"Asian Paints
Indian Multi-National Paint and Coating Manufacturing Company",31.45,41.75,1269304.94,78.48,8.21,0.2495,0.1524,1.6365,10.51,12.23
ASIANPAINT,"Asian Paints
Indian Multi-National Paint and Coating Manufacturing Company",31.45,41.75,1269304.94,78.48,8.21,0.2504,0.1576,1.5895,10.51,12.23
ASIANPAINT,"Asian Paints
Indian Multi-National Paint and Coating Manufacturing Company",31.45,41.75,1269304.94,78.48,8.21,0.2504,0.1576,1.5895,10.51,12.23
ASIANPAINT,"Asian Paints
Indian Multi-National Paint and Coating Manufacturing Company",31.45,41.75,1269304.94,78.48,8.21,0.2623,0.1627,1.612,10.51,12.23
ASIANPAINT,"Asian Paints
Indian Multi-National Paint and Coating Manufacturing Company",31.45,41.75,1269304.94,78.48,8.21,0.2623,0.1627,1.612,10.51,12.23
ASIANPAINT,"Asian Paints
Indian Multi-National Paint and Coating Manufacturing Company",31.45,41.75,1269304.94,78.48,8.21,0.2651,0.1625,1.6314,10.51,12.23
ASIANPAINT,"Asian Paints
Indian Multi-National Paint and Coating Manufacturing Company",31.45,41.75,1269304.94,78.48,8.21,0.2651,0.1625,1.6314,10.51,12.23
ASIANPAINT,"Asian Paints
Indian Multi-National Paint and Coating Manufacturing Company",31.45,41.75,1269304.94,78.48,8.21,0.2738,0.1719,1.5931,10.51,12.23
ASIANPAINT,"Asian Paints
Indian Multi-National Paint and Coating Manufacturing Company",31.45,41.75,1269304.94,78.48,8.21,0.2738,0.1719,1.5931,10.51,12.23
ASIANPAINT,"Asian Paints
Indian Multi-National Paint and Coating Manufacturing Company",31.45,41.75,1269304.94,78.48,8.21,0.2763,0.1708,1.6182,10.51,12.23
ASIANPAINT,"Asian Paints
Indian Multi-National Paint and Coating Manufacturing Company",31.45,41.75,1269304.94,78.48,8.21,0.2763,0.1708,1.6182,10.51,12.23
ASIANPAINT,"Asian Paints
Indian Multi-National Paint and Coating Manufacturing Company",31.45,41.75,1269304.94,78.48,8.21,0.2968,0.1859,1.5966,10.51,12.23
ASIANPAINT,"Asian Paints
Indian Multi-National Paint and Coating Manufacturing Company",31.45,41.75,1269304.94,78.48,8.21,0.2968,0.1859,1.5966,10.51,12.23
ASIANPAINT,"Asian Paints
Indian Multi-National Paint and Coating Manufacturing Company",31.45,41.75,1269304.94,78.48,8.21,0.3009,0.1601,1.8798,10.51,12.23
ASIANPAINT,"Asian Paints
Indian Multi-National Paint and Coating Manufacturing Company",31.45,41.75,1269304.94,78.48,8.21,0.3009,0.1601,1.8798,10.51,12.23
ASIANPAINT,"Asian Paints
Indian Multi-National Paint and Coating Manufacturing Company",31.45,41.75,1269304.94,78.48,8.21,0.3127,0.1564,1.9993,10.51,12.23
ASIANPAINT,"Asian Paints
Indian Multi-National Paint and Coating Manufacturing Company",31.45,41.75,1269304.94,78.48,8.21,0.3127,0.1564,1.9993,10.51,12.23
ASIANPAINT,"Asian Paints
Indian Multi-National Paint and Coating Manufacturing Company",31.45,41.75,1269304.94,78.48,8.21,0.3428,0.171,2.0047,10.51,12.23
ASIANPAINT,"Asian Paints
Indian Multi-National Paint and Coating Manufacturing Company",31.45,41.75,1269304.94,78.48,8.21,0.3428,0.171,2.0047,10.51,12.23
ASIANPAINT,"Asian Paints
Indian Multi-National Paint and Coating Manufacturing Company",31.45,41.75,1711731.0,40.61,0.54,0.2234,0.1344,1.6622,10.51,12.23
ASIANPAINT,"Asian Paints
Indian Multi-National Paint and Coating Manufacturing Company",31.45,41.75,1711731.0,40.61,0.54,0.2234,0.1344,1.6622,10.51,12.23
ASIANPAINT,"Asian Paints
Indian Multi-National Paint and Coating Manufacturing Company",31.45,41.75,1711731.0,40.61,0.54,0.2331,0.1359,1.7157,10.51,12.23
ASIANPAINT,"Asian Paints
Indian Multi-National Paint and Coating Manufacturing Company",31.45,41.75,1711731.0,40.61,0.54,0.2331,0.1359,1.7157,10.51,12.23
ASIANPAINT,"Asian Paints
Indian Multi-National Paint and Coating Manufacturing Company",31.45,41.75,1711731.0,40.61,0.54,0.2495,0.1524,1.6365,10.51,12.23
ASIANPAINT,"Asian Paints
Indian Multi-National Paint and Coating Manufacturing Company",31.45,41.75,1711731.0,40.61,0.54,0.2495,0.1524,1.6365,10.51,12.23
ASIANPAINT,"Asian Paints
Indian Multi-National Paint and Coating Manufacturing Company",31.45,41.75,1711731.0,40.61,0.54,0.2504,0.1576,1.5895,10.51,12.23
ASIANPAINT,"Asian Paints
Indian Multi-National Paint and Coating Manufacturing Company",31.45,41.75,1711731.0,40.61,0.54,0.2504,0.1576,1.5895,10.51,12.23
ASIANPAINT,"Asian Paints
Indian Multi-National Paint and Coating Manufacturing Company",31.45,41.75,1711731.0,40.61,0.54,0.2623,0.1627,1.612,10.51,12.23
ASIANPAINT,"Asian Paints
Indian Multi-National Paint and Coating Manufacturing Company",31.45,41.75,1711731.0,40.61,0.54,0.2623,0.1627,1.612,10.51,12.23
ASIANPAINT,"Asian Paints
Indian Multi-National Paint and Coating Manufacturing Company",31.45,41.75,1711731.0,40.61,0.54,0.2651,0.1625,1.6314,10.51,12.23
ASIANPAINT,"Asian Paints
Indian Multi-National Paint and Coating Manufacturing Company",31.45,41.75,1711731.0,40.61,0.54,0.2651,0.1625,1.6314,10.51,12.23
ASIANPAINT,"Asian Paints
Indian Multi-National Paint and Coating Manufacturing Company",31.45,41.75,1711731.0,40.61,0.54,0.2738,0.1719,1.5931,10.51,12.23
ASIANPAINT,"Asian Paints
Indian Multi-National Paint and Coating Manufacturing Company",31.45,41.75,1711731.0,40.61,0.54,0.2738,0.1719,1.5931,10.51,12.23
ASIANPAINT,"Asian Paints
Indian Multi-National Paint and Coating Manufacturing Company",31.45,41.75,1711731.0,40.61,0.54,0.2763,0.1708,1.6182,10.51,12.23
ASIANPAINT,"Asian Paints
Indian Multi-National Paint and Coating Manufacturing Company",31.45,41.75,1711731.0,40.61,0.54,0.2763,0.1708,1.6182,10.51,12.23
ASIANPAINT,"Asian Paints
Indian Multi-National Paint and Coating Manufacturing Company",31.45,41.75,1711731.0,40.61,0.54,0.2968,0.1859,1.5966,10.51,12.23
ASIANPAINT,"Asian Paints
Indian Multi-National Paint and Coating Manufacturing Company",31.45,41.75,1711731.0,40.61,0.54,0.2968,0.1859,1.5966,10.51,12.23
ASIANPAINT,"Asian Paints
Indian Multi-National Paint and Coating Manufacturing Company",31.45,41.75,1711731.0,40.61,0.54,0.3009,0.1601,1.8798,10.51,12.23
ASIANPAINT,"Asian Paints
Indian Multi-National Paint and Coating Manufacturing Company",31.45,41.75,1711731.0,40.61,0.54,0.3009,0.1601,1.8798,10.51,12.23
ASIANPAINT,"Asian Paints
Indian Multi-National Paint and Coating Manufacturing Company",31.45,41.75,1711731.0,40.61,0.54,0.3127,0.1564,1.9993,10.51,12.23
ASIANPAINT,"Asian Paints
Indian Multi-National Paint and Coating Manufacturing Company",31.45,41.75,1711731.0,40.61,0.54,0.3127,0.1564,1.9993,10.51,12.23
ASIANPAINT,"Asian Paints
Indian Multi-National Paint and Coating Manufacturing Company",31.45,41.75,1711731.0,40.61,0.54,0.3428,0.171,2.0047,10.51,12.23
ASIANPAINT,"Asian Paints
Indian Multi-National Paint and Coating Manufacturing Company",31.45,41.75,1711731.0,40.61,0.54,0.3428,0.171,2.0047,10.51,12.23
ASIANPAINT,"Asian Paints
Indian Multi-National Paint and Coating Manufacturing Company",31.45,41.75,2091585.31,49.2,4.65,0.2234,0.1344,1.6622,10.51,12.23
ASIANPAINT,"Asian Paints
Indian Multi-National Paint and Coating Manufacturing Company",31.45,41.75,2091585.31,49.2,4.65,0.2234,0.1344,1.6622,10.51,12.23
ASIANPAINT,"Asian Paints
Indian Multi-National Paint and Coating Manufacturing Company",31.45,41.75,2091585.31,49.2,4.65,0.2331,0.1359,1.7157,10.51,12.23
ASIANPAINT,"Asian Paints
Indian Multi-National Paint and Coating Manufacturing Company",31.45,41.75,2091585.31,49.2,4.65,0.2331,0.1359,1.7157,10.51,12.23
ASIANPAINT,"Asian Paints
Indian Multi-National Paint and Coating Manufacturing Company",31.45,41.75,2091585.31,49.2,4.65,0.2495,0.1524,1.6365,10.51,12.23
ASIANPAINT,"Asian Paints
Indian Multi-National Paint and Coating Manufacturing Company",31.45,41.75,2091585.31,49.2,4.65,0.2495,0.1524,1.6365,10.51,12.23
ASIANPAINT,"Asian Paints
Indian Multi-National Paint and Coating Manufacturing Company",31.45,41.75,2091585.31,49.2,4.65,0.2504,0.1576,1.5895,10.51,12.23
ASIANPAINT,"Asian Paints
Indian Multi-National Paint and Coating Manufacturing Company",31.45,41.75,2091585.31,49.2,4.65,0.2504,0.1576,1.5895,10.51,12.23
ASIANPAINT,"Asian Paints
Indian Multi-National Paint and Coating Manufacturing Company",31.45,41.75,2091585.31,49.2,4.65,0.2623,0.1627,1.612,10.51,12.23
ASIANPAINT,"Asian Paints
Indian Multi-National Paint and Coating Manufacturing Company",31.45,41.75,2091585.31,49.2,4.65,0.2623,0.1627,1.612,10.51,12.23
ASIANPAINT,"Asian Paints
Indian Multi-National Paint and Coating Manufacturing Company",31.45,41.75,2091585.31,49.2,4.65,0.2651,0.1625,1.6314,10.51,12.23
ASIANPAINT,"Asian Paints
Indian Multi-National Paint and Coating Manufacturing Company",31.45,41.75,2091585.31,49.2,4.65,0.2651,0.1625,1.6314,10.51,12.23
ASIANPAINT,"Asian Paints
Indian Multi-National Paint and Coating Manufacturing Company",31.45,41.75,2091585.31,49.2,4.65,0.2738,0.1719,1.5931,10.51,12.23
ASIANPAINT,"Asian Paints
Indian Multi-National Paint and Coating Manufacturing Company",31.45,41.75,2091585.31,49.2,4.65,0.2738,0.1719,1.5931,10.51,12.23
ASIANPAINT,"Asian Paints
Indian Multi-National Paint and Coating Manufacturing Company",31.45,41.75,2091585.31,49.2,4.65,0.2763,0.1708,1.6182,10.51,12.23
ASIANPAINT,"Asian Paints
Indian Multi-National Paint and Coating Manufacturing Company",31.45,41.75,2091585.31,49.2,4.65,0.2763,0.1708,1.6182,10.51,12.23
ASIANPAINT,"Asian Paints
Indian Multi-National Paint and Coating Manufacturing Company",31.45,41.75,2091585.31,49.2,4.65,0.2968,0.1859,1.5966,10.51,12.23
ASIANPAINT,"Asian Paints
Indian Multi-National Paint and Coating Manufacturing Company",31.45,41.75,2091585.31,49.2,4.65,0.2968,0.1859,1.5966,10.51,12.23
ASIANPAINT,"Asian Paints
Indian Multi-National Paint and Coating Manufacturing Company",31.45,41.75,2091585.31,49.2,4.65,0.3009,0.1601,1.8798,10.51,12.23
ASIANPAINT,"Asian Paints
Indian Multi-National Paint and Coating Manufacturing Company",31.45,41.75,2091585.31,49.2,4.65,0.3009,0.1601,1.8798,10.51,12.23
ASIANPAINT,"Asian Paints
Indian Multi-National Paint and Coating Manufacturing Company",31.45,41.75,2091585.31,49.2,4.65,0.3127,0.1564,1.9993,10.51,12.23
ASIANPAINT,"Asian Paints
Indian Multi-National Paint and Coating Manufacturing Company",31.45,41.75,2091585.31,49.2,4.65,0.3127,0.1564,1.9993,10.51,12.23
ASIANPAINT,"Asian Paints
Indian Multi-National Paint and Coating Manufacturing Company",31.45,41.75,2091585.31,49.2,4.65,0.3428,0.171,2.0047,10.51,12.23
ASIANPAINT,"Asian Paints
Indian Multi-National Paint and Coating Manufacturing Company",31.45,41.75,2091585.31,49.2,4.65,0.3428,0.171,2.0047,10.51,12.23
ASIANPAINT,"Asian Paints
Indian Multi-National Paint and Coating Manufacturing Company",31.45,41.75,2126725.18,73.37,3.9,0.2234,0.1344,1.6622,10.51,12.23
ASIANPAINT,"Asian Paints
Indian Multi-National Paint and Coating Manufacturing Company",31.45,41.75,2126725.18,73.37,3.9,0.2234,0.1344,1.6622,10.51,12.23
ASIANPAINT,"Asian Paints
Indian Multi-National Paint and Coating Manufacturing Company",31.45,41.75,2126725.18,73.37,3.9,0.2331,0.1359,1.7157,10.51,12.23
ASIANPAINT,"Asian Paints
Indian Multi-National Paint and Coating Manufacturing Company",31.45,41.75,2126725.18,73.37,3.9,0.2331,0.1359,1.7157,10.51,12.23
ASIANPAINT,"Asian Paints
Indian Multi-National Paint and Coating Manufacturing Company",31.45,41.75,2126725.18,73.37,3.9,0.2495,0.1524,1.6365,10.51,12.23
ASIANPAINT,"Asian Paints
Indian Multi-National Paint and Coating Manufacturing Company",31.45,41.75,2126725.18,73.37,3.9,0.2495,0.1524,1.6365,10.51,12.23
ASIANPAINT,"Asian Paints
Indian Multi-National Paint and Coating Manufacturing Company",31.45,41.75,2126725.18,73.37,3.9,0.2504,0.1576,1.5895,10.51,12.23
ASIANPAINT,"Asian Paints
Indian Multi-National Paint and Coating Manufacturing Company",31.45,41.75,2126725.18,73.37,3.9,0.2504,0.1576,1.5895,10.51,12.23
ASIANPAINT,"Asian Paints
Indian Multi-National Paint and Coating Manufacturing Company",31.45,41.75,2126725.18,73.37,3.9,0.2623,0.1627,1.612,10.51,12.23
ASIANPAINT,"Asian Paints
Indian Multi-National Paint and Coating Manufacturing Company",31.45,41.75,2126725.18,73.37,3.9,0.2623,0.1627,1.612,10.51,12.23
ASIANPAINT,"Asian Paints
Indian Multi-National Paint and Coating Manufacturing Company",31.45,41.75,2126725.18,73.37,3.9,0.2651,0.1625,1.6314,10.51,12.23
ASIANPAINT,"Asian Paints
Indian Multi-National Paint and Coating Manufacturing Company",31.45,41.75,2126725.18,73.37,3.9,0.2651,0.1625,1.6314,10.51,12.23
ASIANPAINT,"Asian Paints
Indian Multi-National Paint and Coating Manufacturing Company",31.45,41.75,2126725.18,73.37,3.9,0.2738,0.1719,1.5931,10.51,12.23
ASIANPAINT,"Asian Paints
Indian Multi-National Paint and Coating Manufacturing Company",31.45,41.75,2126725.18,73.37,3.9,0.2738,0.1719,1.5931,10.51,12.23
ASIANPAINT,"Asian Paints
Indian Multi-National Paint and Coating Manufacturing Company",31.45,41.75,2126725.18,73.37,3.9,0.2763,0.1708,1.6182,10.51,12.23
ASIANPAINT,"Asian Paints
Indian Multi-National Paint and Coating Manufacturing Company",31.45,41.75,2126725.18,73.37,3.9,0.2763,0.1708,1.6182,10.51,12.23
ASIANPAINT,"Asian Paints
Indian Multi-National Paint and Coating Manufacturing Company",31.45,41.75,2126725.18,73.37,3.9,0.2968,0.1859,1.5966,10.51,12.23
ASIANPAINT,"Asian Paints
Indian Multi-National Paint and Coating Manufacturing Company",31.45,41.75,2126725.18,73.37,3.9,0.2968,0.1859,1.5966,10.51,12.23
ASIANPAINT,"Asian Paints
Indian Multi-National Paint and Coating Manufacturing Company",31.45,41.75,2126725.18,73.37,3.9,0.3009,0.1601,1.8798,10.51,12.23
ASIANPAINT,"Asian Paints
Indian Multi-National Paint and Coating Manufacturing Company",31.45,41.75,2126725.18,73.37,3.9,0.3009,0.1601,1.8798,10.51,12.23
ASIANPAINT,"Asian Paints
Indian Multi-National Paint and Coating Manufacturing Company",31.45,41.75,2126725.18,73.37,3.9,0.3127,0.1564,1.9993,10.51,12.23
ASIANPAINT,"Asian Paints
Indian Multi-National Paint and Coating Manufacturing Company",31.45,41.75,2126725.18,73.37,3.9,0.3127,0.1564,1.9993,10.51,12.23
ASIANPAINT,"Asian Paints
Indian Multi-National Paint and Coating Manufacturing Company",31.45,41.75,2126725.18,73.37,3.9,0.3428,0.171,2.0047,10.51,12.23
ASIANPAINT,"Asian Paints
Indian Multi-National Paint and Coating Manufacturing Company",31.45,41.75,2126725.18,73.37,3.9,0.3428,0.171,2.0047,10.51,12.23
ATGL,Adani Total Gas Ltd,20.5,21.2,1099356.08,22.78,14.0,0.1594,0.0578,2.7589,19.66,22.43
ATGL,Adani Total Gas Ltd,20.5,21.2,1099356.08,22.78,14.0,0.1857,0.0967,1.9194,19.66,22.43
ATGL,Adani Total Gas Ltd,20.5,21.2,1099356.08,22.78,14.0,0.1866,0.1013,1.8413,19.66,22.43
ATGL,Adani Total Gas Ltd,20.5,21.2,1099356.08,22.78,14.0,0.2078,0.1118,1.8584,19.66,22.43
ATGL,Adani Total Gas Ltd,20.5,21.2,1099356.08,22.78,14.0,0.2107,0.1153,1.8274,19.66,22.43
ATGL,Adani Total Gas Ltd,20.5,21.2,1099356.08,22.78,14.0,0.2394,0.1445,1.6567,19.66,22.43
ATGL,Adani Total Gas Ltd,20.5,21.2,1099356.08,22.78,14.0,0.2964,0.1761,1.6832,19.66,22.43
ATGL,Adani Total Gas Ltd,20.5,21.2,1148243.4,21.14,0.81,0.1594,0.0578,2.7589,19.66,22.43
ATGL,Adani Total Gas Ltd,20.5,21.2,1148243.4,21.14,0.81,0.1857,0.0967,1.9194,19.66,22.43
ATGL,Adani Total Gas Ltd,20.5,21.2,1148243.4,21.14,0.81,0.1866,0.1013,1.8413,19.66,22.43
ATGL,Adani Total Gas Ltd,20.5,21.2,1148243.4,21.14,0.81,0.2078,0.1118,1.8584,19.66,22.43
ATGL,Adani Total Gas Ltd,20.5,21.2,1148243.4,21.14,0.81,0.2107,0.1153,1.8274,19.66,22.43
ATGL,Adani Total Gas Ltd,20.5,21.2,1148243.4,21.14,0.81,0.2394,0.1445,1.6567,19.66,22.43
ATGL,Adani Total Gas Ltd,20.5,21.2,1148243.4,21.14,0.81,0.2964,0.1761,1.6832,19.66,22.43
ATGL,Adani Total Gas Ltd,20.5,21.2,1254318.65,35.59,6.88,0.1594,0.0578,2.7589,19.66,22.43
ATGL,Adani Total Gas Ltd,20.5,21.2,1254318.65,35.59,6.88,0.1857,0.0967,1.9194,19.66,22.43
ATGL,Adani Total Gas Ltd,20.5,21.2,1254318.65,35.59,6.88,0.1866,0.1013,1.8413,19.66,22.43
ATGL,Adani Total Gas Ltd,20.5,21.2,1254318.65,35.59,6.88,0.2078,0.1118,1.8584,19.66,22.43
ATGL,Adani Total Gas Ltd,20.5,21.2,1254318.65,35.59,6.88,0.2107,0.1153,1.8274,19.66,22.43
ATGL,Adani Total Gas Ltd,20.5,21.2,1254318.65,35.59,6.88,0.2394,0.1445,1.6567,19.66,22.43
ATGL,Adani Total Gas Ltd,20.5,21.2,1254318.65,35.59,6.88,0.2964,0.1761,1.6832,19.66,22.43
ATGL,Adani Total Gas Ltd,20.5,21.2,1535602.41,56.96,5.76,0.1594,0.0578,2.7589,19.66,22.43
ATGL,Adani Total Gas Ltd,20.5,21.2,1535602.41,56.96,5.76,0.1857,0.0967,1.9194,19.66,22.43
ATGL,Adani Total Gas Ltd,20.5,21.2,1535602.41,56.96,5.76,0.1866,0.1013,1.8413,19.66,22.43
ATGL,Adani Total Gas Ltd,20.5,21.2,1535602.41,56.96,5.76,0.2078,0.1118,1.8584,19.66,22.43
ATGL,Adani Total Gas Ltd,20.5,21.2,1535602.41,56.96,5.76,0.2107,0.1153,1.8274,19.66,22.43
ATGL,Adani Total Gas Ltd,20.5,21.2,1535602.41,56.96,5.76,0.2394,0.1445,1.6567,19.66,22.43
ATGL,Adani Total Gas Ltd,20.5,21.2,1535602.41,56.96,5.76,0.2964,0.1761,1.6832,19.66,22.43
ATGL,Adani Total Gas Ltd,20.5,21.2,1548060.05,74.55,14.11,0.1594,0.0578,2.7589,19.66,22.43
ATGL,Adani Total Gas Ltd,20.5,21.2,1548060.05,74.55,14.11,0.1857,0.0967,1.9194,19.66,22.43
ATGL,Adani Total Gas Ltd,20.5,21.2,1548060.05,74.55,14.11,0.1866,0.1013,1.8413,19.66,22.43
ATGL,Adani Total Gas Ltd,20.5,21.2,1548060.05,74.55,14.11,0.2078,0.1118,1.8584,19.66,22.43
ATGL,Adani Total Gas Ltd,20.5,21.2,1548060.05,74.55,14.11,0.2107,0.1153,1.8274,19.66,22.43
ATGL,Adani Total Gas Ltd,20.5,21.2,1548060.05,74.55,14.11,0.2394,0.1445,1.6567,19.66,22.43
ATGL,Adani Total Gas Ltd,20.5,21.2,1548060.05,74.55,14.11,0.2964,0.1761,1.6832,19.66,22.43
ATGL,Adani Total Gas Ltd,20.5,21.2,1644865.15,28.01,4.26,0.1594,0.0578,2.7589,19.66,22.43
ATGL,Adani Total Gas Ltd,20.5,21.2,1644865.15,28.01,4.26,0.1857,0.0967,1.9194,19.66,22.43
ATGL,Adani Total Gas Ltd,20.5,21.2,1644865.15,28.01,4.26,0.1866,0.1013,1.8413,19.66,22.43
ATGL,Adani Total Gas Ltd,20.5,21.2,1644865.15,28.01,4.26,0.2078,0.1118,1.8584,19.66,22.43
ATGL,Adani Total Gas Ltd,20.5,21.2,1644865.15,28.01,4.26,0.2107,0.1153,1.8274,19.66,22.43
ATGL,Adani Total Gas Ltd,20.5,21.2,1644865.15,28.01,4.26,0.2394,0.1445,1.6567,19.66,22.43
ATGL,Adani Total Gas Ltd,20.5,21.2,1644865.15,28.01,4.26,0.2964,0.1761,1.6832,19.66,22.43
AXISBANK,Axis Bank Ltd,18.4,7.06,609012.03,65.08,0.53,0.0043,0.0004,10.9599,13.22,14.53
AXISBANK,Axis Bank Ltd,18.4,7.06,609012.03,65.08,0.53,0.0188,0.0018,10.7467,13.22,14.53
AXISBANK,Axis Bank Ltd,18.4,7.06,609012.03,65.08,0.53,0.0636,0.0066,9.6628,13.22,14.53
AXISBANK,Axis Bank Ltd,18.4,7.06,609012.03,65.08,0.53,0.0653,0.006,10.8454,13.22,14.53
AXISBANK,Axis Bank Ltd,18.4,7.06,609012.03,65.08,0.53,0.069,0.0057,12.0062,13.22,14.53
AXISBANK,Axis Bank Ltd,18.4,7.06,609012.03,65.08,0.53,0.0738,0.0071,10.3591,13.22,14.53
AXISBANK,Axis Bank Ltd,18.4,7.06,609012.03,65.08,0.53,0.1101,0.0109,10.1114,13.22,14.53
AXISBANK,Axis Bank Ltd,18.4,7.06,609012.03,65.08,0.53,0.1536,0.0151,10.2016,13.22,14.53
AXISBANK,Axis Bank Ltd,18.4,7.06,609012.03,65.08,0.53,0.1562,0.0152,10.2708,13.22,14.53
AXISBANK,Axis Bank Ltd,18.4,7.06,609012.03,65.08,0.53,0.1583,0.0164,9.6689,13.22,14.53
AXISBANK,Axis Bank Ltd,18.4,7.06,609012.03,65.08,0.53,0.1619,0.0161,10.0622,13.22,14.53
AXISBANK,Axis Bank Ltd,18.4,7.06,609012.03,65.08,0.53,0.1637,0.0157,10.395,13.22,14.53
AXISBANK,Axis Bank Ltd,18.4,7.06,658857.1,32.36,2.69,0.0043,0.0004,10.9599,13.22,14.53
AXISBANK,Axis Bank Ltd,18.4,7.06,658857.1,32.36,2.69,0.0188,0.0018,10.7467,13.22,14.53
AXISBANK,Axis Bank Ltd,18.4,7.06,658857.1,32.36,2.69,0.0636,0.0066,9.6628,13.22,14.53
AXISBANK,Axis Bank Ltd,18.4,7.06,658857.1,32.36,2.69,0.0653,0.006,10.8454,13.22,14.53
AXISBANK,Axis Bank Ltd,18.4,7.06,658857.1,32.36,2.69,0.069,0.0057,12.0062,13.22,14.53
AXISBANK,Axis Bank Ltd,18.4,7.06,658857.1,32.36,2.69,0.0738,0.0071,10.3591,13.22,14.53
AXISBANK,Axis Bank Ltd,18.4,7.06,658857.1,32.36,2.69,0.1101,0.0109,10.1114,13.22,14.53
AXISBANK,Axis Bank Ltd,18.4,7.06,658857.1,32.36,2.69,0.1536,0.0151,10.2016,13.22,14.53
AXISBANK,Axis Bank Ltd,18.4,7.06,658857.1,32.36,2.69,0.1562,0.0152,10.2708,13.22,14.53
AXISBANK,Axis Bank Ltd,18.4,7.06,658857.1,32.36,2.69,0.1583,0.0164,9.6689,13.22,14.53
AXISBANK,Axis Bank Ltd,18.4,7.06,658857.1,32.36,2.69,0.1619,0.0161,10.0622,13.22,14.53
AXISBANK,Axis Bank Ltd,18.4,7.06,658857.1,32.36,2.69,0.1637,0.0157,10.395,13.22,14.53
AXISBANK,Axis Bank Ltd,18.4,7.06,734196.42,56.88,1.27,0.0043,0.0004,10.9599,13.22,14.53
AXISBANK,Axis Bank Ltd,18.4,7.06,734196.42,56.88,1.27,0.0188,0.0018,10.7467,13.22,14.53
AXISBANK,Axis Bank Ltd,18.4,7.06,734196.42,56.88,1.27,0.0636,0.0066,9.6628,13.22,14.53
AXISBANK,Axis Bank Ltd,18.4,7.06,734196.42,56.88,1.27,0.0653,0.006,10.8454,13.22,14.53
AXISBANK,Axis Bank Ltd,18.4,7.06,734196.42,56.88,1.27,0.069,0.0057,12.0062,13.22,14.53
AXISBANK,Axis Bank Ltd,18.4,7.06,734196.42,56.88,1.27,0.0738,0.0071,10.3591,13.22,14.53
AXISBANK,Axis Bank Ltd,18.4,7.06,734196.42,56.88,1.27,0.1101,0.0109,10.1114,13.22,14.53
AXISBANK,Axis Bank Ltd,18.4,7.06,734196.42,56.88,1.27,0.1536,0.0151,10.2016,13.22,14.53
AXISBANK,Axis Bank Ltd,18.4,7.06,734196.42,56.88,1.27,0.1562,0.0152,10.2708,13.22,14.53
AXISBANK,Axis Bank Ltd,18.4,7.06,734196.42,56.88,1.27,0.1583,0.0164,9.6689,13.22,14.53
AXISBANK,Axis Bank Ltd,18.4,7.06,734196.42,56.88,1.27,0.1619,0.0161,10.0622,13.22,14.53
AXISBANK,Axis Bank Ltd,18.4,7.06,734196.42,56.88,1.27,0.1637,0.0157,10.395,13.22,14.53
AXISBANK,Axis Bank Ltd,18.4,7.06,766941.69,60.2,4.08,0.0043,0.0004,10.9599,13.22,14.53
AXISBANK,Axis Bank Ltd,18.4,7.06,766941.69,60.2,4.08,0.0188,0.0018,10.7467,13.22,14.53
AXISBANK,Axis Bank Ltd,18.4,7.06,766941.69,60.2,4.08,0.0636,0.0066,9.6628,13.22,14.53
AXISBANK,Axis Bank Ltd,18.4,7.06,766941.69,60.2,4.08,0.0653,0.006,10.8454,13.22,14.53
AXISBANK,Axis Bank Ltd,18.4,7.06,766941.69,60.2,4.08,0.069,0.0057,12.0062,13.22,14.53
AXISBANK,Axis Bank Ltd,18.4,7.06,766941.69,60.2,4.08,0.0738,0.0071,10.3591,13.22,14.53
AXISBANK,Axis Bank Ltd,18.4,7.06,766941.69,60.2,4.08,0.1101,0.0109,10.1114,13.22,14.53
AXISBANK,Axis Bank Ltd,18.4,7.06,766941.69,60.2,4.08,0.1536,0.0151,10.2016,13.22,14.53
AXISBANK,Axis Bank Ltd,18.4,7.06,766941.69,60.2,4.08,0.1562,0.0152,10.2708,13.22,14.53
AXISBANK,Axis Bank Ltd,18.4,7.06,766941.69,60.2,4.08,0.1583,0.0164,9.6689,13.22,14.53
AXISBANK,Axis Bank Ltd,18.4,7.06,766941.69,60.2,4.08,0.1619,0.0161,10.0622,13.22,14.53
AXISBANK,Axis Bank Ltd,18.4,7.06,766941.69,60.2,4.08,0.1637,0.0157,10.395,13.22,14.53
AXISBANK,Axis Bank Ltd,18.4,7.06,939586.86,38.88,12.76,0.0043,0.0004,10.9599,13.22,14.53
AXISBANK,Axis Bank Ltd,18.4,7.06,939586.86,38.88,12.76,0.0188,0.0018,10.7467,13.22,14.53
AXISBANK,Axis Bank Ltd,18.4,7.06,939586.86,38.88,12.76,0.0636,0.0066,9.6628,13.22,14.53
AXISBANK,Axis Bank Ltd,18.4,7.06,939586.86,38.88,12.76,0.0653,0.006,10.8454,13.22,14.53
AXISBANK,Axis Bank Ltd,18.4,7.06,939586.86,38.88,12.76,0.069,0.0057,12.0062,13.22,14.53
AXISBANK,Axis Bank Ltd,18.4,7.06,939586.86,38.88,12.76,0.0738,0.0071,10.3591,13.22,14.53
AXISBANK,Axis Bank Ltd,18.4,7.06,939586.86,38.88,12.76,0.1101,0.0109,10.1114,13.22,14.53
AXISBANK,Axis Bank Ltd,18.4,7.06,939586.86,38.88,12.76,0.1536,0.0151,10.2016,13.22,14.53
AXISBANK,Axis Bank Ltd,18.4,7.06,939586.86,38.88,12.76,0.1562,0.0152,10.2708,13.22,14.53
AXISBANK,Axis Bank Ltd,18.4,7.06,939586.86,38.88,12.76,0.1583,0.0164,9.6689,13.22,14.53
AXISBANK,Axis Bank Ltd,18.4,7.06,939586.86,38.88,12.76,0.1619,0.0161,10.0622,13.22,14.53
AXISBANK,Axis Bank Ltd,18.4,7.06,939586.86,38.88,12.76,0.1637,0.0157,10.395,13.22,14.53
AXISBANK,Axis Bank Ltd,18.4,7.06,948868.63,38.14,4.66,0.0043,0.0004,10.9599,13.22,14.53
AXISBANK,Axis Bank Ltd,18.4,7.06,948868.63,38.14,4.66,0.0188,0.0018,10.7467,13.22,14.53
AXISBANK,Axis Bank Ltd,18.4,7.06,948868.63,38.14,4.66,0.0636,0.0066,9.6628,13.22,14.53
AXISBANK,Axis Bank Ltd,18.4,7.06,948868.63,38.14,4.66,0.0653,0.006,10.8454,13.22,14.53
AXISBANK,Axis Bank Ltd,18.4,7.06,948868.63,38.14,4.66,0.069,0.0057,12.0062,13.22,14.53
AXISBANK,Axis Bank Ltd,18.4,7.06,948868.63,38.14,4.66,0.0738,0.0071,10.3591,13.22,14.53
AXISBANK,Axis Bank Ltd,18.4,7.06,948868.63,38.14,4.66,0.1101,0.0109,10.1114,13.22,14.53
AXISBANK,Axis Bank Ltd,18.4,7.06,948868.63,38.14,4.66,0.1536,0.0151,10.2016,13.22,14.53
AXISBANK,Axis Bank Ltd,18.4,7.06,948868.63,38.14,4.66,0.1562,0.0152,10.2708,13.22,14.53
AXISBANK,Axis Bank Ltd,18.4,7.06,948868.63,38.14,4.66,0.1583,0.0164,9.6689,13.22,14.53
AXISBANK,Axis Bank Ltd,18.4,7.06,948868.63,38.14,4.66,0.1619,0.0161,10.0622,13.22,14.53
AXISBANK,Axis Bank Ltd,18.4,7.06,948868.63,38.14,4.66,0.1637,0.0157,10.395,13.22,14.53
BAJAJ-AUTO,Bajaj Auto Ltd,26.5,33.5,323040.49,42.63,11.32,0.1781,0.1445,1.2321,7.72,7.39
BAJAJ-AUTO,Bajaj Auto Ltd,26.5,33.5,323040.49,42.63,11.32,0.2064,0.1725,1.1966,7.72,7.39
BAJAJ-AUTO,Bajaj Auto Ltd,26.5,33.5,323040.49,42.63,11.32,0.2065,0.1756,1.1759,7.72,7.39
BAJAJ-AUTO,Bajaj Auto Ltd,26.5,33.5,323040.49,42.63,11.32,0.2066,0.1678,1.2309,7.72,7.39
BAJAJ-AUTO,Bajaj Auto Ltd,26.5,33.5,323040.49,42.63,11.32,0.2121,0.1709,1.2411,7.72,7.39
BAJAJ-AUTO,Bajaj Auto Ltd,26.5,33.5,323040.49,42.63,11.32,0.2284,0.1885,1.2118,7.72,7.39
BAJAJ-AUTO,Bajaj Auto Ltd,26.5,33.5,323040.49,42.63,11.32,0.2406,0.1966,1.2238,7.72,7.39
BAJAJ-AUTO,Bajaj Auto Ltd,26.5,33.5,323040.49,42.63,11.32,0.2661,0.1959,1.3585,7.72,7.39
BAJAJ-AUTO,Bajaj Auto Ltd,26.5,33.5,323040.49,42.63,11.32,0.2727,0.1895,1.439,7.72,7.39
BAJAJ-AUTO,Bajaj Auto Ltd,26.5,33.5,323040.49,42.63,11.32,0.2897,0.2356,1.2297,7.72,7.39
BAJAJ-AUTO,Bajaj Auto Ltd,26.5,33.5,323040.49,42.63,11.32,0.3324,0.2208,1.5057,7.72,7.39
BAJAJ-AUTO,Bajaj Auto Ltd,26.5,33.5,323040.49,42.63,11.32,0.3885,0.2478,1.5675,7.72,7.39
BAJAJ-AUTO,Bajaj Auto Ltd,26.5,33.5,351288.98,79.31,9.65,0.1781,0.1445,1.2321,7.72,7.39
BAJAJ-AUTO,Bajaj Auto Ltd,26.5,33.5,351288.98,79.31,9.65,0.2064,0.1725,1.1966,7.72,7.39
BAJAJ-AUTO,Bajaj Auto Ltd,26.5,33.5,351288.98,79.31,9.65,0.2065,0.1756,1.1759,7.72,7.39
BAJAJ-AUTO,Bajaj Auto Ltd,26.5,33.5,351288.98,79.31,9.65,0.2066,0.1678,1.2309,7.72,7.39
BAJAJ-AUTO,Bajaj Auto Ltd,26.5,33.5,351288.98,79.31,9.65,0.2121,0.1709,1.2411,7.72,7.39
BAJAJ-AUTO,Bajaj Auto Ltd,26.5,33.5,351288.98,79.31,9.65,0.2284,0.1885,1.2118,7.72,7.39
BAJAJ-AUTO,Bajaj Auto Ltd,26.5,33.5,351288.98,79.31,9.65,0.2406,0.1966,1.2238,7.72,7.39
BAJAJ-AUTO,Bajaj Auto Ltd,26.5,33.5,351288.98,79.31,9.65,0.2661,0.1959,1.3585,7.72,7.39
BAJAJ-AUTO,Bajaj Auto Ltd,26.5,33.5,351288.98,79.31,9.65,0.2727,0.1895,1.439,7.72,7.39
BAJAJ-AUTO,Bajaj Auto Ltd,26.5,33.5,351288.98,79.31,9.65,0.2897,0.2356,1.2297,7.72,7.39
BAJAJ-AUTO,Bajaj Auto Ltd,26.5,33.5,351288.98,79.31,9.65,0.3324,0.2208,1.5057,7.72,7.39
BAJAJ-AUTO,Bajaj Auto Ltd,26.5,33.5,351288.98,79.31,9.65,0.3885,0.2478,1.5675,7.72,7.39
BAJAJ-AUTO,Bajaj Auto Ltd,26.5,33.5,453226.79,49.41,11.43,0.1781,0.1445,1.2321,7.72,7.39
BAJAJ-AUTO,Bajaj Auto Ltd,26.5,33.5,453226.79,49.41,11.43,0.2064,0.1725,1.1966,7.72,7.39
BAJAJ-AUTO,Bajaj Auto Ltd,26.5,33.5,453226.79,49.41,11.43,0.2065,0.1756,1.1759,7.72,7.39
BAJAJ-AUTO,Bajaj Auto Ltd,26.5,33.5,453226.79,49.41,11.43,0.2066,0.1678,1.2309,7.72,7.39
BAJAJ-AUTO,Bajaj Auto Ltd,26.5,33.5,453226.79,49.41,11.43,0.2121,0.1709,1.2411,7.72,7.39
BAJAJ-AUTO,Bajaj Auto Ltd,26.5,33.5,453226.79,49.41,11.43,0.2284,0.1885,1.2118,7.72,7.39
BAJAJ-AUTO,Bajaj Auto Ltd,26.5,33.5,453226.79,49.41,11.43,0.2406,0.1966,1.2238,7.72,7.39
BAJAJ-AUTO,Bajaj Auto Ltd,26.5,33.5,453226.79,49.41,11.43,0.2661,0.1959,1.3585,7.72,7.39
BAJAJ-AUTO,Bajaj Auto Ltd,26.5,33.5,453226.79,49.41,11.43,0.2727,0.1895,1.439,7.72,7.39
BAJAJ-AUTO,Bajaj Auto Ltd,26.5,33.5,453226.79,49.41,11.43,0.2897,0.2356,1.2297,7.72,7.39
BAJAJ-AUTO,Bajaj Auto Ltd,26.5,33.5,453226.79,49.41,11.43,0.3324,0.2208,1.5057,7.72,7.39
BAJAJ-AUTO,Bajaj Auto Ltd,26.5,33.5,453226.79,49.41,11.43,0.3885,0.2478,1.5675,7.72,7.39
BAJAJ-AUTO,Bajaj Auto Ltd,26.5,33.5,552671.87,78.58,8.54,0.1781,0.1445,1.2321,7.72,7.39
BAJAJ-AUTO,Bajaj Auto Ltd,26.5,33.5,552671.87,78.58,8.54,0.2064,0.1725,1.1966,7.72,7.39
BAJAJ-AUTO,Bajaj Auto Ltd,26.5,33.5,552671.87,78.58,8.54,0.2065,0.1756,1.1759,7.72,7.39
BAJAJ-AUTO,Bajaj Auto Ltd,26.5,33.5,552671.87,78.58,8.54,0.2066,0.1678,1.2309,7.72,7.39
BAJAJ-AUTO,Bajaj Auto Ltd,26.5,33.5,552671.87,78.58,8.54,0.2121,0.1709,1.2411,7.72,7.39
BAJAJ-AUTO,Bajaj Auto Ltd,26.5,33.5,552671.87,78.58,8.54,0.2284,0.1885,1.2118,7.72,7.39
BAJAJ-AUTO,Bajaj Auto Ltd,26.5,33.5,552671.87,78.58,8.54,0.2406,0.1966,1.2238,7.72,7.39
BAJAJ-AUTO,Bajaj Auto Ltd,26.5,33.5,552671.87,78.58,8.54,0.2661,0.1959,1.3585,7.72,7.39
BAJAJ-AUTO,Bajaj Auto Ltd,26.5,33.5,552671.87,78.58,8.54,0.2727,0.1895,1.439,7.72,7.39
BAJAJ-AUTO,Bajaj Auto Ltd,26.5,33.5,552671.87,78.58,8.54,0.2897,0.2356,1.2297,7.72,7.39
BAJAJ-AUTO,Bajaj Auto Ltd,26.5,33.5,552671.87,78.58,8.54,0.3324,0.2208,1.5057,7.72,7.39
BAJAJ-AUTO,Bajaj Auto Ltd,26.5,33.5,552671.87,78.58,8.54,0.3885,0.2478,1.5675,7.72,7.39
BAJAJ-AUTO,Bajaj Auto Ltd,26.5,33.5,578373.58,49.72,10.06,0.1781,0.1445,1.2321,7.72,7.39
BAJAJ-AUTO,Bajaj Auto Ltd,26.5,33.5,578373.58,49.72,10.06,0.2064,0.1725,1.1966,7.72,7.39
BAJAJ-AUTO,Bajaj Auto Ltd,26.5,33.5,578373.58,49.72,10.06,0.2065,0.1756,1.1759,7.72,7.39
BAJAJ-AUTO,Bajaj Auto Ltd,26.5,33.5,578373.58,49.72,10.06,0.2066,0.1678,1.2309,7.72,7.39
BAJAJ-AUTO,Bajaj Auto Ltd,26.5,33.5,578373.58,49.72,10.06,0.2121,0.1709,1.2411,7.72,7.39
BAJAJ-AUTO,Bajaj Auto Ltd,26.5,33.5,578373.58,49.72,10.06,0.2284,0.1885,1.2118,7.72,7.39
BAJAJ-AUTO,Bajaj Auto Ltd,26.5,33.5,578373.58,49.72,10.06,0.2406,0.1966,1.2238,7.72,7.39
BAJAJ-AUTO,Bajaj Auto Ltd,26.5,33.5,578373.58,49.72,10.06,0.2661,0.1959,1.3585,7.72,7.39
BAJAJ-AUTO,Bajaj Auto Ltd,26.5,33.5,578373.58,49.72,10.06,0.2727,0.1895,1.439,7.72,7.39
BAJAJ-AUTO,Bajaj Auto Ltd,26.5,33.5,578373.58,49.72,10.06,0.2897,0.2356,1.2297,7.72,7.39
BAJAJ-AUTO,Bajaj Auto Ltd,26.5,33.5,578373.58,49.72,10.06,0.3324,0.2208,1.5057,7.72,7.39
BAJAJ-AUTO,Bajaj Auto Ltd,26.5,33.5,578373.58,49.72,10.06,0.3885,0.2478,1.5675,7.72,7.39
BAJAJ-AUTO,Bajaj Auto Ltd,26.5,33.5,653817.3,29.91,9.83,0.1781,0.1445,1.2321,7.72,7.39
BAJAJ-AUTO,Bajaj Auto Ltd,26.5,33.5,653817.3,29.91,9.83,0.2064,0.1725,1.1966,7.72,7.39
BAJAJ-AUTO,Bajaj Auto Ltd,26.5,33.5,653817.3,29.91,9.83,0.2065,0.1756,1.1759,7.72,7.39
BAJAJ-AUTO,Bajaj Auto Ltd,26.5,33.5,653817.3,29.91,9.83,0.2066,0.1678,1.2309,7.72,7.39
BAJAJ-AUTO,Bajaj Auto Ltd,26.5,33.5,653817.3,29.91,9.83,0.2121,0.1709,1.2411,7.72,7.39
BAJAJ-AUTO,Bajaj Auto Ltd,26.5,33.5,653817.3,29.91,9.83,0.2284,0.1885,1.2118,7.72,7.39
BAJAJ-AUTO,Bajaj Auto Ltd,26.5,33.5,653817.3,29.91,9.83,0.2406,0.1966,1.2238,7.72,7.39
BAJAJ-AUTO,Bajaj Auto Ltd,26.5,33.5,653817.3,29.91,9.83,0.2661,0.1959,1.3585,7.72,7.39
BAJAJ-AUTO,Bajaj Auto Ltd,26.5,33.5,653817.3,29.91,9.83,0.2727,0.1895,1.439,7.72,7.39
BAJAJ-AUTO,Bajaj Auto Ltd,26.5,33.5,653817.3,29.91,9.83,0.2897,0.2356,1.2297,7.72,7.39
BAJAJ-AUTO,Bajaj Auto Ltd,26.5,33.5,653817.3,29.91,9.83,0.3324,0.2208,1.5057,7.72,7.39
BAJAJ-AUTO,Bajaj Auto Ltd,26.5,33.5,653817.3,29.91,9.83,0.3885,0.2478,1.5675,7.72,7.39
BAJAJFINSV,Bajaj Finserv Ltd,11.72,21.14,1148808.62,43.61,5.19,0.1915,0.0239,8.0284,25.78,18.23
BAJAJFINSV,Bajaj Finserv Ltd,11.72,21.14,1148808.62,43.61,5.19,0.2039,0.0259,7.8853,25.78,18.23
BAJAJFINSV,Bajaj Finserv Ltd,11.72,21.14,1148808.62,43.61,5.19,0.2041,0.0267,7.644,25.78,18.23
BAJAJFINSV,Bajaj Finserv Ltd,11.72,21.14,1148808.62,43.61,5.19,0.2056,0.0263,7.8104,25.78,18.23
BAJAJFINSV,Bajaj Finserv Ltd,11.72,21.14,1148808.62,43.61,5.19,0.2066,0.0249,8.2842,25.78,18.23
BAJAJFINSV,Bajaj Finserv Ltd,11.72,21.14,1148808.62,43.61,5.19,0.2136,0.0268,7.9632,25.78,18.23
BAJAJFINSV,Bajaj Finserv Ltd,11.72,21.14,1148808.62,43.61,5.19,0.2172,0.0273,7.9564,25.78,18.23
BAJAJFINSV,Bajaj Finserv Ltd,11.72,21.14,1148808.62,43.61,5.19,0.2264,0.0258,8.7796,25.78,18.23
BAJAJFINSV,Bajaj Finserv Ltd,11.72,21.14,1148808.62,43.61,5.19,0.2353,0.0295,7.9879,25.78,18.23
BAJAJFINSV,Bajaj Finserv Ltd,11.72,21.14,1148808.62,43.61,5.19,0.2585,0.029,8.9082,25.78,18.23
BAJAJFINSV,Bajaj Finserv Ltd,11.72,21.14,1148808.62,43.61,5.19,0.2631,0.0301,8.7358,25.78,18.23
BAJAJFINSV,Bajaj Finserv Ltd,11.72,21.14,1148808.62,43.61,5.19,0.2838,0.0339,8.3786,25.78,18.23
BAJAJFINSV,Bajaj Finserv Ltd,11.72,21.14,1182995.84,33.33,3.61,0.1915,0.0239,8.0284,25.78,18.23
BAJAJFINSV,Bajaj Finserv Ltd,11.72,21.14,1182995.84,33.33,3.61,0.2039,0.0259,7.8853,25.78,18.23
BAJAJFINSV,Bajaj Finserv Ltd,11.72,21.14,1182995.84,33.33,3.61,0.2041,0.0267,7.644,25.78,18.23
BAJAJFINSV,Bajaj Finserv Ltd,11.72,21.14,1182995.84,33.33,3.61,0.2056,0.0263,7.8104,25.78,18.23
BAJAJFINSV,Bajaj Finserv Ltd,11.72,21.14,1182995.84,33.33,3.61,0.2066,0.0249,8.2842,25.78,18.23
BAJAJFINSV,Bajaj Finserv Ltd,11.72,21.14,1182995.84,33.33,3.61,0.2136,0.0268,7.9632,25.78,18.23
BAJAJFINSV,Bajaj Finserv Ltd,11.72,21.14,1182995.84,33.33,3.61,0.2172,0.0273,7.9564,25.78,18.23
BAJAJFINSV,Bajaj Finserv Ltd,11.72,21.14,1182995.84,33.33,3.61,0.2264,0.0258,8.7796,25.78,18.23
BAJAJFINSV,Bajaj Finserv Ltd,11.72,21.14,1182995.84,33.33,3.61,0.2353,0.0295,7.9879,25.78,18.23
BAJAJFINSV,Bajaj Finserv Ltd,11.72,21.14,1182995.84,33.33,3.61,0.2585,0.029,8.9082,25.78,18.23
BAJAJFINSV,Bajaj Finserv Ltd,11.72,21.14,1182995.84,33.33,3.61,0.2631,0.0301,8.7358,25.78,18.23
BAJAJFINSV,Bajaj Finserv Ltd,11.72,21.14,1182995.84,33.33,3.61,0.2838,0.0339,8.3786,25.78,18.23
BAJAJFINSV,Bajaj Finserv Ltd,11.72,21.14,1489062.77,51.06,2.31,0.1915,0.0239,8.0284,25.78,18.23
BAJAJFINSV,Bajaj Finserv Ltd,11.72,21.14,1489062.77,51.06,2.31,0.2039,0.0259,7.8853,25.78,18.23
BAJAJFINSV,Bajaj Finserv Ltd,11.72,21.14,1489062.77,51.06,2.31,0.2041,0.0267,7.644,25.78,18.23
BAJAJFINSV,Bajaj Finserv Ltd,11.72,21.14,1489062.77,51.06,2.31,0.2056,0.0263,7.8104,25.78,18.23
BAJAJFINSV,Bajaj Finserv Ltd,11.72,21.14,1489062.77,51.06,2.31,0.2066,0.0249,8.2842,25.78,18.23
BAJAJFINSV,Bajaj Finserv Ltd,11.72,21.14,1489062.77,51.06,2.31,0.2136,0.0268,7.9632,25.78,18.23
BAJAJFINSV,Bajaj Finserv Ltd,11.72,21.14,1489062.77,51.06,2.31,0.2172,0.0273,7.9564,25.78,18.23
BAJAJFINSV,Bajaj Finserv Ltd,11.72,21.14,1489062.77,51.06,2.31,0.2264,0.0258,8.7796,25.78,18.23
BAJAJFINSV,Bajaj Finserv Ltd,11.72,21.14,1489062.77,51.06,2.31,0.2353,0.0295,7.9879,25.78,18.23
BAJAJFINSV,Bajaj Finserv Ltd,11.72,21.14,1489062.77,51.06,2.31,0.2585,0.029,8.9082,25.78,18.23
BAJAJFINSV,Bajaj Finserv Ltd,11.72,21.14,1489062.77,51.06,2.31,0.2631,0.0301,8.7358,25.78,18.23
BAJAJFINSV,Bajaj Finserv Ltd,11.72,21.14,1489062.77,51.06,2.31,0.2838,0.0339,8.3786,25.78,18.23
BAJAJFINSV,Bajaj Finserv Ltd,11.72,21.14,1845750.3,76.89,13.57,0.1915,0.0239,8.0284,25.78,18.23
BAJAJFINSV,Bajaj Finserv Ltd,11.72,21.14,1845750.3,76.89,13.57,0.2039,0.0259,7.8853,25.78,18.23
BAJAJFINSV,Bajaj Finserv Ltd,11.72,21.14,1845750.3,76.89,13.57,0.2041,0.0267,7.644,25.78,18.23
BAJAJFINSV,Bajaj Finserv Ltd,11.72,21.14,1845750.3,76.89,13.57,0.2056,0.0263,7.8104,25.78,18.23
BAJAJFINSV,Bajaj Finserv Ltd,11.72,21.14,1845750.3,76.89,13.57,0.2066,0.0249,8.2842,25.78,18.23
BAJAJFINSV,Bajaj Finserv Ltd,11.72,21.14,1845750.3,76.89,13.57,0.2136,0.0268,7.9632,25.78,18.23
BAJAJFINSV,Bajaj Finserv Ltd,11.72,21.14,1845750.3,76.89,13.57,0.2172,0.0273,7.9564,25.78,18.23
BAJAJFINSV,Bajaj Finserv Ltd,11.72,21.14,1845750.3,76.89,13.57,0.2264,0.0258,8.7796,25.78,18.23
BAJAJFINSV,Bajaj Finserv Ltd,11.72,21.14,1845750.3,76.89,13.57,0.2353,0.0295,7.9879,25.78,18.23
BAJAJFINSV,Bajaj Finserv Ltd,11.72,21.14,1845750.3,76.89,13.57,0.2585,0.029,8.9082,25.78,18.23
BAJAJFINSV,Bajaj Finserv Ltd,11.72,21.14,1845750.3,76.89,13.57,0.2631,0.0301,8.7358,25.78,18.23
BAJAJFINSV,Bajaj Finserv Ltd,11.72,21.14,1845750.3,76.89,13.57,0.2838,0.0339,8.3786,25.78,18.23
BAJAJFINSV,Bajaj Finserv Ltd,11.72,21.14,1877835.72,59.39,12.5,0.1915,0.0239,8.0284,25.78,18.23
BAJAJFINSV,Bajaj Finserv Ltd,11.72,21.14,1877835.72,59.39,12.5,0.2039,0.0259,7.8853,25.78,18.23
BAJAJFINSV,Bajaj Finserv Ltd,11.72,21.14,1877835.72,59.39,12.5,0.2041,0.0267,7.644,25.78,18.23
BAJAJFINSV,Bajaj Finserv Ltd,11.72,21.14,1877835.72,59.39,12.5,0.2056,0.0263,7.8104,25.78,18.23
BAJAJFINSV,Bajaj Finserv Ltd,11.72,21.14,1877835.72,59.39,12.5,0.2066,0.0249,8.2842,25.78,18.23
BAJAJFINSV,Bajaj Finserv Ltd,11.72,21.14,1877835.72,59.39,12.5,0.2136,0.0268,7.9632,25.78,18.23
BAJAJFINSV,Bajaj Finserv Ltd,11.72,21.14,1877835.72,59.39,12.5,0.2172,0.0273,7.9564,25.78,18.23
BAJAJFINSV,Bajaj Finserv Ltd,11.72,21.14,1877835.72,59.39,12.5,0.2264,0.0258,8.7796,25.78,18.23
BAJAJFINSV,Bajaj Finserv Ltd,11.72,21.14,1877835.72,59.39,12.5,0.2353,0.0295,7.9879,25.78,18.23
BAJAJFINSV,Bajaj Finserv Ltd,11.72,21.14,1877835.72,59.39,12.5,0.2585,0.029,8.9082,25.78,18.23
BAJAJFINSV,Bajaj Finserv Ltd,11.72,21.14,1877835.72,59.39,12.5,0.2631,0.0301,8.7358,25.78,18.23
BAJAJFINSV,Bajaj Finserv Ltd,11.72,21.14,1877835.72,59.39,12.5,0.2838,0.0339,8.3786,25.78,18.23
BAJAJFINSV,Bajaj Finserv Ltd,11.72,21.14,1905112.17,15.07,6.08,0.1915,0.0239,8.0284,25.78,18.23
BAJAJFINSV,Bajaj Finserv Ltd,11.72,21.14,1905112.17,15.07,6.08,0.2039,0.0259,7.8853,25.78,18.23
BAJAJFINSV,Bajaj Finserv Ltd,11.72,21.14,1905112.17,15.07,6.08,0.2041,0.0267,7.644,25.78,18.23
BAJAJFINSV,Bajaj Finserv Ltd,11.72,21.14,1905112.17,15.07,6.08,0.2056,0.0263,7.8104,25.78,18.23
BAJAJFINSV,Bajaj Finserv Ltd,11.72,21.14,1905112.17,15.07,6.08,0.2066,0.0249,8.2842,25.78,18.23
BAJAJFINSV,Bajaj Finserv Ltd,11.72,21.14,1905112.17,15.07,6.08,0.2136,0.0268,7.9632,25.78,18.23
BAJAJFINSV,Bajaj Finserv Ltd,11.72,21.14,1905112.17,15.07,6.08,0.2172,0.0273,7.9564,25.78,18.23
BAJAJFINSV,Bajaj Finserv Ltd,11.72,21.14,1905112.17,15.07,6.08,0.2264,0.0258,8.7796,25.78,18.23
BAJAJFINSV,Bajaj Finserv Ltd,11.72,21.14,1905112.17,15.07,6.08,0.2353,0.0295,7.9879,25.78,18.23
BAJAJFINSV,Bajaj Finserv Ltd,11.72,21.14,1905112.17,15.07,6.08,0.2585,0.029,8.9082,25.78,18.23
BAJAJFINSV,Bajaj Finserv Ltd,11.72,21.14,1905112.17,15.07,6.08,0.2631,0.0301,8.7358,25.78,18.23
BAJAJFINSV,Bajaj Finserv Ltd,11.72,21.14,1905112.17,15.07,6.08,0.2838,0.0339,8.3786,25.78,18.23
BAJAJHLDNG,Bajaj Holdings & Investment Ltd,14.8,13.1,1014477.55,76.88,9.04,0.0963,0.077,1.2508,14.62,12.32
BAJAJHLDNG,Bajaj Holdings & Investment Ltd,14.8,13.1,1014477.55,76.88,9.04,0.0983,0.0803,1.2239,14.62,12.32
BAJAJHLDNG,Bajaj Holdings & Investment Ltd,14.8,13.1,1014477.55,76.88,9.04,0.1054,0.1051,1.0027,14.62,12.32
BAJAJHLDNG,Bajaj Holdings & Investment Ltd,14.8,13.1,1014477.55,76.88,9.04,0.1109,0.0941,1.1789,14.62,12.32
BAJAJHLDNG,Bajaj Holdings & Investment Ltd,14.8,13.1,1014477.55,76.88,9.04,0.1119,0.093,1.2038,14.62,12.32
BAJAJHLDNG,Bajaj Holdings & Investment Ltd,14.8,13.1,1014477.55,76.88,9.04,0.1131,0.1129,1.0021,14.62,12.32
BAJAJHLDNG,Bajaj Holdings & Investment Ltd,14.8,13.1,1014477.55,76.88,9.04,0.1358,0.113,1.2012,14.62,12.32
BAJAJHLDNG,Bajaj Holdings & Investment Ltd,14.8,13.1,1014477.55,76.88,9.04,0.1388,0.1382,1.004,14.62,12.32
BAJAJHLDNG,Bajaj Holdings & Investment Ltd,14.8,13.1,1014477.55,76.88,9.04,0.1481,0.1464,1.0117,14.62,12.32
BAJAJHLDNG,Bajaj Holdings & Investment Ltd,14.8,13.1,1014477.55,76.88,9.04,0.1515,0.146,1.0373,14.62,12.32
BAJAJHLDNG,Bajaj Holdings & Investment Ltd,14.8,13.1,1014477.55,76.88,9.04,0.1657,0.1597,1.0374,14.62,12.32
BAJAJHLDNG,Bajaj Holdings & Investment Ltd,14.8,13.1,1014477.55,76.88,9.04,0.1794,0.1723,1.0416,14.62,12.32
BAJAJHLDNG,Bajaj Holdings & Investment Ltd,14.8,13.1,1365867.86,50.76,2.05,0.0963,0.077,1.2508,14.62,12.32
BAJAJHLDNG,Bajaj Holdings & Investment Ltd,14.8,13.1,1365867.86,50.76,2.05,0.0983,0.0803,1.2239,14.62,12.32
BAJAJHLDNG,Bajaj Holdings & Investment Ltd,14.8,13.1,1365867.86,50.76,2.05,0.1054,0.1051,1.0027,14.62,12.32
BAJAJHLDNG,Bajaj Holdings & Investment Ltd,14.8,13.1,1365867.86,50.76,2.05,0.1109,0.0941,1.1789,14.62,12.32
BAJAJHLDNG,Bajaj Holdings & Investment Ltd,14.8,13.1,1365867.86,50.76,2.05,0.1119,0.093,1.2038,14.62,12.32
BAJAJHLDNG,Bajaj Holdings & Investment Ltd,14.8,13.1,1365867.86,50.76,2.05,0.1131,0.1129,1.0021,14.62,12.32
BAJAJHLDNG,Bajaj Holdings & Investment Ltd,14.8,13.1,1365867.86,50.76,2.05,0.1358,0.113,1.2012,14.62,12.32
BAJAJHLDNG,Bajaj Holdings & Investment Ltd,14.8,13.1,1365867.86,50.76,2.05,0.1388,0.1382,1.004,14.62,12.32
BAJAJHLDNG,Bajaj Holdings & Investment Ltd,14.8,13.1,1365867.86,50.76,2.05,0.1481,0.1464,1.0117,14.62,12.32
BAJAJHLDNG,Bajaj Holdings & Investment Ltd,14.8,13.1,1365867.86,50.76,2.05,0.1515,0.146,1.0373,14.62,12.32
BAJAJHLDNG,Bajaj Holdings & Investment Ltd,14.8,13.1,1365867.86,50.76,2.05,0.1657,0.1597,1.0374,14.62,12.32
BAJAJHLDNG,Bajaj Holdings & Investment Ltd,14.8,13.1,1365867.86,50.76,2.05,0.1794,0.1723,1.0416,14.62,12.32
BAJAJHLDNG,Bajaj Holdings & Investment Ltd,14.8,13.1,1366103.22,35.88,14.51,0.0963,0.077,1.2508,14.62,12.32
BAJAJHLDNG,Bajaj Holdings & Investment Ltd,14.8,13.1,1366103.22,35.88,14.51,0.0983,0.0803,1.2239,14.62,12.32
BAJAJHLDNG,Bajaj Holdings & Investment Ltd,14.8,13.1,1366103.22,35.88,14.51,0.1054,0.1051,1.0027,14.62,12.32
BAJAJHLDNG,Bajaj Holdings & Investment Ltd,14.8,13.1,1366103.22,35.88,14.51,0.1109,0.0941,1.1789,14.62,12.32
BAJAJHLDNG,Bajaj Holdings & Investment Ltd,14.8,13.1,1366103.22,35.88,14.51,0.1119,0.093,1.2038,14.62,12.32
BAJAJHLDNG,Bajaj Holdings & Investment Ltd,14.8,13.1,1366103.22,35.88,14.51,0.1131,0.1129,1.0021,14.62,12.32
BAJAJHLDNG,Bajaj Holdings & Investment Ltd,14.8,13.1,1366103.22,35.88,14.51,0.1358,0.113,1.2012,14.62,12.32
BAJAJHLDNG,Bajaj Holdings & Investment Ltd,14.8,13.1,1366103.22,35.88,14.51,0.1388,0.1382,1.004,14.62,12.32
BAJAJHLDNG,Bajaj Holdings & Investment Ltd,14.8,13.1,1366103.22,35.88,14.51,0.1481,0.1464,1.0117,14.62,12.32
BAJAJHLDNG,Bajaj Holdings & Investment Ltd,14.8,13.1,1366103.22,35.88,14.51,0.1515,0.146,1.0373,14.62,12.32
BAJAJHLDNG,Bajaj Holdings & Investment Ltd,14.8,13.1,1366103.22,35.88,14.51,0.1657,0.1597,1.0374,14.62,12.32
BAJAJHLDNG,Bajaj Holdings & Investment Ltd,14.8,13.1,1366103.22,35.88,14.51,0.1794,0.1723,1.0416,14.62,12.32
BAJAJHLDNG,Bajaj Holdings & Investment Ltd,14.8,13.1,1394489.39,79.41,5.56,0.0963,0.077,1.2508,14.62,12.32
BAJAJHLDNG,Bajaj Holdings & Investment Ltd,14.8,13.1,1394489.39,79.41,5.56,0.0983,0.0803,1.2239,14.62,12.32
BAJAJHLDNG,Bajaj Holdings & Investment Ltd,14.8,13.1,1394489.39,79.41,5.56,0.1054,0.1051,1.0027,14.62,12.32
BAJAJHLDNG,Bajaj Holdings & Investment Ltd,14.8,13.1,1394489.39,79.41,5.56,0.1109,0.0941,1.1789,14.62,12.32
BAJAJHLDNG,Bajaj Holdings & Investment Ltd,14.8,13.1,1394489.39,79.41,5.56,0.1119,0.093,1.2038,14.62,12.32
BAJAJHLDNG,Bajaj Holdings & Investment Ltd,14.8,13.1,1394489.39,79.41,5.56,0.1131,0.1129,1.0021,14.62,12.32
BAJAJHLDNG,Bajaj Holdings & Investment Ltd,14.8,13.1,1394489.39,79.41,5.56,0.1358,0.113,1.2012,14.62,12.32
BAJAJHLDNG,Bajaj Holdings & Investment Ltd,14.8,13.1,1394489.39,79.41,5.56,0.1388,0.1382,1.004,14.62,12.32
BAJAJHLDNG,Bajaj Holdings & Investment Ltd,14.8,13.1,1394489.39,79.41,5.56,0.1481,0.1464,1.0117,14.62,12.32
BAJAJHLDNG,Bajaj Holdings & Investment Ltd,14.8,13.1,1394489.39,79.41,5.56,0.1515,0.146,1.0373,14.62,12.32
BAJAJHLDNG,Bajaj Holdings & Investment Ltd,14.8,13.1,1394489.39,79.41,5.56,0.1657,0.1597,1.0374,14.62,12.32
BAJAJHLDNG,Bajaj Holdings & Investment Ltd,14.8,13.1,1394489.39,79.41,5.56,0.1794,0.1723,1.0416,14.62,12.32
BAJAJHLDNG,Bajaj Holdings & Investment Ltd,14.8,13.1,1714344.05,26.75,3.46,0.0963,0.077,1.2508,14.62,12.32
BAJAJHLDNG,Bajaj Holdings & Investment Ltd,14.8,13.1,1714344.05,26.75,3.46,0.0983,0.0803,1.2239,14.62,12.32
BAJAJHLDNG,Bajaj Holdings & Investment Ltd,14.8,13.1,1714344.05,26.75,3.46,0.1054,0.1051,1.0027,14.62,12.32
BAJAJHLDNG,Bajaj Holdings & Investment Ltd,14.8,13.1,1714344.05,26.75,3.46,0.1109,0.0941,1.1789,14.62,12.32
BAJAJHLDNG,Bajaj Holdings & Investment Ltd,14.8,13.1,1714344.05,26.75,3.46,0.1119,0.093,1.2038,14.62,12.32
BAJAJHLDNG,Bajaj Holdings & Investment Ltd,14.8,13.1,1714344.05,26.75,3.46,0.1131,0.1129,1.0021,14.62,12.32
BAJAJHLDNG,Bajaj Holdings & Investment Ltd,14.8,13.1,1714344.05,26.75,3.46,0.1358,0.113,1.2012,14.62,12.32
BAJAJHLDNG,Bajaj Holdings & Investment Ltd,14.8,13.1,1714344.05,26.75,3.46,0.1388,0.1382,1.004,14.62,12.32
BAJAJHLDNG,Bajaj Holdings & Investment Ltd,14.8,13.1,1714344.05,26.75,3.46,0.1481,0.1464,1.0117,14.62,12.32
BAJAJHLDNG,Bajaj Holdings & Investment Ltd,14.8,13.1,1714344.05,26.75,3.46,0.1515,0.146,1.0373,14.62,12.32
BAJAJHLDNG,Bajaj Holdings & Investment Ltd,14.8,13.1,1714344.05,26.75,3.46,0.1657,0.1597,1.0374,14.62,12.32
BAJAJHLDNG,Bajaj Holdings & Investment Ltd,14.8,13.1,1714344.05,26.75,3.46,0.1794,0.1723,1.0416,14.62,12.32
BAJAJHLDNG,Bajaj Holdings & Investment Ltd,14.8,13.1,2191568.13,37.73,9.38,0.0963,0.077,1.2508,14.62,12.32
BAJAJHLDNG,Bajaj Holdings & Investment Ltd,14.8,13.1,2191568.13,37.73,9.38,0.0983,0.0803,1.2239,14.62,12.32
BAJAJHLDNG,Bajaj Holdings & Investment Ltd,14.8,13.1,2191568.13,37.73,9.38,0.1054,0.1051,1.0027,14.62,12.32
BAJAJHLDNG,Bajaj Holdings & Investment Ltd,14.8,13.1,2191568.13,37.73,9.38,0.1109,0.0941,1.1789,14.62,12.32
BAJAJHLDNG,Bajaj Holdings & Investment Ltd,14.8,13.1,2191568.13,37.73,9.38,0.1119,0.093,1.2038,14.62,12.32
BAJAJHLDNG,Bajaj Holdings & Investment Ltd,14.8,13.1,2191568.13,37.73,9.38,0.1131,0.1129,1.0021,14.62,12.32
BAJAJHLDNG,Bajaj Holdings & Investment Ltd,14.8,13.1,2191568.13,37.73,9.38,0.1358,0.113,1.2012,14.62,12.32
BAJAJHLDNG,Bajaj Holdings & Investment Ltd,14.8,13.1,2191568.13,37.73,9.38,0.1388,0.1382,1.004,14.62,12.32
BAJAJHLDNG,Bajaj Holdings & Investment Ltd,14.8,13.1,2191568.13,37.73,9.38,0.1481,0.1464,1.0117,14.62,12.32
BAJAJHLDNG,Bajaj Holdings & Investment Ltd,14.8,13.1,2191568.13,37.73,9.38,0.1515,0.146,1.0373,14.62,12.32
BAJAJHLDNG,Bajaj Holdings & Investment Ltd,14.8,13.1,2191568.13,37.73,9.38,0.1657,0.1597,1.0374,14.62,12.32
BAJAJHLDNG,Bajaj Holdings & Investment Ltd,14.8,13.1,2191568.13,37.73,9.38,0.1794,0.1723,1.0416,14.62,12.32
BAJFINANCE,Bajaj Finance Ltd,22.1,11.9,865823.64,58.62,5.53,0.1197,0.0258,4.6446,27.72,32.86
BAJFINANCE,Bajaj Finance Ltd,22.1,11.9,865823.64,58.62,5.53,0.1575,0.0294,5.3507,27.72,32.86
BAJFINANCE,Bajaj Finance Ltd,22.1,11.9,865823.64,58.62,5.53,0.1608,0.0331,4.8614,27.72,32.86
BAJFINANCE,Bajaj Finance Ltd,22.1,11.9,865823.64,58.62,5.53,0.1628,0.032,5.0851,27.72,32.86
BAJFINANCE,Bajaj Finance Ltd,22.1,11.9,865823.64,58.62,5.53,0.1722,0.0272,6.3246,27.72,32.86
BAJFINANCE,Bajaj Finance Ltd,22.1,11.9,865823.64,58.62,5.53,0.1871,0.0274,6.8292,27.72,32.86
BAJFINANCE,Bajaj Finance Ltd,22.1,11.9,865823.64,58.62,5.53,0.1884,0.0385,4.8991,27.72,32.86
BAJFINANCE,Bajaj Finance Ltd,22.1,11.9,865823.64,58.62,5.53,0.1913,0.0288,6.6386,27.72,32.86
BAJFINANCE,Bajaj Finance Ltd,22.1,11.9,865823.64,58.62,5.53,0.2028,0.0322,6.3072,27.72,32.86
BAJFINANCE,Bajaj Finance Ltd,22.1,11.9,865823.64,58.62,5.53,0.2117,0.0418,5.0619,27.72,32.86
BAJFINANCE,Bajaj Finance Ltd,22.1,11.9,973552.26,46.9,6.39,0.1197,0.0258,4.6446,27.72,32.86
BAJFINANCE,Bajaj Finance Ltd,22.1,11.9,973552.26,46.9,6.39,0.1575,0.0294,5.3507,27.72,32.86
BAJFINANCE,Bajaj Finance Ltd,22.1,11.9,973552.26,46.9,6.39,0.1608,0.0331,4.8614,27.72,32.86
BAJFINANCE,Bajaj Finance Ltd,22.1,11.9,973552.26,46.9,6.39,0.1628,0.032,5.0851,27.72,32.86
BAJFINANCE,Bajaj Finance Ltd,22.1,11.9,973552.26,46.9,6.39,0.1722,0.0272,6.3246,27.72,32.86
BAJFINANCE,Bajaj Finance Ltd,22.1,11.9,973552.26,46.9,6.39,0.1871,0.0274,6.8292,27.72,32.86
BAJFINANCE,Bajaj Finance Ltd,22.1,11.9,973552.26,46.9,6.39,0.1884,0.0385,4.8991,27.72,32.86
BAJFINANCE,Bajaj Finance Ltd,22.1,11.9,973552.26,46.9,6.39,0.1913,0.0288,6.6386,27.72,32.86
BAJFINANCE,Bajaj Finance Ltd,22.1,11.9,973552.26,46.9,6.39,0.2028,0.0322,6.3072,27.72,32.86
BAJFINANCE,Bajaj Finance Ltd,22.1,11.9,973552.26,46.9,6.39,0.2117,0.0418,5.0619,27.72,32.86
BAJFINANCE,Bajaj Finance Ltd,22.1,11.9,1106057.88,35.63,6.6,0.1197,0.0258,4.6446,27.72,32.86
BAJFINANCE,Bajaj Finance Ltd,22.1,11.9,1106057.88,35.63,6.6,0.1575,0.0294,5.3507,27.72,32.86
BAJFINANCE,Bajaj Finance Ltd,22.1,11.9,1106057.88,35.63,6.6,0.1608,0.0331,4.8614,27.72,32.86
BAJFINANCE,Bajaj Finance Ltd,22.1,11.9,1106057.88,35.63,6.6,0.1628,0.032,5.0851,27.72,32.86
BAJFINANCE,Bajaj Finance Ltd,22.1,11.9,1106057.88,35.63,6.6,0.1722,0.0272,6.3246,27.72,32.86
BAJFINANCE,Bajaj Finance Ltd,22.1,11.9,1106057.88,35.63,6.6,0.1871,0.0274,6.8292,27.72,32.86
BAJFINANCE,Bajaj Finance Ltd,22.1,11.9,1106057.88,35.63,6.6,0.1884,0.0385,4.8991,27.72,32.86
BAJFINANCE,Bajaj Finance Ltd,22.1,11.9,1106057.88,35.63,6.6,0.1913,0.0288,6.6386,27.72,32.86
BAJFINANCE,Bajaj Finance Ltd,22.1,11.9,1106057.88,35.63,6.6,0.2028,0.0322,6.3072,27.72,32.86
BAJFINANCE,Bajaj Finance Ltd,22.1,11.9,1106057.88,35.63,6.6,0.2117,0.0418,5.0619,27.72,32.86
BAJFINANCE,Bajaj Finance Ltd,22.1,11.9,1422060.71,54.84,11.71,0.1197,0.0258,4.6446,27.72,32.86
BAJFINANCE,Bajaj Finance Ltd,22.1,11.9,1422060.71,54.84,11.71,0.1575,0.0294,5.3507,27.72,32.86
BAJFINANCE,Bajaj Finance Ltd,22.1,11.9,1422060.71,54.84,11.71,0.1608,0.0331,4.8614,27.72,32.86
BAJFINANCE,Bajaj Finance Ltd,22.1,11.9,1422060.71,54.84,11.71,0.1628,0.032,5.0851,27.72,32.86
BAJFINANCE,Bajaj Finance Ltd,22.1,11.9,1422060.71,54.84,11.71,0.1722,0.0272,6.3246,27.72,32.86
BAJFINANCE,Bajaj Finance Ltd,22.1,11.9,1422060.71,54.84,11.71,0.1871,0.0274,6.8292,27.72,32.86
BAJFINANCE,Bajaj Finance Ltd,22.1,11.9,1422060.71,54.84,11.71,0.1884,0.0385,4.8991,27.72,32.86
BAJFINANCE,Bajaj Finance Ltd,22.1,11.9,1422060.71,54.84,11.71,0.1913,0.0288,6.6386,27.72,32.86
BAJFINANCE,Bajaj Finance Ltd,22.1,11.9,1422060.71,54.84,11.71,0.2028,0.0322,6.3072,27.72,32.86
BAJFINANCE,Bajaj Finance Ltd,22.1,11.9,1422060.71,54.84,11.71,0.2117,0.0418,5.0619,27.72,32.86
BAJFINANCE,Bajaj Finance Ltd,22.1,11.9,1896088.83,19.1,4.67,0.1197,0.0258,4.6446,27.72,32.86
BAJFINANCE,Bajaj Finance Ltd,22.1,11.9,1896088.83,19.1,4.67,0.1575,0.0294,5.3507,27.72,32.86
BAJFINANCE,Bajaj Finance Ltd,22.1,11.9,1896088.83,19.1,4.67,0.1608,0.0331,4.8614,27.72,32.86
BAJFINANCE,Bajaj Finance Ltd,22.1,11.9,1896088.83,19.1,4.67,0.1628,0.032,5.0851,27.72,32.86
BAJFINANCE,Bajaj Finance Ltd,22.1,11.9,1896088.83,19.1,4.67,0.1722,0.0272,6.3246,27.72,32.86
BAJFINANCE,Bajaj Finance Ltd,22.1,11.9,1896088.83,19.1,4.67,0.1871,0.0274,6.8292,27.72,32.86
BAJFINANCE,Bajaj Finance Ltd,22.1,11.9,1896088.83,19.1,4.67,0.1884,0.0385,4.8991,27.72,32.86
BAJFINANCE,Bajaj Finance Ltd,22.1,11.9,1896088.83,19.1,4.67,0.1913,0.0288,6.6386,27.72,32.86
BAJFINANCE,Bajaj Finance Ltd,22.1,11.9,1896088.83,19.1,4.67,0.2028,0.0322,6.3072,27.72,32.86
BAJFINANCE,Bajaj Finance Ltd,22.1,11.9,1896088.83,19.1,4.67,0.2117,0.0418,5.0619,27.72,32.86
BAJFINANCE,Bajaj Finance Ltd,22.1,11.9,2473271.58,69.2,4.11,0.1197,0.0258,4.6446,27.72,32.86
BAJFINANCE,Bajaj Finance Ltd,22.1,11.9,2473271.58,69.2,4.11,0.1575,0.0294,5.3507,27.72,32.86
BAJFINANCE,Bajaj Finance Ltd,22.1,11.9,2473271.58,69.2,4.11,0.1608,0.0331,4.8614,27.72,32.86
BAJFINANCE,Bajaj Finance Ltd,22.1,11.9,2473271.58,69.2,4.11,0.1628,0.032,5.0851,27.72,32.86
BAJFINANCE,Bajaj Finance Ltd,22.1,11.9,2473271.58,69.2,4.11,0.1722,0.0272,6.3246,27.72,32.86
BAJFINANCE,Bajaj Finance Ltd,22.1,11.9,2473271.58,69.2,4.11,0.1871,0.0274,6.8292,27.72,32.86
BAJFINANCE,Bajaj Finance Ltd,22.1,11.9,2473271.58,69.2,4.11,0.1884,0.0385,4.8991,27.72,32.86
BAJFINANCE,Bajaj Finance Ltd,22.1,11.9,2473271.58,69.2,4.11,0.1913,0.0288,6.6386,27.72,32.86
BAJFINANCE,Bajaj Finance Ltd,22.1,11.9,2473271.58,69.2,4.11,0.2028,0.0322,6.3072,27.72,32.86
BAJFINANCE,Bajaj Finance Ltd,22.1,11.9,2473271.58,69.2,4.11,0.2117,0.0418,5.0619,27.72,32.86
BANKBARODA,Bank of Baroda,16.7,6.33,426745.64,67.24,12.42,-0.1184,-0.0073,16.2617,10.75,12.64
BANKBARODA,Bank of Baroda,16.7,6.33,426745.64,67.24,12.42,-0.0394,-0.0025,16.0588,10.75,12.64
BANKBARODA,Bank of Baroda,16.7,6.33,426745.64,67.24,12.42,0.0129,0.0008,15.767,10.75,12.64
BANKBARODA,Bank of Baroda,16.7,6.33,426745.64,67.24,12.42,0.0197,0.0013,14.5972,10.75,12.64
BANKBARODA,Bank of Baroda,16.7,6.33,426745.64,67.24,12.42,0.0212,0.0014,14.9042,10.75,12.64
BANKBARODA,Bank of Baroda,16.7,6.33,426745.64,67.24,12.42,0.0431,0.0026,16.6999,10.75,12.64
BANKBARODA,Bank of Baroda,16.7,6.33,426745.64,67.24,12.42,0.0864,0.0059,14.5873,10.75,12.64
BANKBARODA,Bank of Baroda,16.7,6.33,426745.64,67.24,12.42,0.094,0.0054,17.4679,10.75,12.64
BANKBARODA,Bank of Baroda,16.7,6.33,426745.64,67.24,12.42,0.1331,0.0074,17.8641,10.75,12.64
BANKBARODA,Bank of Baroda,16.7,6.33,426745.64,67.24,12.42,0.1428,0.0098,14.5245,10.75,12.64
BANKBARODA,Bank of Baroda,16.7,6.33,426745.64,67.24,12.42,0.1451,0.0086,16.8075,10.75,12.64
BANKBARODA,Bank of Baroda,16.7,6.33,426745.64,67.24,12.42,0.1576,0.0114,13.8229,10.75,12.64
BANKBARODA,Bank of Baroda,16.7,6.33,427508.41,36.0,9.78,-0.1184,-0.0073,16.2617,10.75,12.64
BANKBARODA,Bank of Baroda,16.7,6.33,427508.41,36.0,9.78,-0.0394,-0.0025,16.0588,10.75,12.64
BANKBARODA,Bank of Baroda,16.7,6.33,427508.41,36.0,9.78,0.0129,0.0008,15.767,10.75,12.64
BANKBARODA,Bank of Baroda,16.7,6.33,427508.41,36.0,9.78,0.0197,0.0013,14.5972,10.75,12.64
BANKBARODA,Bank of Baroda,16.7,6.33,427508.41,36.0,9.78,0.0212,0.0014,14.9042,10.75,12.64
BANKBARODA,Bank of Baroda,16.7,6.33,427508.41,36.0,9.78,0.0431,0.0026,16.6999,10.75,12.64
BANKBARODA,Bank of Baroda,16.7,6.33,427508.41,36.0,9.78,0.0864,0.0059,14.5873,10.75,12.64
BANKBARODA,Bank of Baroda,16.7,6.33,427508.41,36.0,9.78,0.094,0.0054,17.4679,10.75,12.64
BANKBARODA,Bank of Baroda,16.7,6.33,427508.41,36.0,9.78,0.1331,0.0074,17.8641,10.75,12.64
BANKBARODA,Bank of Baroda,16.7,6.33,427508.41,36.0,9.78,0.1428,0.0098,14.5245,10.75,12.64
BANKBARODA,Bank of Baroda,16.7,6.33,427508.41,36.0,9.78,0.1451,0.0086,16.8075,10.75,12.64
BANKBARODA,Bank of Baroda,16.7,6.33,427508.41,36.0,9.78,0.1576,0.0114,13.8229,10.75,12.64
BANKBARODA,Bank of Baroda,16.7,6.33,464725.74,27.29,5.48,-0.1184,-0.0073,16.2617,10.75,12.64
BANKBARODA,Bank of Baroda,16.7,6.33,464725.74,27.29,5.48,-0.0394,-0.0025,16.0588,10.75,12.64
BANKBARODA,Bank of Baroda,16.7,6.33,464725.74,27.29,5.48,0.0129,0.0008,15.767,10.75,12.64
BANKBARODA,Bank of Baroda,16.7,6.33,464725.74,27.29,5.48,0.0197,0.0013,14.5972,10.75,12.64
BANKBARODA,Bank of Baroda,16.7,6.33,464725.74,27.29,5.48,0.0212,0.0014,14.9042,10.75,12.64
BANKBARODA,Bank of Baroda,16.7,6.33,464725.74,27.29,5.48,0.0431,0.0026,16.6999,10.75,12.64
BANKBARODA,Bank of Baroda,16.7,6.33,464725.74,27.29,5.48,0.0864,0.0059,14.5873,10.75,12.64
BANKBARODA,Bank of Baroda,16.7,6.33,464725.74,27.29,5.48,0.094,0.0054,17.4679,10.75,12.64
BANKBARODA,Bank of Baroda,16.7,6.33,464725.74,27.29,5.48,0.1331,0.0074,17.8641,10.75,12.64
BANKBARODA,Bank of Baroda,16.7,6.33,464725.74,27.29,5.48,0.1428,0.0098,14.5245,10.75,12.64
BANKBARODA,Bank of Baroda,16.7,6.33,464725.74,27.29,5.48,0.1451,0.0086,16.8075,10.75,12.64
BANKBARODA,Bank of Baroda,16.7,6.33,464725.74,27.29,5.48,0.1576,0.0114,13.8229,10.75,12.64
BANKBARODA,Bank of Baroda,16.7,6.33,471014.36,71.63,11.42,-0.1184,-0.0073,16.2617,10.75,12.64
BANKBARODA,Bank of Baroda,16.7,6.33,471014.36,71.63,11.42,-0.0394,-0.0025,16.0588,10.75,12.64
BANKBARODA,Bank of Baroda,16.7,6.33,471014.36,71.63,11.42,0.0129,0.0008,15.767,10.75,12.64
BANKBARODA,Bank of Baroda,16.7,6.33,471014.36,71.63,11.42,0.0197,0.0013,14.5972,10.75,12.64
BANKBARODA,Bank of Baroda,16.7,6.33,471014.36,71.63,11.42,0.0212,0.0014,14.9042,10.75,12.64
BANKBARODA,Bank of Baroda,16.7,6.33,471014.36,71.63,11.42,0.0431,0.0026,16.6999,10.75,12.64
BANKBARODA,Bank of Baroda,16.7,6.33,471014.36,71.63,11.42,0.0864,0.0059,14.5873,10.75,12.64
BANKBARODA,Bank of Baroda,16.7,6.33,471014.36,71.63,11.42,0.094,0.0054,17.4679,10.75,12.64
BANKBARODA,Bank of Baroda,16.7,6.33,471014.36,71.63,11.42,0.1331,0.0074,17.8641,10.75,12.64
BANKBARODA,Bank of Baroda,16.7,6.33,471014.36,71.63,11.42,0.1428,0.0098,14.5245,10.75,12.64
BANKBARODA,Bank of Baroda,16.7,6.33,471014.36,71.63,11.42,0.1451,0.0086,16.8075,10.75,12.64
BANKBARODA,Bank of Baroda,16.7,6.33,471014.36,71.63,11.42,0.1576,0.0114,13.8229,10.75,12.64
BANKBARODA,Bank of Baroda,16.7,6.33,473985.89,74.28,5.71,-0.1184,-0.0073,16.2617,10.75,12.64
BANKBARODA,Bank of Baroda,16.7,6.33,473985.89,74.28,5.71,-0.0394,-0.0025,16.0588,10.75,12.64
BANKBARODA,Bank of Baroda,16.7,6.33,473985.89,74.28,5.71,0.0129,0.0008,15.767,10.75,12.64
BANKBARODA,Bank of Baroda,16.7,6.33,473985.89,74.28,5.71,0.0197,0.0013,14.5972,10.75,12.64
BANKBARODA,Bank of Baroda,16.7,6.33,473985.89,74.28,5.71,0.0212,0.0014,14.9042,10.75,12.64
BANKBARODA,Bank of Baroda,16.7,6.33,473985.89,74.28,5.71,0.0431,0.0026,16.6999,10.75,12.64
BANKBARODA,Bank of Baroda,16.7,6.33,473985.89,74.28,5.71,0.0864,0.0059,14.5873,10.75,12.64
BANKBARODA,Bank of Baroda,16.7,6.33,473985.89,74.28,5.71,0.094,0.0054,17.4679,10.75,12.64
BANKBARODA,Bank of Baroda,16.7,6.33,473985.89,74.28,5.71,0.1331,0.0074,17.8641,10.75,12.64
BANKBARODA,Bank of Baroda,16.7,6.33,473985.89,74.28,5.71,0.1428,0.0098,14.5245,10.75,12.64
BANKBARODA,Bank of Baroda,16.7,6.33,473985.89,74.28,5.71,0.1451,0.0086,16.8075,10.75,12.64
BANKBARODA,Bank of Baroda,16.7,6.33,473985.89,74.28,5.71,0.1576,0.0114,13.8229,10.75,12.64
BANKBARODA,Bank of Baroda,16.7,6.33,590971.02,16.89,4.15,-0.1184,-0.0073,16.2617,10.75,12.64
BANKBARODA,Bank of Baroda,16.7,6.33,590971.02,16.89,4.15,-0.0394,-0.0025,16.0588,10.75,12.64
BANKBARODA,Bank of Baroda,16.7,6.33,590971.02,16.89,4.15,0.0129,0.0008,15.767,10.75,12.64
BANKBARODA,Bank of Baroda,16.7,6.33,590971.02,16.89,4.15,0.0197,0.0013,14.5972,10.75,12.64
BANKBARODA,Bank of Baroda,16.7,6.33,590971.02,16.89,4.15,0.0212,0.0014,14.9042,10.75,12.64
BANKBARODA,Bank of Baroda,16.7,6.33,590971.02,16.89,4.15,0.0431,0.0026,16.6999,10.75,12.64
BANKBARODA,Bank of Baroda,16.7,6.33,590971.02,16.89,4.15,0.0864,0.0059,14.5873,10.75,12.64
BANKBARODA,Bank of Baroda,16.7,6.33,590971.02,16.89,4.15,0.094,0.0054,17.4679,10.75,12.64
BANKBARODA,Bank of Baroda,16.7,6.33,590971.02,16.89,4.15,0.1331,0.0074,17.8641,10.75,12.64
BANKBARODA,Bank of Baroda,16.7,6.33,590971.02,16.89,4.15,0.1428,0.0098,14.5245,10.75,12.64
BANKBARODA,Bank of Baroda,16.7,6.33,590971.02,16.89,4.15,0.1451,0.0086,16.8075,10.75,12.64
BANKBARODA,Bank of Baroda,16.7,6.33,590971.02,16.89,4.15,0.1576,0.0114,13.8229,10.75,12.64
BEL,Bharat Electronics Ltd,26.3,34.6,770752.45,73.48,7.9,33.1818,14.959,2.2182,10.84,14.32
BEL,Bharat Electronics Ltd,26.3,34.6,770752.45,73.48,7.9,34.7826,14.7239,2.3623,10.84,14.32
BEL,Bharat Electronics Ltd,26.3,34.6,770752.45,73.48,7.9,35.5932,13.8158,2.5763,10.84,14.32
BEL,Bharat Electronics Ltd,26.3,34.6,770752.45,73.48,7.9,38.5102,14.9762,2.5714,10.84,14.32
BEL,Bharat Electronics Ltd,26.3,34.6,770752.45,73.48,7.9,39.8133,20.7361,1.92,10.84,14.32
BEL,Bharat Electronics Ltd,26.3,34.6,770752.45,73.48,7.9,46.1613,11.8264,3.9032,10.84,14.32
BEL,Bharat Electronics Ltd,26.3,34.6,770752.45,73.48,7.9,47.4405,24.7516,1.9167,10.84,14.32
BEL,Bharat Electronics Ltd,26.3,34.6,770752.45,73.48,7.9,101.5333,19.7792,5.1333,10.84,14.32
BEL,Bharat Electronics Ltd,26.3,34.6,770752.45,73.48,7.9,111.4167,25.7115,4.3333,10.84,14.32
BEL,Bharat Electronics Ltd,26.3,34.6,770752.45,73.48,7.9,136.0,20.6957,6.5714,10.84,14.32
BEL,Bharat Electronics Ltd,26.3,34.6,770752.45,73.48,7.9,151.8333,20.2444,7.5,10.84,14.32
BEL,Bharat Electronics Ltd,26.3,34.6,770752.45,73.48,7.9,171.0,24.4286,7.0,10.84,14.32
BEL,Bharat Electronics Ltd,26.3,34.6,901058.99,52.67,6.64,33.1818,14.959,2.2182,10.84,14.32
BEL,Bharat Electronics Ltd,26.3,34.6,901058.99,52.67,6.64,34.7826,14.7239,2.3623,10.84,14.32
BEL,Bharat Electronics Ltd,26.3,34.6,901058.99,52.67,6.64,35.5932,13.8158,2.5763,10.84,14.32
BEL,Bharat Electronics Ltd,26.3,34.6,901058.99,52.67,6.64,38.5102,14.9762,2.5714,10.84,14.32
BEL,Bharat Electronics Ltd,26.3,34.6,901058.99,52.67,6.64,39.8133,20.7361,1.92,10.84,14.32
BEL,Bharat Electronics Ltd,26.3,34.6,901058.99,52.67,6.64,46.1613,11.8264,3.9032,10.84,14.32
BEL,Bharat Electronics Ltd,26.3,34.6,901058.99,52.67,6.64,47.4405,24.7516,1.9167,10.84,14.32
BEL,Bharat Electronics Ltd,26.3,34.6,901058.99,52.67,6.64,101.5333,19.7792,5.1333,10.84,14.32
BEL,Bharat Electronics Ltd,26.3,34.6,901058.99,52.67,6.64,111.4167,25.7115,4.3333,10.84,14.32
BEL,Bharat Electronics Ltd,26.3,34.6,901058.99,52.67,6.64,136.0,20.6957,6.5714,10.84,14.32
BEL,Bharat Electronics Ltd,26.3,34.6,901058.99,52.67,6.64,151.8333,20.2444,7.5,10.84,14.32
BEL,Bharat Electronics Ltd,26.3,34.6,901058.99,52.67,6.64,171.0,24.4286,7.0,10.84,14.32
BEL,Bharat Electronics Ltd,26.3,34.6,902791.12,59.94,4.28,33.1818,14.959,2.2182,10.84,14.32
BEL,Bharat Electronics Ltd,26.3,34.6,902791.12,59.94,4.28,34.7826,14.7239,2.3623,10.84,14.32
BEL,Bharat Electronics Ltd,26.3,34.6,902791.12,59.94,4.28,35.5932,13.8158,2.5763,10.84,14.32
BEL,Bharat Electronics Ltd,26.3,34.6,902791.12,59.94,4.28,38.5102,14.9762,2.5714,10.84,14.32
BEL,Bharat Electronics Ltd,26.3,34.6,902791.12,59.94,4.28,39.8133,20.7361,1.92,10.84,14.32
BEL,Bharat Electronics Ltd,26.3,34.6,902791.12,59.94,4.28,46.1613,11.8264,3.9032,10.84,14.32
BEL,Bharat Electronics Ltd,26.3,34.6,902791.12,59.94,4.28,47.4405,24.7516,1.9167,10.84,14.32
BEL,Bharat Electronics Ltd,26.3,34.6,902791.12,59.94,4.28,101.5333,19.7792,5.1333,10.84,14.32
BEL,Bharat Electronics Ltd,26.3,34.6,902791.12,59.94,4.28,111.4167,25.7115,4.3333,10.84,14.32
BEL,Bharat Electronics Ltd,26.3,34.6,902791.12,59.94,4.28,136.0,20.6957,6.5714,10.84,14.32
BEL,Bharat Electronics Ltd,26.3,34.6,902791.12,59.94,4.28,151.8333,20.2444,7.5,10.84,14.32
BEL,Bharat Electronics Ltd,26.3,34.6,902791.12,59.94,4.28,171.0,24.4286,7.0,10.84,14.32
BEL,Bharat Electronics Ltd,26.3,34.6,1055965.69,18.0,12.66,33.1818,14.959,2.2182,10.84,14.32
BEL,Bharat Electronics Ltd,26.3,34.6,1055965.69,18.0,12.66,34.7826,14.7239,2.3623,10.84,14.32
BEL,Bharat Electronics Ltd,26.3,34.6,1055965.69,18.0,12.66,35.5932,13.8158,2.5763,10.84,14.32
BEL,Bharat Electronics Ltd,26.3,34.6,1055965.69,18.0,12.66,38.5102,14.9762,2.5714,10.84,14.32
BEL,Bharat Electronics Ltd,26.3,34.6,1055965.69,18.0,12.66,39.8133,20.7361,1.92,10.84,14.32
BEL,Bharat Electronics Ltd,26.3,34.6,1055965.69,18.0,12.66,46.1613,11.8264,3.9032,10.84,14.32
BEL,Bharat Electronics Ltd,26.3,34.6,1055965.69,18.0,12.66,47.4405,24.7516,1.9167,10.84,14.32
BEL,Bharat Electronics Ltd,26.3,34.6,1055965.69,18.0,12.66,101.5333,19.7792,5.1333,10.84,14.32
BEL,Bharat Electronics Ltd,26.3,34.6,1055965.69,18.0,12.66,111.4167,25.7115,4.3333,10.84,14.32
BEL,Bharat Electronics Ltd,26.3,34.6,1055965.69,18.0,12.66,136.0,20.6957,6.5714,10.84,14.32
BEL,Bharat Electronics Ltd,26.3,34.6,1055965.69,18.0,12.66,151.8333,20.2444,7.5,10.84,14.32
BEL,Bharat Electronics Ltd,26.3,34.6,1055965.69,18.0,12.66,171.0,24.4286,7.0,10.84,14.32
BEL,Bharat Electronics Ltd,26.3,34.6,1143459.9,72.89,7.89,33.1818,14.959,2.2182,10.84,14.32
BEL,Bharat Electronics Ltd,26.3,34.6,1143459.9,72.89,7.89,34.7826,14.7239,2.3623,10.84,14.32
BEL,Bharat Electronics Ltd,26.3,34.6,1143459.9,72.89,7.89,35.5932,13.8158,2.5763,10.84,14.32
BEL,Bharat Electronics Ltd,26.3,34.6,1143459.9,72.89,7.89,38.5102,14.9762,2.5714,10.84,14.32
BEL,Bharat Electronics Ltd,26.3,34.6,1143459.9,72.89,7.89,39.8133,20.7361,1.92,10.84,14.32
BEL,Bharat Electronics Ltd,26.3,34.6,1143459.9,72.89,7.89,46.1613,11.8264,3.9032,10.84,14.32
BEL,Bharat Electronics Ltd,26.3,34.6,1143459.9,72.89,7.89,47.4405,24.7516,1.9167,10.84,14.32
BEL,Bharat Electronics Ltd,26.3,34.6,1143459.9,72.89,7.89,101.5333,19.7792,5.1333,10.84,14.32
BEL,Bharat Electronics Ltd,26.3,34.6,1143459.9,72.89,7.89,111.4167,25.7115,4.3333,10.84,14.32
BEL,Bharat Electronics Ltd,26.3,34.6,1143459.9,72.89,7.89,136.0,20.6957,6.5714,10.84,14.32
BEL,Bharat Electronics Ltd,26.3,34.6,1143459.9,72.89,7.89,151.8333,20.2444,7.5,10.84,14.32
BEL,Bharat Electronics Ltd,26.3,34.6,1143459.9,72.89,7.89,171.0,24.4286,7.0,10.84,14.32
BEL,Bharat Electronics Ltd,26.3,34.6,1354781.06,17.89,9.22,33.1818,14.959,2.2182,10.84,14.32
BEL,Bharat Electronics Ltd,26.3,34.6,1354781.06,17.89,9.22,34.7826,14.7239,2.3623,10.84,14.32
BEL,Bharat Electronics Ltd,26.3,34.6,1354781.06,17.89,9.22,35.5932,13.8158,2.5763,10.84,14.32
BEL,Bharat Electronics Ltd,26.3,34.6,1354781.06,17.89,9.22,38.5102,14.9762,2.5714,10.84,14.32
BEL,Bharat Electronics Ltd,26.3,34.6,1354781.06,17.89,9.22,39.8133,20.7361,1.92,10.84,14.32
BEL,Bharat Electronics Ltd,26.3,34.6,1354781.06,17.89,9.22,46.1613,11.8264,3.9032,10.84,14.32
BEL,Bharat Electronics Ltd,26.3,34.6,1354781.06,17.89,9.22,47.4405,24.7516,1.9167,10.84,14.32
BEL,Bharat Electronics Ltd,26.3,34.6,1354781.06,17.89,9.22,101.5333,19.7792,5.1333,10.84,14.32
BEL,Bharat Electronics Ltd,26.3,34.6,1354781.06,17.89,9.22,111.4167,25.7115,4.3333,10.84,14.32
BEL,Bharat Electronics Ltd,26.3,34.6,1354781.06,17.89,9.22,136.0,20.6957,6.5714,10.84,14.32
BEL,Bharat Electronics Ltd,26.3,34.6,1354781.06,17.89,9.22,151.8333,20.2444,7.5,10.84,14.32
BEL,Bharat Electronics Ltd,26.3,34.6,1354781.06,17.89,9.22,171.0,24.4286,7.0,10.84,14.32
BHARTIARTL,Bharti Airtel Ltd,14.9,13.1,196241.62,79.6,5.46,-0.3975,-0.0854,4.6548,6.04,16.25
BHARTIARTL,Bharti Airtel Ltd,14.9,13.1,196241.62,79.6,5.46,-0.2097,-0.0359,5.8422,6.04,16.25
BHARTIARTL,Bharti Airtel Ltd,14.9,13.1,196241.62,79.6,5.46,0.0236,0.0062,3.8367,6.04,16.25
BHARTIARTL,Bharti Airtel Ltd,14.9,13.1,196241.62,79.6,5.46,0.0314,0.0088,3.5884,6.04,16.25
BHARTIARTL,Bharti Airtel Ltd,14.9,13.1,196241.62,79.6,5.46,0.045,0.0144,3.1392,6.04,16.25
BHARTIARTL,Bharti Airtel Ltd,14.9,13.1,196241.62,79.6,5.46,0.0505,0.0166,3.0372,6.04,16.25
BHARTIARTL,Bharti Airtel Ltd,14.9,13.1,196241.62,79.6,5.46,0.0629,0.0183,3.444,6.04,16.25
BHARTIARTL,Bharti Airtel Ltd,14.9,13.1,196241.62,79.6,5.46,0.1032,0.0307,3.3619,6.04,16.25
BHARTIARTL,Bharti Airtel Ltd,14.9,13.1,196241.62,79.6,5.46,0.1036,0.0194,5.3501,6.04,16.25
BHARTIARTL,Bharti Airtel Ltd,14.9,13.1,196241.62,79.6,5.46,0.1248,0.023,5.4273,6.04,16.25
BHARTIARTL,Bharti Airtel Ltd,14.9,13.1,196241.62,79.6,5.46,0.1269,0.0277,4.574,6.04,16.25
BHARTIARTL,Bharti Airtel Ltd,14.9,13.1,196241.62,79.6,5.46,0.1584,0.0276,5.7316,6.04,16.25
BHARTIARTL,Bharti Airtel Ltd,14.9,13.1,224578.88,70.91,12.2,-0.3975,-0.0854,4.6548,6.04,16.25
BHARTIARTL,Bharti Airtel Ltd,14.9,13.1,224578.88,70.91,12.2,-0.2097,-0.0359,5.8422,6.04,16.25
BHARTIARTL,Bharti Airtel Ltd,14.9,13.1,224578.88,70.91,12.2,0.0236,0.0062,3.8367,6.04,16.25
BHARTIARTL,Bharti Airtel Ltd,14.9,13.1,224578.88,70.91,12.2,0.0314,0.0088,3.5884,6.04,16.25
BHARTIARTL,Bharti Airtel Ltd,14.9,13.1,224578.88,70.91,12.2,0.045,0.0144,3.1392,6.04,16.25
BHARTIARTL,Bharti Airtel Ltd,14.9,13.1,224578.88,70.91,12.2,0.0505,0.0166,3.0372,6.04,16.25
BHARTIARTL,Bharti Airtel Ltd,14.9,13.1,224578.88,70.91,12.2,0.0629,0.0183,3.444,6.04,16.25
BHARTIARTL,Bharti Airtel Ltd,14.9,13.1,224578.88,70.91,12.2,0.1032,0.0307,3.3619,6.04,16.25
BHARTIARTL,Bharti Airtel Ltd,14.9,13.1,224578.88,70.91,12.2,0.1036,0.0194,5.3501,6.04,16.25
BHARTIARTL,Bharti Airtel Ltd,14.9,13.1,224578.88,70.91,12.2,0.1248,0.023,5.4273,6.04,16.25
BHARTIARTL,Bharti Airtel Ltd,14.9,13.1,224578.88,70.91,12.2,0.1269,0.0277,4.574,6.04,16.25
BHARTIARTL,Bharti Airtel Ltd,14.9,13.1,224578.88,70.91,12.2,0.1584,0.0276,5.7316,6.04,16.25
BHARTIARTL,Bharti Airtel Ltd,14.9,13.1,232971.76,15.3,7.28,-0.3975,-0.0854,4.6548,6.04,16.25
BHARTIARTL,Bharti Airtel Ltd,14.9,13.1,232971.76,15.3,7.28,-0.2097,-0.0359,5.8422,6.04,16.25
BHARTIARTL,Bharti Airtel Ltd,14.9,13.1,232971.76,15.3,7.28,0.0236,0.0062,3.8367,6.04,16.25
BHARTIARTL,Bharti Airtel Ltd,14.9,13.1,232971.76,15.3,7.28,0.0314,0.0088,3.5884,6.04,16.25
BHARTIARTL,Bharti Airtel Ltd,14.9,13.1,232971.76,15.3,7.28,0.045,0.0144,3.1392,6.04,16.25
BHARTIARTL,Bharti Airtel Ltd,14.9,13.1,232971.76,15.3,7.28,0.0505,0.0166,3.0372,6.04,16.25
BHARTIARTL,Bharti Airtel Ltd,14.9,13.1,232971.76,15.3,7.28,0.0629,0.0183,3.444,6.04,16.25
BHARTIARTL,Bharti Airtel Ltd,14.9,13.1,232971.76,15.3,7.28,0.1032,0.0307,3.3619,6.04,16.25
BHARTIARTL,Bharti Airtel Ltd,14.9,13.1,232971.76,15.3,7.28,0.1036,0.0194,5.3501,6.04,16.25
BHARTIARTL,Bharti Airtel Ltd,14.9,13.1,232971.76,15.3,7.28,0.1248,0.023,5.4273,6.04,16.25
BHARTIARTL,Bharti Airtel Ltd,14.9,13.1,232971.76,15.3,7.28,0.1269,0.0277,4.574,6.04,16.25
BHARTIARTL,Bharti Airtel Ltd,14.9,13.1,232971.76,15.3,7.28,0.1584,0.0276,5.7316,6.04,16.25
BHARTIARTL,Bharti Airtel Ltd,14.9,13.1,276579.83,57.38,9.43,-0.3975,-0.0854,4.6548,6.04,16.25
BHARTIARTL,Bharti Airtel Ltd,14.9,13.1,276579.83,57.38,9.43,-0.2097,-0.0359,5.8422,6.04,16.25
BHARTIARTL,Bharti Airtel Ltd,14.9,13.1,276579.83,57.38,9.43,0.0236,0.0062,3.8367,6.04,16.25
BHARTIARTL,Bharti Airtel Ltd,14.9,13.1,276579.83,57.38,9.43,0.0314,0.0088,3.5884,6.04,16.25
BHARTIARTL,Bharti Airtel Ltd,14.9,13.1,276579.83,57.38,9.43,0.045,0.0144,3.1392,6.04,16.25
BHARTIARTL,Bharti Airtel Ltd,14.9,13.1,276579.83,57.38,9.43,0.0505,0.0166,3.0372,6.04,16.25
BHARTIARTL,Bharti Airtel Ltd,14.9,13.1,276579.83,57.38,9.43,0.0629,0.0183,3.444,6.04,16.25
BHARTIARTL,Bharti Airtel Ltd,14.9,13.1,276579.83,57.38,9.43,0.1032,0.0307,3.3619,6.04,16.25
BHARTIARTL,Bharti Airtel Ltd,14.9,13.1,276579.83,57.38,9.43,0.1036,0.0194,5.3501,6.04,16.25
BHARTIARTL,Bharti Airtel Ltd,14.9,13.1,276579.83,57.38,9.43,0.1248,0.023,5.4273,6.04,16.25
BHARTIARTL,Bharti Airtel Ltd,14.9,13.1,276579.83,57.38,9.43,0.1269,0.0277,4.574,6.04,16.25
BHARTIARTL,Bharti Airtel Ltd,14.9,13.1,276579.83,57.38,9.43,0.1584,0.0276,5.7316,6.04,16.25
BHARTIARTL,Bharti Airtel Ltd,14.9,13.1,288871.93,66.89,3.6,-0.3975,-0.0854,4.6548,6.04,16.25
BHARTIARTL,Bharti Airtel Ltd,14.9,13.1,288871.93,66.89,3.6,-0.2097,-0.0359,5.8422,6.04,16.25
BHARTIARTL,Bharti Airtel Ltd,14.9,13.1,288871.93,66.89,3.6,0.0236,0.0062,3.8367,6.04,16.25
BHARTIARTL,Bharti Airtel Ltd,14.9,13.1,288871.93,66.89,3.6,0.0314,0.0088,3.5884,6.04,16.25
BHARTIARTL,Bharti Airtel Ltd,14.9,13.1,288871.93,66.89,3.6,0.045,0.0144,3.1392,6.04,16.25
BHARTIARTL,Bharti Airtel Ltd,14.9,13.1,288871.93,66.89,3.6,0.0505,0.0166,3.0372,6.04,16.25
BHARTIARTL,Bharti Airtel Ltd,14.9,13.1,288871.93,66.89,3.6,0.0629,0.0183,3.444,6.04,16.25
BHARTIARTL,Bharti Airtel Ltd,14.9,13.1,288871.93,66.89,3.6,0.1032,0.0307,3.3619,6.04,16.25
BHARTIARTL,Bharti Airtel Ltd,14.9,13.1,288871.93,66.89,3.6,0.1036,0.0194,5.3501,6.04,16.25
BHARTIARTL,Bharti Airtel Ltd,14.9,13.1,288871.93,66.89,3.6,0.1248,0.023,5.4273,6.04,16.25
BHARTIARTL,Bharti Airtel Ltd,14.9,13.1,288871.93,66.89,3.6,0.1269,0.0277,4.574,6.04,16.25
BHARTIARTL,Bharti Airtel Ltd,14.9,13.1,288871.93,66.89,3.6,0.1584,0.0276,5.7316,6.04,16.25
BHARTIARTL,Bharti Airtel Ltd,14.9,13.1,378605.83,63.78,6.28,-0.3975,-0.0854,4.6548,6.04,16.25
BHARTIARTL,Bharti Airtel Ltd,14.9,13.1,378605.83,63.78,6.28,-0.2097,-0.0359,5.8422,6.04,16.25
BHARTIARTL,Bharti Airtel Ltd,14.9,13.1,378605.83,63.78,6.28,0.0236,0.0062,3.8367,6.04,16.25
BHARTIARTL,Bharti Airtel Ltd,14.9,13.1,378605.83,63.78,6.28,0.0314,0.0088,3.5884,6.04,16.25
BHARTIARTL,Bharti Airtel Ltd,14.9,13.1,378605.83,63.78,6.28,0.045,0.0144,3.1392,6.04,16.25
BHARTIARTL,Bharti Airtel Ltd,14.9,13.1,378605.83,63.78,6.28,0.0505,0.0166,3.0372,6.04,16.25
BHARTIARTL,Bharti Airtel Ltd,14.9,13.1,378605.83,63.78,6.28,0.0629,0.0183,3.444,6.04,16.25
BHARTIARTL,Bharti Airtel Ltd,14.9,13.1,378605.83,63.78,6.28,0.1032,0.0307,3.3619,6.04,16.25
BHARTIARTL,Bharti Airtel Ltd,14.9,13.1,378605.83,63.78,6.28,0.1036,0.0194,5.3501,6.04,16.25
BHARTIARTL,Bharti Airtel Ltd,14.9,13.1,378605.83,63.78,6.28,0.1248,0.023,5.4273,6.04,16.25
BHARTIARTL,Bharti Airtel Ltd,14.9,13.1,378605.83,63.78,6.28,0.1269,0.0277,4.574,6.04,16.25
BHARTIARTL,Bharti Airtel Ltd,14.9,13.1,378605.83,63.78,6.28,0.1584,0.0276,5.7316,6.04,16.25
BHEL,"Bharat Heavy Electricals Limited
",1.05,3.28,350456.18,40.83,10.29,-0.1039,-0.0482,2.1537,-5.18,-20.22
BHEL,"Bharat Heavy Electricals Limited
",1.05,3.28,350456.18,40.83,10.29,-0.0512,-0.0243,2.1037,-5.18,-20.22
BHEL,"Bharat Heavy Electricals Limited
",1.05,3.28,350456.18,40.83,10.29,-0.0218,-0.0108,2.0293,-5.18,-20.22
BHEL,"Bharat Heavy Electricals Limited
",1.05,3.28,350456.18,40.83,10.29,0.0115,0.0047,2.4465,-5.18,-20.22
BHEL,"Bharat Heavy Electricals Limited
",1.05,3.28,350456.18,40.83,10.29,0.0135,0.0069,1.9774,-5.18,-20.22
BHEL,"Bharat Heavy Electricals Limited
",1.05,3.28,350456.18,40.83,10.29,0.014,0.0074,1.9049,-5.18,-20.22
BHEL,"Bharat Heavy Electricals Limited
",1.05,3.28,350456.18,40.83,10.29,0.0168,0.0078,2.1501,-5.18,-20.22
BHEL,"Bharat Heavy Electricals Limited
",1.05,3.28,350456.18,40.83,10.29,0.0268,0.0113,2.3654,-5.18,-20.22
BHEL,"Bharat Heavy Electricals Limited
",1.05,3.28,350456.18,40.83,10.29,0.0324,0.0155,2.0868,-5.18,-20.22
BHEL,"Bharat Heavy Electricals Limited
",1.05,3.28,350456.18,40.83,10.29,0.0424,0.0204,2.0751,-5.18,-20.22
BHEL,"Bharat Heavy Electricals Limited
",1.05,3.28,350456.18,40.83,10.29,0.1056,0.0465,2.271,-5.18,-20.22
BHEL,"Bharat Heavy Electricals Limited
",1.05,3.28,350456.18,40.83,10.29,0.2191,0.0932,2.3509,-5.18,-20.22
BHEL,"Bharat Heavy Electricals Limited
",1.05,3.28,367749.87,43.86,9.43,-0.1039,-0.0482,2.1537,-5.18,-20.22
BHEL,"Bharat Heavy Electricals Limited
",1.05,3.28,367749.87,43.86,9.43,-0.0512,-0.0243,2.1037,-5.18,-20.22
BHEL,"Bharat Heavy Electricals Limited
",1.05,3.28,367749.87,43.86,9.43,-0.0218,-0.0108,2.0293,-5.18,-20.22
BHEL,"Bharat Heavy Electricals Limited
",1.05,3.28,367749.87,43.86,9.43,0.0115,0.0047,2.4465,-5.18,-20.22
BHEL,"Bharat Heavy Electricals Limited
",1.05,3.28,367749.87,43.86,9.43,0.0135,0.0069,1.9774,-5.18,-20.22
BHEL,"Bharat Heavy Electricals Limited
",1.05,3.28,367749.87,43.86,9.43,0.014,0.0074,1.9049,-5.18,-20.22
BHEL,"Bharat Heavy Electricals Limited
",1.05,3.28,367749.87,43.86,9.43,0.0168,0.0078,2.1501,-5.18,-20.22
BHEL,"Bharat Heavy Electricals Limited
",1.05,3.28,367749.87,43.86,9.43,0.0268,0.0113,2.3654,-5.18,-20.22
BHEL,"Bharat Heavy Electricals Limited
",1.05,3.28,367749.87,43.86,9.43,0.0324,0.0155,2.0868,-5.18,-20.22
BHEL,"Bharat Heavy Electricals Limited
",1.05,3.28,367749.87,43.86,9.43,0.0424,0.0204,2.0751,-5.18,-20.22
BHEL,"Bharat Heavy Electricals Limited
",1.05,3.28,367749.87,43.86,9.43,0.1056,0.0465,2.271,-5.18,-20.22
BHEL,"Bharat Heavy Electricals Limited
",1.05,3.28,367749.87,43.86,9.43,0.2191,0.0932,2.3509,-5.18,-20.22
BHEL,"Bharat Heavy Electricals Limited
",1.05,3.28,414401.34,59.14,11.39,-0.1039,-0.0482,2.1537,-5.18,-20.22
BHEL,"Bharat Heavy Electricals Limited
",1.05,3.28,414401.34,59.14,11.39,-0.0512,-0.0243,2.1037,-5.18,-20.22
BHEL,"Bharat Heavy Electricals Limited
",1.05,3.28,414401.34,59.14,11.39,-0.0218,-0.0108,2.0293,-5.18,-20.22
BHEL,"Bharat Heavy Electricals Limited
",1.05,3.28,414401.34,59.14,11.39,0.0115,0.0047,2.4465,-5.18,-20.22
BHEL,"Bharat Heavy Electricals Limited
",1.05,3.28,414401.34,59.14,11.39,0.0135,0.0069,1.9774,-5.18,-20.22
BHEL,"Bharat Heavy Electricals Limited
",1.05,3.28,414401.34,59.14,11.39,0.014,0.0074,1.9049,-5.18,-20.22
BHEL,"Bharat Heavy Electricals Limited
",1.05,3.28,414401.34,59.14,11.39,0.0168,0.0078,2.1501,-5.18,-20.22
BHEL,"Bharat Heavy Electricals Limited
",1.05,3.28,414401.34,59.14,11.39,0.0268,0.0113,2.3654,-5.18,-20.22
BHEL,"Bharat Heavy Electricals Limited
",1.05,3.28,414401.34,59.14,11.39,0.0324,0.0155,2.0868,-5.18,-20.22
BHEL,"Bharat Heavy Electricals Limited
",1.05,3.28,414401.34,59.14,11.39,0.0424,0.0204,2.0751,-5.18,-20.22
BHEL,"Bharat Heavy Electricals Limited
",1.05,3.28,414401.34,59.14,11.39,0.1056,0.0465,2.271,-5.18,-20.22
BHEL,"Bharat Heavy Electricals Limited
",1.05,3.28,414401.34,59.14,11.39,0.2191,0.0932,2.3509,-5.18,-20.22
BHEL,"Bharat Heavy Electricals Limited
",1.05,3.28,452493.05,23.85,9.42,-0.1039,-0.0482,2.1537,-5.18,-20.22
BHEL,"Bharat Heavy Electricals Limited
",1.05,3.28,452493.05,23.85,9.42,-0.0512,-0.0243,2.1037,-5.18,-20.22
BHEL,"Bharat Heavy Electricals Limited
",1.05,3.28,452493.05,23.85,9.42,-0.0218,-0.0108,2.0293,-5.18,-20.22
BHEL,"Bharat Heavy Electricals Limited
",1.05,3.28,452493.05,23.85,9.42,0.0115,0.0047,2.4465,-5.18,-20.22
BHEL,"Bharat Heavy Electricals Limited
",1.05,3.28,452493.05,23.85,9.42,0.0135,0.0069,1.9774,-5.18,-20.22
BHEL,"Bharat Heavy Electricals Limited
",1.05,3.28,452493.05,23.85,9.42,0.014,0.0074,1.9049,-5.18,-20.22
BHEL,"Bharat Heavy Electricals Limited
",1.05,3.28,452493.05,23.85,9.42,0.0168,0.0078,2.1501,-5.18,-20.22
BHEL,"Bharat Heavy Electricals Limited
",1.05,3.28,452493.05,23.85,9.42,0.0268,0.0113,2.3654,-5.18,-20.22
BHEL,"Bharat Heavy Electricals Limited
",1.05,3.28,452493.05,23.85,9.42,0.0324,0.0155,2.0868,-5.18,-20.22
BHEL,"Bharat Heavy Electricals Limited
",1.05,3.28,452493.05,23.85,9.42,0.0424,0.0204,2.0751,-5.18,-20.22
BHEL,"Bharat Heavy Electricals Limited
",1.05,3.28,452493.05,23.85,9.42,0.1056,0.0465,2.271,-5.18,-20.22
BHEL,"Bharat Heavy Electricals Limited
",1.05,3.28,452493.05,23.85,9.42,0.2191,0.0932,2.3509,-5.18,-20.22
BHEL,"Bharat Heavy Electricals Limited
",1.05,3.28,499389.38,31.13,9.5,-0.1039,-0.0482,2.1537,-5.18,-20.22
BHEL,"Bharat Heavy Electricals Limited
",1.05,3.28,499389.38,31.13,9.5,-0.0512,-0.0243,2.1037,-5.18,-20.22
BHEL,"Bharat Heavy Electricals Limited
",1.05,3.28,499389.38,31.13,9.5,-0.0218,-0.0108,2.0293,-5.18,-20.22
BHEL,"Bharat Heavy Electricals Limited
",1.05,3.28,499389.38,31.13,9.5,0.0115,0.0047,2.4465,-5.18,-20.22
BHEL,"Bharat Heavy Electricals Limited
",1.05,3.28,499389.38,31.13,9.5,0.0135,0.0069,1.9774,-5.18,-20.22
BHEL,"Bharat Heavy Electricals Limited
",1.05,3.28,499389.38,31.13,9.5,0.014,0.0074,1.9049,-5.18,-20.22
BHEL,"Bharat Heavy Electricals Limited
",1.05,3.28,499389.38,31.13,9.5,0.0168,0.0078,2.1501,-5.18,-20.22
BHEL,"Bharat Heavy Electricals Limited
",1.05,3.28,499389.38,31.13,9.5,0.0268,0.0113,2.3654,-5.18,-20.22
BHEL,"Bharat Heavy Electricals Limited
",1.05,3.28,499389.38,31.13,9.5,0.0324,0.0155,2.0868,-5.18,-20.22
BHEL,"Bharat Heavy Electricals Limited
",1.05,3.28,499389.38,31.13,9.5,0.0424,0.0204,2.0751,-5.18,-20.22
BHEL,"Bharat Heavy Electricals Limited
",1.05,3.28,499389.38,31.13,9.5,0.1056,0.0465,2.271,-5.18,-20.22
BHEL,"Bharat Heavy Electricals Limited
",1.05,3.28,499389.38,31.13,9.5,0.2191,0.0932,2.3509,-5.18,-20.22
BHEL,"Bharat Heavy Electricals Limited
",1.05,3.28,540053.85,29.8,11.43,-0.1039,-0.0482,2.1537,-5.18,-20.22
BHEL,"Bharat Heavy Electricals Limited
",1.05,3.28,540053.85,29.8,11.43,-0.0512,-0.0243,2.1037,-5.18,-20.22
BHEL,"Bharat Heavy Electricals Limited
",1.05,3.28,540053.85,29.8,11.43,-0.0218,-0.0108,2.0293,-5.18,-20.22
BHEL,"Bharat Heavy Electricals Limited
",1.05,3.28,540053.85,29.8,11.43,0.0115,0.0047,2.4465,-5.18,-20.22
BHEL,"Bharat Heavy Electricals Limited
",1.05,3.28,540053.85,29.8,11.43,0.0135,0.0069,1.9774,-5.18,-20.22
BHEL,"Bharat Heavy Electricals Limited
",1.05,3.28,540053.85,29.8,11.43,0.014,0.0074,1.9049,-5.18,-20.22
BHEL,"Bharat Heavy Electricals Limited
",1.05,3.28,540053.85,29.8,11.43,0.0168,0.0078,2.1501,-5.18,-20.22
BHEL,"Bharat Heavy Electricals Limited
",1.05,3.28,540053.85,29.8,11.43,0.0268,0.0113,2.3654,-5.18,-20.22
BHEL,"Bharat Heavy Electricals Limited
",1.05,3.28,540053.85,29.8,11.43,0.0324,0.0155,2.0868,-5.18,-20.22
BHEL,"Bharat Heavy Electricals Limited
",1.05,3.28,540053.85,29.8,11.43,0.0424,0.0204,2.0751,-5.18,-20.22
BHEL,"Bharat Heavy Electricals Limited
",1.05,3.28,540053.85,29.8,11.43,0.1056,0.0465,2.271,-5.18,-20.22
BHEL,"Bharat Heavy Electricals Limited
",1.05,3.28,540053.85,29.8,11.43,0.2191,0.0932,2.3509,-5.18,-20.22
BOSCHLTD,Bosch Ltd,16.0,20.6,1332371.44,31.28,12.85,0.0491,0.0326,1.504,5.86,6.69
BOSCHLTD,Bosch Ltd,16.0,20.6,1332371.44,31.28,12.85,0.0701,0.0488,1.4369,5.86,6.69
BOSCHLTD,Bosch Ltd,16.0,20.6,1332371.44,31.28,12.85,0.1139,0.079,1.4418,5.86,6.69
BOSCHLTD,Bosch Ltd,16.0,20.6,1332371.44,31.28,12.85,0.1293,0.0876,1.4763,5.86,6.69
BOSCHLTD,Bosch Ltd,16.0,20.6,1332371.44,31.28,12.85,0.1374,0.0984,1.3954,5.86,6.69
BOSCHLTD,Bosch Ltd,16.0,20.6,1332371.44,31.28,12.85,0.1406,0.0995,1.4126,5.86,6.69
BOSCHLTD,Bosch Ltd,16.0,20.6,1332371.44,31.28,12.85,0.1606,0.1231,1.3039,5.86,6.69
BOSCHLTD,Bosch Ltd,16.0,20.6,1332371.44,31.28,12.85,0.1719,0.1212,1.4179,5.86,6.69
BOSCHLTD,Bosch Ltd,16.0,20.6,1332371.44,31.28,12.85,0.1751,0.1257,1.3926,5.86,6.69
BOSCHLTD,Bosch Ltd,16.0,20.6,1332371.44,31.28,12.85,0.1821,0.1283,1.4198,5.86,6.69
BOSCHLTD,Bosch Ltd,16.0,20.6,1332371.44,31.28,12.85,0.1979,0.1475,1.3411,5.86,6.69
BOSCHLTD,Bosch Ltd,16.0,20.6,1332371.44,31.28,12.85,0.2064,0.1435,1.4386,5.86,6.69
BOSCHLTD,Bosch Ltd,16.0,20.6,1557190.4,56.11,11.21,0.0491,0.0326,1.504,5.86,6.69
BOSCHLTD,Bosch Ltd,16.0,20.6,1557190.4,56.11,11.21,0.0701,0.0488,1.4369,5.86,6.69
BOSCHLTD,Bosch Ltd,16.0,20.6,1557190.4,56.11,11.21,0.1139,0.079,1.4418,5.86,6.69
BOSCHLTD,Bosch Ltd,16.0,20.6,1557190.4,56.11,11.21,0.1293,0.0876,1.4763,5.86,6.69
BOSCHLTD,Bosch Ltd,16.0,20.6,1557190.4,56.11,11.21,0.1374,0.0984,1.3954,5.86,6.69
BOSCHLTD,Bosch Ltd,16.0,20.6,1557190.4,56.11,11.21,0.1406,0.0995,1.4126,5.86,6.69
BOSCHLTD,Bosch Ltd,16.0,20.6,1557190.4,56.11,11.21,0.1606,0.1231,1.3039,5.86,6.69
BOSCHLTD,Bosch Ltd,16.0,20.6,1557190.4,56.11,11.21,0.1719,0.1212,1.4179,5.86,6.69
BOSCHLTD,Bosch Ltd,16.0,20.6,1557190.4,56.11,11.21,0.1751,0.1257,1.3926,5.86,6.69
BOSCHLTD,Bosch Ltd,16.0,20.6,1557190.4,56.11,11.21,0.1821,0.1283,1.4198,5.86,6.69
BOSCHLTD,Bosch Ltd,16.0,20.6,1557190.4,56.11,11.21,0.1979,0.1475,1.3411,5.86,6.69
BOSCHLTD,Bosch Ltd,16.0,20.6,1557190.4,56.11,11.21,0.2064,0.1435,1.4386,5.86,6.69
BOSCHLTD,Bosch Ltd,16.0,20.6,1765282.83,37.83,3.62,0.0491,0.0326,1.504,5.86,6.69
BOSCHLTD,Bosch Ltd,16.0,20.6,1765282.83,37.83,3.62,0.0701,0.0488,1.4369,5.86,6.69
BOSCHLTD,Bosch Ltd,16.0,20.6,1765282.83,37.83,3.62,0.1139,0.079,1.4418,5.86,6.69
BOSCHLTD,Bosch Ltd,16.0,20.6,1765282.83,37.83,3.62,0.1293,0.0876,1.4763,5.86,6.69
BOSCHLTD,Bosch Ltd,16.0,20.6,1765282.83,37.83,3.62,0.1374,0.0984,1.3954,5.86,6.69
BOSCHLTD,Bosch Ltd,16.0,20.6,1765282.83,37.83,3.62,0.1406,0.0995,1.4126,5.86,6.69
BOSCHLTD,Bosch Ltd,16.0,20.6,1765282.83,37.83,3.62,0.1606,0.1231,1.3039,5.86,6.69
BOSCHLTD,Bosch Ltd,16.0,20.6,1765282.83,37.83,3.62,0.1719,0.1212,1.4179,5.86,6.69
BOSCHLTD,Bosch Ltd,16.0,20.6,1765282.83,37.83,3.62,0.1751,0.1257,1.3926,5.86,6.69
BOSCHLTD,Bosch Ltd,16.0,20.6,1765282.83,37.83,3.62,0.1821,0.1283,1.4198,5.86,6.69
BOSCHLTD,Bosch Ltd,16.0,20.6,1765282.83,37.83,3.62,0.1979,0.1475,1.3411,5.86,6.69
BOSCHLTD,Bosch Ltd,16.0,20.6,1765282.83,37.83,3.62,0.2064,0.1435,1.4386,5.86,6.69
BOSCHLTD,Bosch Ltd,16.0,20.6,1812529.57,21.27,6.04,0.0491,0.0326,1.504,5.86,6.69
BOSCHLTD,Bosch Ltd,16.0,20.6,1812529.57,21.27,6.04,0.0701,0.0488,1.4369,5.86,6.69
BOSCHLTD,Bosch Ltd,16.0,20.6,1812529.57,21.27,6.04,0.1139,0.079,1.4418,5.86,6.69
BOSCHLTD,Bosch Ltd,16.0,20.6,1812529.57,21.27,6.04,0.1293,0.0876,1.4763,5.86,6.69
BOSCHLTD,Bosch Ltd,16.0,20.6,1812529.57,21.27,6.04,0.1374,0.0984,1.3954,5.86,6.69
BOSCHLTD,Bosch Ltd,16.0,20.6,1812529.57,21.27,6.04,0.1406,0.0995,1.4126,5.86,6.69
BOSCHLTD,Bosch Ltd,16.0,20.6,1812529.57,21.27,6.04,0.1606,0.1231,1.3039,5.86,6.69
BOSCHLTD,Bosch Ltd,16.0,20.6,1812529.57,21.27,6.04,0.1719,0.1212,1.4179,5.86,6.69
BOSCHLTD,Bosch Ltd,16.0,20.6,1812529.57,21.27,6.04,0.1751,0.1257,1.3926,5.86,6.69
BOSCHLTD,Bosch Ltd,16.0,20.6,1812529.57,21.27,6.04,0.1821,0.1283,1.4198,5.86,6.69
BOSCHLTD,Bosch Ltd,16.0,20.6,1812529.57,21.27,6.04,0.1979,0.1475,1.3411,5.86,6.69
BOSCHLTD,Bosch Ltd,16.0,20.6,1812529.57,21.27,6.04,0.2064,0.1435,1.4386,5.86,6.69
BOSCHLTD,Bosch Ltd,16.0,20.6,2334820.89,28.16,4.01,0.0491,0.0326,1.504,5.86,6.69
BOSCHLTD,Bosch Ltd,16.0,20.6,2334820.89,28.16,4.01,0.0701,0.0488,1.4369,5.86,6.69
BOSCHLTD,Bosch Ltd,16.0,20.6,2334820.89,28.16,4.01,0.1139,0.079,1.4418,5.86,6.69
BOSCHLTD,Bosch Ltd,16.0,20.6,2334820.89,28.16,4.01,0.1293,0.0876,1.4763,5.86,6.69
BOSCHLTD,Bosch Ltd,16.0,20.6,2334820.89,28.16,4.01,0.1374,0.0984,1.3954,5.86,6.69
BOSCHLTD,Bosch Ltd,16.0,20.6,2334820.89,28.16,4.01,0.1406,0.0995,1.4126,5.86,6.69
BOSCHLTD,Bosch Ltd,16.0,20.6,2334820.89,28.16,4.01,0.1606,0.1231,1.3039,5.86,6.69
BOSCHLTD,Bosch Ltd,16.0,20.6,2334820.89,28.16,4.01,0.1719,0.1212,1.4179,5.86,6.69
BOSCHLTD,Bosch Ltd,16.0,20.6,2334820.89,28.16,4.01,0.1751,0.1257,1.3926,5.86,6.69
BOSCHLTD,Bosch Ltd,16.0,20.6,2334820.89,28.16,4.01,0.1821,0.1283,1.4198,5.86,6.69
BOSCHLTD,Bosch Ltd,16.0,20.6,2334820.89,28.16,4.01,0.1979,0.1475,1.3411,5.86,6.69
BOSCHLTD,Bosch Ltd,16.0,20.6,2334820.89,28.16,4.01,0.2064,0.1435,1.4386,5.86,6.69
BOSCHLTD,Bosch Ltd,16.0,20.6,2599556.05,58.43,6.47,0.0491,0.0326,1.504,5.86,6.69
BOSCHLTD,Bosch Ltd,16.0,20.6,2599556.05,58.43,6.47,0.0701,0.0488,1.4369,5.86,6.69
BOSCHLTD,Bosch Ltd,16.0,20.6,2599556.05,58.43,6.47,0.1139,0.079,1.4418,5.86,6.69
BOSCHLTD,Bosch Ltd,16.0,20.6,2599556.05,58.43,6.47,0.1293,0.0876,1.4763,5.86,6.69
BOSCHLTD,Bosch Ltd,16.0,20.6,2599556.05,58.43,6.47,0.1374,0.0984,1.3954,5.86,6.69
BOSCHLTD,Bosch Ltd,16.0,20.6,2599556.05,58.43,6.47,0.1406,0.0995,1.4126,5.86,6.69
BOSCHLTD,Bosch Ltd,16.0,20.6,2599556.05,58.43,6.47,0.1606,0.1231,1.3039,5.86,6.69
BOSCHLTD,Bosch Ltd,16.0,20.6,2599556.05,58.43,6.47,0.1719,0.1212,1.4179,5.86,6.69
BOSCHLTD,Bosch Ltd,16.0,20.6,2599556.05,58.43,6.47,0.1751,0.1257,1.3926,5.86,6.69
BOSCHLTD,Bosch Ltd,16.0,20.6,2599556.05,58.43,6.47,0.1821,0.1283,1.4198,5.86,6.69
BOSCHLTD,Bosch Ltd,16.0,20.6,2599556.05,58.43,6.47,0.1979,0.1475,1.3411,5.86,6.69
BOSCHLTD,Bosch Ltd,16.0,20.6,2599556.05,58.43,6.47,0.2064,0.1435,1.4386,5.86,6.69
BPCL,Bharat Petroleum Corporation Ltd,41.9,32.1,417435.04,25.37,3.65,0.0398,0.0113,3.5146,5.21,17.74
BPCL,Bharat Petroleum Corporation Ltd,41.9,32.1,417435.04,25.37,3.65,0.1004,0.0243,4.1295,5.21,17.74
BPCL,Bharat Petroleum Corporation Ltd,41.9,32.1,417435.04,25.37,3.65,0.1154,0.0243,4.7468,5.21,17.74
BPCL,Bharat Petroleum Corporation Ltd,41.9,32.1,417435.04,25.37,3.65,0.2085,0.0458,4.5504,5.21,17.74
BPCL,Bharat Petroleum Corporation Ltd,41.9,32.1,417435.04,25.37,3.65,0.22,0.0623,3.5322,5.21,17.74
BPCL,Bharat Petroleum Corporation Ltd,41.9,32.1,417435.04,25.37,3.65,0.2251,0.0623,3.6129,5.21,17.74
BPCL,Bharat Petroleum Corporation Ltd,41.9,32.1,417435.04,25.37,3.65,0.2252,0.0589,3.826,5.21,17.74
BPCL,Bharat Petroleum Corporation Ltd,41.9,32.1,417435.04,25.37,3.65,0.2674,0.0814,3.2867,5.21,17.74
BPCL,Bharat Petroleum Corporation Ltd,41.9,32.1,417435.04,25.37,3.65,0.291,0.0936,3.1094,5.21,17.74
BPCL,Bharat Petroleum Corporation Ltd,41.9,32.1,417435.04,25.37,3.65,0.3085,0.0872,3.5396,5.21,17.74
BPCL,Bharat Petroleum Corporation Ltd,41.9,32.1,417435.04,25.37,3.65,0.3234,0.1076,3.0058,5.21,17.74
BPCL,Bharat Petroleum Corporation Ltd,41.9,32.1,417435.04,25.37,3.65,0.3551,0.1327,2.6762,5.21,17.74
BPCL,Bharat Petroleum Corporation Ltd,41.9,32.1,468662.13,68.15,0.72,0.0398,0.0113,3.5146,5.21,17.74
BPCL,Bharat Petroleum Corporation Ltd,41.9,32.1,468662.13,68.15,0.72,0.1004,0.0243,4.1295,5.21,17.74
BPCL,Bharat Petroleum Corporation Ltd,41.9,32.1,468662.13,68.15,0.72,0.1154,0.0243,4.7468,5.21,17.74
BPCL,Bharat Petroleum Corporation Ltd,41.9,32.1,468662.13,68.15,0.72,0.2085,0.0458,4.5504,5.21,17.74
BPCL,Bharat Petroleum Corporation Ltd,41.9,32.1,468662.13,68.15,0.72,0.22,0.0623,3.5322,5.21,17.74
BPCL,Bharat Petroleum Corporation Ltd,41.9,32.1,468662.13,68.15,0.72,0.2251,0.0623,3.6129,5.21,17.74
BPCL,Bharat Petroleum Corporation Ltd,41.9,32.1,468662.13,68.15,0.72,0.2252,0.0589,3.826,5.21,17.74
BPCL,Bharat Petroleum Corporation Ltd,41.9,32.1,468662.13,68.15,0.72,0.2674,0.0814,3.2867,5.21,17.74
BPCL,Bharat Petroleum Corporation Ltd,41.9,32.1,468662.13,68.15,0.72,0.291,0.0936,3.1094,5.21,17.74
BPCL,Bharat Petroleum Corporation Ltd,41.9,32.1,468662.13,68.15,0.72,0.3085,0.0872,3.5396,5.21,17.74
BPCL,Bharat Petroleum Corporation Ltd,41.9,32.1,468662.13,68.15,0.72,0.3234,0.1076,3.0058,5.21,17.74
BPCL,Bharat Petroleum Corporation Ltd,41.9,32.1,468662.13,68.15,0.72,0.3551,0.1327,2.6762,5.21,17.74
BPCL,Bharat Petroleum Corporation Ltd,41.9,32.1,484980.46,35.8,5.24,0.0398,0.0113,3.5146,5.21,17.74
BPCL,Bharat Petroleum Corporation Ltd,41.9,32.1,484980.46,35.8,5.24,0.1004,0.0243,4.1295,5.21,17.74
BPCL,Bharat Petroleum Corporation Ltd,41.9,32.1,484980.46,35.8,5.24,0.1154,0.0243,4.7468,5.21,17.74
BPCL,Bharat Petroleum Corporation Ltd,41.9,32.1,484980.46,35.8,5.24,0.2085,0.0458,4.5504,5.21,17.74
BPCL,Bharat Petroleum Corporation Ltd,41.9,32.1,484980.46,35.8,5.24,0.22,0.0623,3.5322,5.21,17.74
BPCL,Bharat Petroleum Corporation Ltd,41.9,32.1,484980.46,35.8,5.24,0.2251,0.0623,3.6129,5.21,17.74
BPCL,Bharat Petroleum Corporation Ltd,41.9,32.1,484980.46,35.8,5.24,0.2252,0.0589,3.826,5.21,17.74
BPCL,Bharat Petroleum Corporation Ltd,41.9,32.1,484980.46,35.8,5.24,0.2674,0.0814,3.2867,5.21,17.74
BPCL,Bharat Petroleum Corporation Ltd,41.9,32.1,484980.46,35.8,5.24,0.291,0.0936,3.1094,5.21,17.74
BPCL,Bharat Petroleum Corporation Ltd,41.9,32.1,484980.46,35.8,5.24,0.3085,0.0872,3.5396,5.21,17.74
BPCL,Bharat Petroleum Corporation Ltd,41.9,32.1,484980.46,35.8,5.24,0.3234,0.1076,3.0058,5.21,17.74
BPCL,Bharat Petroleum Corporation Ltd,41.9,32.1,484980.46,35.8,5.24,0.3551,0.1327,2.6762,5.21,17.74
BPCL,Bharat Petroleum Corporation Ltd,41.9,32.1,514923.42,40.91,7.86,0.0398,0.0113,3.5146,5.21,17.74
BPCL,Bharat Petroleum Corporation Ltd,41.9,32.1,514923.42,40.91,7.86,0.1004,0.0243,4.1295,5.21,17.74
BPCL,Bharat Petroleum Corporation Ltd,41.9,32.1,514923.42,40.91,7.86,0.1154,0.0243,4.7468,5.21,17.74
BPCL,Bharat Petroleum Corporation Ltd,41.9,32.1,514923.42,40.91,7.86,0.2085,0.0458,4.5504,5.21,17.74
BPCL,Bharat Petroleum Corporation Ltd,41.9,32.1,514923.42,40.91,7.86,0.22,0.0623,3.5322,5.21,17.74
BPCL,Bharat Petroleum Corporation Ltd,41.9,32.1,514923.42,40.91,7.86,0.2251,0.0623,3.6129,5.21,17.74
BPCL,Bharat Petroleum Corporation Ltd,41.9,32.1,514923.42,40.91,7.86,0.2252,0.0589,3.826,5.21,17.74
BPCL,Bharat Petroleum Corporation Ltd,41.9,32.1,514923.42,40.91,7.86,0.2674,0.0814,3.2867,5.21,17.74
BPCL,Bharat Petroleum Corporation Ltd,41.9,32.1,514923.42,40.91,7.86,0.291,0.0936,3.1094,5.21,17.74
BPCL,Bharat Petroleum Corporation Ltd,41.9,32.1,514923.42,40.91,7.86,0.3085,0.0872,3.5396,5.21,17.74
BPCL,Bharat Petroleum Corporation Ltd,41.9,32.1,514923.42,40.91,7.86,0.3234,0.1076,3.0058,5.21,17.74
BPCL,Bharat Petroleum Corporation Ltd,41.9,32.1,514923.42,40.91,7.86,0.3551,0.1327,2.6762,5.21,17.74
BPCL,Bharat Petroleum Corporation Ltd,41.9,32.1,522915.18,12.13,1.78,0.0398,0.0113,3.5146,5.21,17.74
BPCL,Bharat Petroleum Corporation Ltd,41.9,32.1,522915.18,12.13,1.78,0.1004,0.0243,4.1295,5.21,17.74
BPCL,Bharat Petroleum Corporation Ltd,41.9,32.1,522915.18,12.13,1.78,0.1154,0.0243,4.7468,5.21,17.74
BPCL,Bharat Petroleum Corporation Ltd,41.9,32.1,522915.18,12.13,1.78,0.2085,0.0458,4.5504,5.21,17.74
BPCL,Bharat Petroleum Corporation Ltd,41.9,32.1,522915.18,12.13,1.78,0.22,0.0623,3.5322,5.21,17.74
BPCL,Bharat Petroleum Corporation Ltd,41.9,32.1,522915.18,12.13,1.78,0.2251,0.0623,3.6129,5.21,17.74
BPCL,Bharat Petroleum Corporation Ltd,41.9,32.1,522915.18,12.13,1.78,0.2252,0.0589,3.826,5.21,17.74
BPCL,Bharat Petroleum Corporation Ltd,41.9,32.1,522915.18,12.13,1.78,0.2674,0.0814,3.2867,5.21,17.74
BPCL,Bharat Petroleum Corporation Ltd,41.9,32.1,522915.18,12.13,1.78,0.291,0.0936,3.1094,5.21,17.74
BPCL,Bharat Petroleum Corporation Ltd,41.9,32.1,522915.18,12.13,1.78,0.3085,0.0872,3.5396,5.21,17.74
BPCL,Bharat Petroleum Corporation Ltd,41.9,32.1,522915.18,12.13,1.78,0.3234,0.1076,3.0058,5.21,17.74
BPCL,Bharat Petroleum Corporation Ltd,41.9,32.1,522915.18,12.13,1.78,0.3551,0.1327,2.6762,5.21,17.74
BPCL,Bharat Petroleum Corporation Ltd,41.9,32.1,547313.57,24.26,4.29,0.0398,0.0113,3.5146,5.21,17.74
BPCL,Bharat Petroleum Corporation Ltd,41.9,32.1,547313.57,24.26,4.29,0.1004,0.0243,4.1295,5.21,17.74
BPCL,Bharat Petroleum Corporation Ltd,41.9,32.1,547313.57,24.26,4.29,0.1154,0.0243,4.7468,5.21,17.74
BPCL,Bharat Petroleum Corporation Ltd,41.9,32.1,547313.57,24.26,4.29,0.2085,0.0458,4.5504,5.21,17.74
BPCL,Bharat Petroleum Corporation Ltd,41.9,32.1,547313.57,24.26,4.29,0.22,0.0623,3.5322,5.21,17.74
BPCL,Bharat Petroleum Corporation Ltd,41.9,32.1,547313.57,24.26,4.29,0.2251,0.0623,3.6129,5.21,17.74
BPCL,Bharat Petroleum Corporation Ltd,41.9,32.1,547313.57,24.26,4.29,0.2252,0.0589,3.826,5.21,17.74
BPCL,Bharat Petroleum Corporation Ltd,41.9,32.1,547313.57,24.26,4.29,0.2674,0.0814,3.2867,5.21,17.74
BPCL,Bharat Petroleum Corporation Ltd,41.9,32.1,547313.57,24.26,4.29,0.291,0.0936,3.1094,5.21,17.74
BPCL,Bharat Petroleum Corporation Ltd,41.9,32.1,547313.57,24.26,4.29,0.3085,0.0872,3.5396,5.21,17.74
BPCL,Bharat Petroleum Corporation Ltd,41.9,32.1,547313.57,24.26,4.29,0.3234,0.1076,3.0058,5.21,17.74
BPCL,Bharat Petroleum Corporation Ltd,41.9,32.1,547313.57,24.26,4.29,0.3551,0.1327,2.6762,5.21,17.74
BRITANNIA,Britannia Industries Ltd,57.1,48.9,193703.11,39.95,9.67,0.2716,0.1852,1.4667,8.92,19.15
BRITANNIA,Britannia Industries Ltd,57.1,48.9,193703.11,39.95,9.67,0.2948,0.1935,1.5232,8.92,19.15
BRITANNIA,Britannia Industries Ltd,57.1,48.9,193703.11,39.95,9.67,0.3166,0.178,1.7783,8.92,19.15
BRITANNIA,Britannia Industries Ltd,57.1,48.9,193703.11,39.95,9.67,0.3283,0.2154,1.5241,8.92,19.15
BRITANNIA,Britannia Industries Ltd,57.1,48.9,193703.11,39.95,9.67,0.3944,0.2361,1.6702,8.92,19.15
BRITANNIA,Britannia Industries Ltd,57.1,48.9,193703.11,39.95,9.67,0.4659,0.1381,3.3746,8.92,19.15
BRITANNIA,Britannia Industries Ltd,57.1,48.9,193703.11,39.95,9.67,0.495,0.1875,2.6404,8.92,19.15
BRITANNIA,Britannia Industries Ltd,57.1,48.9,193703.11,39.95,9.67,0.5217,0.2314,2.2548,8.92,19.15
BRITANNIA,Britannia Industries Ltd,57.1,48.9,193703.11,39.95,9.67,0.5415,0.2352,2.302,8.92,19.15
BRITANNIA,Britannia Industries Ltd,57.1,48.9,193703.11,39.95,9.67,0.5534,0.2467,2.2434,8.92,19.15
BRITANNIA,Britannia Industries Ltd,57.1,48.9,193703.11,39.95,9.67,0.5927,0.2014,2.9425,8.92,19.15
BRITANNIA,Britannia Industries Ltd,57.1,48.9,193703.11,39.95,9.67,0.6553,0.2477,2.646,8.92,19.15
BRITANNIA,Britannia Industries Ltd,57.1,48.9,240748.04,33.6,0.62,0.2716,0.1852,1.4667,8.92,19.15
BRITANNIA,Britannia Industries Ltd,57.1,48.9,240748.04,33.6,0.62,0.2948,0.1935,1.5232,8.92,19.15
BRITANNIA,Britannia Industries Ltd,57.1,48.9,240748.04,33.6,0.62,0.3166,0.178,1.7783,8.92,19.15
BRITANNIA,Britannia Industries Ltd,57.1,48.9,240748.04,33.6,0.62,0.3283,0.2154,1.5241,8.92,19.15
BRITANNIA,Britannia Industries Ltd,57.1,48.9,240748.04,33.6,0.62,0.3944,0.2361,1.6702,8.92,19.15
BRITANNIA,Britannia Industries Ltd,57.1,48.9,240748.04,33.6,0.62,0.4659,0.1381,3.3746,8.92,19.15
BRITANNIA,Britannia Industries Ltd,57.1,48.9,240748.04,33.6,0.62,0.495,0.1875,2.6404,8.92,19.15
BRITANNIA,Britannia Industries Ltd,57.1,48.9,240748.04,33.6,0.62,0.5217,0.2314,2.2548,8.92,19.15
BRITANNIA,Britannia Industries Ltd,57.1,48.9,240748.04,33.6,0.62,0.5415,0.2352,2.302,8.92,19.15
BRITANNIA,Britannia Industries Ltd,57.1,48.9,240748.04,33.6,0.62,0.5534,0.2467,2.2434,8.92,19.15
BRITANNIA,Britannia Industries Ltd,57.1,48.9,240748.04,33.6,0.62,0.5927,0.2014,2.9425,8.92,19.15
BRITANNIA,Britannia Industries Ltd,57.1,48.9,240748.04,33.6,0.62,0.6553,0.2477,2.646,8.92,19.15
BRITANNIA,Britannia Industries Ltd,57.1,48.9,253493.14,18.2,4.8,0.2716,0.1852,1.4667,8.92,19.15
BRITANNIA,Britannia Industries Ltd,57.1,48.9,253493.14,18.2,4.8,0.2948,0.1935,1.5232,8.92,19.15
BRITANNIA,Britannia Industries Ltd,57.1,48.9,253493.14,18.2,4.8,0.3166,0.178,1.7783,8.92,19.15
BRITANNIA,Britannia Industries Ltd,57.1,48.9,253493.14,18.2,4.8,0.3283,0.2154,1.5241,8.92,19.15
BRITANNIA,Britannia Industries Ltd,57.1,48.9,253493.14,18.2,4.8,0.3944,0.2361,1.6702,8.92,19.15
BRITANNIA,Britannia Industries Ltd,57.1,48.9,253493.14,18.2,4.8,0.4659,0.1381,3.3746,8.92,19.15
BRITANNIA,Britannia Industries Ltd,57.1,48.9,253493.14,18.2,4.8,0.495,0.1875,2.6404,8.92,19.15
BRITANNIA,Britannia Industries Ltd,57.1,48.9,253493.14,18.2,4.8,0.5217,0.2314,2.2548,8.92,19.15
BRITANNIA,Britannia Industries Ltd,57.1,48.9,253493.14,18.2,4.8,0.5415,0.2352,2.302,8.92,19.15
BRITANNIA,Britannia Industries Ltd,57.1,48.9,253493.14,18.2,4.8,0.5534,0.2467,2.2434,8.92,19.15
BRITANNIA,Britannia Industries Ltd,57.1,48.9,253493.14,18.2,4.8,0.5927,0.2014,2.9425,8.92,19.15
BRITANNIA,Britannia Industries Ltd,57.1,48.9,253493.14,18.2,4.8,0.6553,0.2477,2.646,8.92,19.15
BRITANNIA,Britannia Industries Ltd,57.1,48.9,285063.86,25.49,4.57,0.2716,0.1852,1.4667,8.92,19.15
BRITANNIA,Britannia Industries Ltd,57.1,48.9,285063.86,25.49,4.57,0.2948,0.1935,1.5232,8.92,19.15
BRITANNIA,Britannia Industries Ltd,57.1,48.9,285063.86,25.49,4.57,0.3166,0.178,1.7783,8.92,19.15
BRITANNIA,Britannia Industries Ltd,57.1,48.9,285063.86,25.49,4.57,0.3283,0.2154,1.5241,8.92,19.15
BRITANNIA,Britannia Industries Ltd,57.1,48.9,285063.86,25.49,4.57,0.3944,0.2361,1.6702,8.92,19.15
BRITANNIA,Britannia Industries Ltd,57.1,48.9,285063.86,25.49,4.57,0.4659,0.1381,3.3746,8.92,19.15
BRITANNIA,Britannia Industries Ltd,57.1,48.9,285063.86,25.49,4.57,0.495,0.1875,2.6404,8.92,19.15
BRITANNIA,Britannia Industries Ltd,57.1,48.9,285063.86,25.49,4.57,0.5217,0.2314,2.2548,8.92,19.15
BRITANNIA,Britannia Industries Ltd,57.1,48.9,285063.86,25.49,4.57,0.5415,0.2352,2.302,8.92,19.15
BRITANNIA,Britannia Industries Ltd,57.1,48.9,285063.86,25.49,4.57,0.5534,0.2467,2.2434,8.92,19.15
BRITANNIA,Britannia Industries Ltd,57.1,48.9,285063.86,25.49,4.57,0.5927,0.2014,2.9425,8.92,19.15
BRITANNIA,Britannia Industries Ltd,57.1,48.9,285063.86,25.49,4.57,0.6553,0.2477,2.646,8.92,19.15
BRITANNIA,Britannia Industries Ltd,57.1,48.9,316483.82,73.25,8.4,0.2716,0.1852,1.4667,8.92,19.15
BRITANNIA,Britannia Industries Ltd,57.1,48.9,316483.82,73.25,8.4,0.2948,0.1935,1.5232,8.92,19.15
BRITANNIA,Britannia Industries Ltd,57.1,48.9,316483.82,73.25,8.4,0.3166,0.178,1.7783,8.92,19.15
BRITANNIA,Britannia Industries Ltd,57.1,48.9,316483.82,73.25,8.4,0.3283,0.2154,1.5241,8.92,19.15
BRITANNIA,Britannia Industries Ltd,57.1,48.9,316483.82,73.25,8.4,0.3944,0.2361,1.6702,8.92,19.15
BRITANNIA,Britannia Industries Ltd,57.1,48.9,316483.82,73.25,8.4,0.4659,0.1381,3.3746,8.92,19.15
BRITANNIA,Britannia Industries Ltd,57.1,48.9,316483.82,73.25,8.4,0.495,0.1875,2.6404,8.92,19.15
BRITANNIA,Britannia Industries Ltd,57.1,48.9,316483.82,73.25,8.4,0.5217,0.2314,2.2548,8.92,19.15
BRITANNIA,Britannia Industries Ltd,57.1,48.9,316483.82,73.25,8.4,0.5415,0.2352,2.302,8.92,19.15
BRITANNIA,Britannia Industries Ltd,57.1,48.9,316483.82,73.25,8.4,0.5534,0.2467,2.2434,8.92,19.15
BRITANNIA,Britannia Industries Ltd,57.1,48.9,316483.82,73.25,8.4,0.5927,0.2014,2.9425,8.92,19.15
BRITANNIA,Britannia Industries Ltd,57.1,48.9,316483.82,73.25,8.4,0.6553,0.2477,2.646,8.92,19.15
BRITANNIA,Britannia Industries Ltd,57.1,48.9,324745.74,63.91,4.26,0.2716,0.1852,1.4667,8.92,19.15
BRITANNIA,Britannia Industries Ltd,57.1,48.9,324745.74,63.91,4.26,0.2948,0.1935,1.5232,8.92,19.15
BRITANNIA,Britannia Industries Ltd,57.1,48.9,324745.74,63.91,4.26,0.3166,0.178,1.7783,8.92,19.15
BRITANNIA,Britannia Industries Ltd,57.1,48.9,324745.74,63.91,4.26,0.3283,0.2154,1.5241,8.92,19.15
BRITANNIA,Britannia Industries Ltd,57.1,48.9,324745.74,63.91,4.26,0.3944,0.2361,1.6702,8.92,19.15
BRITANNIA,Britannia Industries Ltd,57.1,48.9,324745.74,63.91,4.26,0.4659,0.1381,3.3746,8.92,19.15
BRITANNIA,Britannia Industries Ltd,57.1,48.9,324745.74,63.91,4.26,0.495,0.1875,2.6404,8.92,19.15
BRITANNIA,Britannia Industries Ltd,57.1,48.9,324745.74,63.91,4.26,0.5217,0.2314,2.2548,8.92,19.15
BRITANNIA,Britannia Industries Ltd,57.1,48.9,324745.74,63.91,4.26,0.5415,0.2352,2.302,8.92,19.15
BRITANNIA,Britannia Industries Ltd,57.1,48.9,324745.74,63.91,4.26,0.5534,0.2467,2.2434,8.92,19.15
BRITANNIA,Britannia Industries Ltd,57.1,48.9,324745.74,63.91,4.26,0.5927,0.2014,2.9425,8.92,19.15
BRITANNIA,Britannia Industries Ltd,57.1,48.9,324745.74,63.91,4.26,0.6553,0.2477,2.646,8.92,19.15
CANBK,Canara Bank,17.9,6.63,274311.19,24.47,4.6,-0.105,-0.0061,17.1135,11.02,15.32
CANBK,Canara Bank,17.9,6.63,274311.19,24.47,4.6,-0.0782,-0.0045,17.3936,11.02,15.32
CANBK,Canara Bank,17.9,6.63,274311.19,24.47,4.6,-0.0466,-0.0026,17.9935,11.02,15.32
CANBK,Canara Bank,17.9,6.63,274311.19,24.47,4.6,0.0185,0.001,18.8857,11.02,15.32
CANBK,Canara Bank,17.9,6.63,274311.19,24.47,4.6,0.0407,0.0024,17.1878,11.02,15.32
CANBK,Canara Bank,17.9,6.63,274311.19,24.47,4.6,0.0474,0.0025,18.8999,11.02,15.32
CANBK,Canara Bank,17.9,6.63,274311.19,24.47,4.6,0.088,0.0049,17.9927,11.02,15.32
CANBK,Canara Bank,17.9,6.63,274311.19,24.47,4.6,0.0885,0.0053,16.6056,11.02,15.32
CANBK,Canara Bank,17.9,6.63,274311.19,24.47,4.6,0.0902,0.0052,17.1906,11.02,15.32
CANBK,Canara Bank,17.9,6.63,274311.19,24.47,4.6,0.119,0.0071,16.6557,11.02,15.32
CANBK,Canara Bank,17.9,6.63,274311.19,24.47,4.6,0.1453,0.0082,17.6933,11.02,15.32
CANBK,Canara Bank,17.9,6.63,274311.19,24.47,4.6,0.1672,0.01,16.6609,11.02,15.32
CANBK,Canara Bank,17.9,6.63,289660.96,74.19,6.84,-0.105,-0.0061,17.1135,11.02,15.32
CANBK,Canara Bank,17.9,6.63,289660.96,74.19,6.84,-0.0782,-0.0045,17.3936,11.02,15.32
CANBK,Canara Bank,17.9,6.63,289660.96,74.19,6.84,-0.0466,-0.0026,17.9935,11.02,15.32
CANBK,Canara Bank,17.9,6.63,289660.96,74.19,6.84,0.0185,0.001,18.8857,11.02,15.32
CANBK,Canara Bank,17.9,6.63,289660.96,74.19,6.84,0.0407,0.0024,17.1878,11.02,15.32
CANBK,Canara Bank,17.9,6.63,289660.96,74.19,6.84,0.0474,0.0025,18.8999,11.02,15.32
CANBK,Canara Bank,17.9,6.63,289660.96,74.19,6.84,0.088,0.0049,17.9927,11.02,15.32
CANBK,Canara Bank,17.9,6.63,289660.96,74.19,6.84,0.0885,0.0053,16.6056,11.02,15.32
CANBK,Canara Bank,17.9,6.63,289660.96,74.19,6.84,0.0902,0.0052,17.1906,11.02,15.32
CANBK,Canara Bank,17.9,6.63,289660.96,74.19,6.84,0.119,0.0071,16.6557,11.02,15.32
CANBK,Canara Bank,17.9,6.63,289660.96,74.19,6.84,0.1453,0.0082,17.6933,11.02,15.32
CANBK,Canara Bank,17.9,6.63,289660.96,74.19,6.84,0.1672,0.01,16.6609,11.02,15.32
CANBK,Canara Bank,17.9,6.63,308875.53,31.3,11.96,-0.105,-0.0061,17.1135,11.02,15.32
CANBK,Canara Bank,17.9,6.63,308875.53,31.3,11.96,-0.0782,-0.0045,17.3936,11.02,15.32
CANBK,Canara Bank,17.9,6.63,308875.53,31.3,11.96,-0.0466,-0.0026,17.9935,11.02,15.32
CANBK,Canara Bank,17.9,6.63,308875.53,31.3,11.96,0.0185,0.001,18.8857,11.02,15.32
CANBK,Canara Bank,17.9,6.63,308875.53,31.3,11.96,0.0407,0.0024,17.1878,11.02,15.32
CANBK,Canara Bank,17.9,6.63,308875.53,31.3,11.96,0.0474,0.0025,18.8999,11.02,15.32
CANBK,Canara Bank,17.9,6.63,308875.53,31.3,11.96,0.088,0.0049,17.9927,11.02,15.32
CANBK,Canara Bank,17.9,6.63,308875.53,31.3,11.96,0.0885,0.0053,16.6056,11.02,15.32
CANBK,Canara Bank,17.9,6.63,308875.53,31.3,11.96,0.0902,0.0052,17.1906,11.02,15.32
CANBK,Canara Bank,17.9,6.63,308875.53,31.3,11.96,0.119,0.0071,16.6557,11.02,15.32
CANBK,Canara Bank,17.9,6.63,308875.53,31.3,11.96,0.1453,0.0082,17.6933,11.02,15.32
CANBK,Canara Bank,17.9,6.63,308875.53,31.3,11.96,0.1672,0.01,16.6609,11.02,15.32
CANBK,Canara Bank,17.9,6.63,312713.63,32.75,11.66,-0.105,-0.0061,17.1135,11.02,15.32
CANBK,Canara Bank,17.9,6.63,312713.63,32.75,11.66,-0.0782,-0.0045,17.3936,11.02,15.32
CANBK,Canara Bank,17.9,6.63,312713.63,32.75,11.66,-0.0466,-0.0026,17.9935,11.02,15.32
CANBK,Canara Bank,17.9,6.63,312713.63,32.75,11.66,0.0185,0.001,18.8857,11.02,15.32
CANBK,Canara Bank,17.9,6.63,312713.63,32.75,11.66,0.0407,0.0024,17.1878,11.02,15.32
CANBK,Canara Bank,17.9,6.63,312713.63,32.75,11.66,0.0474,0.0025,18.8999,11.02,15.32
CANBK,Canara Bank,17.9,6.63,312713.63,32.75,11.66,0.088,0.0049,17.9927,11.02,15.32
CANBK,Canara Bank,17.9,6.63,312713.63,32.75,11.66,0.0885,0.0053,16.6056,11.02,15.32
CANBK,Canara Bank,17.9,6.63,312713.63,32.75,11.66,0.0902,0.0052,17.1906,11.02,15.32
CANBK,Canara Bank,17.9,6.63,312713.63,32.75,11.66,0.119,0.0071,16.6557,11.02,15.32
CANBK,Canara Bank,17.9,6.63,312713.63,32.75,11.66,0.1453,0.0082,17.6933,11.02,15.32
CANBK,Canara Bank,17.9,6.63,312713.63,32.75,11.66,0.1672,0.01,16.6609,11.02,15.32
CANBK,Canara Bank,17.9,6.63,384057.8,55.56,0.63,-0.105,-0.0061,17.1135,11.02,15.32
CANBK,Canara Bank,17.9,6.63,384057.8,55.56,0.63,-0.0782,-0.0045,17.3936,11.02,15.32
CANBK,Canara Bank,17.9,6.63,384057.8,55.56,0.63,-0.0466,-0.0026,17.9935,11.02,15.32
CANBK,Canara Bank,17.9,6.63,384057.8,55.56,0.63,0.0185,0.001,18.8857,11.02,15.32
CANBK,Canara Bank,17.9,6.63,384057.8,55.56,0.63,0.0407,0.0024,17.1878,11.02,15.32
CANBK,Canara Bank,17.9,6.63,384057.8,55.56,0.63,0.0474,0.0025,18.8999,11.02,15.32
CANBK,Canara Bank,17.9,6.63,384057.8,55.56,0.63,0.088,0.0049,17.9927,11.02,15.32
CANBK,Canara Bank,17.9,6.63,384057.8,55.56,0.63,0.0885,0.0053,16.6056,11.02,15.32
CANBK,Canara Bank,17.9,6.63,384057.8,55.56,0.63,0.0902,0.0052,17.1906,11.02,15.32
CANBK,Canara Bank,17.9,6.63,384057.8,55.56,0.63,0.119,0.0071,16.6557,11.02,15.32
CANBK,Canara Bank,17.9,6.63,384057.8,55.56,0.63,0.1453,0.0082,17.6933,11.02,15.32
CANBK,Canara Bank,17.9,6.63,384057.8,55.56,0.63,0.1672,0.01,16.6609,11.02,15.32
CANBK,Canara Bank,17.9,6.63,496415.88,36.74,12.61,-0.105,-0.0061,17.1135,11.02,15.32
CANBK,Canara Bank,17.9,6.63,496415.88,36.74,12.61,-0.0782,-0.0045,17.3936,11.02,15.32
CANBK,Canara Bank,17.9,6.63,496415.88,36.74,12.61,-0.0466,-0.0026,17.9935,11.02,15.32
CANBK,Canara Bank,17.9,6.63,496415.88,36.74,12.61,0.0185,0.001,18.8857,11.02,15.32
CANBK,Canara Bank,17.9,6.63,496415.88,36.74,12.61,0.0407,0.0024,17.1878,11.02,15.32
CANBK,Canara Bank,17.9,6.63,496415.88,36.74,12.61,0.0474,0.0025,18.8999,11.02,15.32
CANBK,Canara Bank,17.9,6.63,496415.88,36.74,12.61,0.088,0.0049,17.9927,11.02,15.32
CANBK,Canara Bank,17.9,6.63,496415.88,36.74,12.61,0.0885,0.0053,16.6056,11.02,15.32
CANBK,Canara Bank,17.9,6.63,496415.88,36.74,12.61,0.0902,0.0052,17.1906,11.02,15.32
CANBK,Canara Bank,17.9,6.63,496415.88,36.74,12.61,0.119,0.0071,16.6557,11.02,15.32
CANBK,Canara Bank,17.9,6.63,496415.88,36.74,12.61,0.1453,0.0082,17.6933,11.02,15.32
CANBK,Canara Bank,17.9,6.63,496415.88,36.74,12.61,0.1672,0.01,16.6609,11.02,15.32
CHOLAFIN,Cholamandalam Investment & Finance Company Ltd,20.2,10.4,945798.69,38.56,12.71,0.1285,0.0165,7.812,19.82,23.43
CHOLAFIN,Cholamandalam Investment & Finance Company Ltd,20.2,10.4,945798.69,38.56,12.71,0.1567,0.0206,7.5992,19.82,23.43
CHOLAFIN,Cholamandalam Investment & Finance Company Ltd,20.2,10.4,945798.69,38.56,12.71,0.1578,0.0169,9.3381,19.82,23.43
CHOLAFIN,Cholamandalam Investment & Finance Company Ltd,20.2,10.4,945798.69,38.56,12.71,0.1584,0.0204,7.7754,19.82,23.43
CHOLAFIN,Cholamandalam Investment & Finance Company Ltd,20.2,10.4,945798.69,38.56,12.71,0.1609,0.0171,9.4202,19.82,23.43
CHOLAFIN,Cholamandalam Investment & Finance Company Ltd,20.2,10.4,945798.69,38.56,12.71,0.166,0.0186,8.9226,19.82,23.43
CHOLAFIN,Cholamandalam Investment & Finance Company Ltd,20.2,10.4,945798.69,38.56,12.71,0.1671,0.0235,7.1191,19.82,23.43
CHOLAFIN,Cholamandalam Investment & Finance Company Ltd,20.2,10.4,945798.69,38.56,12.71,0.1746,0.0218,7.997,19.82,23.43
CHOLAFIN,Cholamandalam Investment & Finance Company Ltd,20.2,10.4,945798.69,38.56,12.71,0.1791,0.0208,8.618,19.82,23.43
CHOLAFIN,Cholamandalam Investment & Finance Company Ltd,20.2,10.4,945798.69,38.56,12.71,0.183,0.0261,7.0081,19.82,23.43
CHOLAFIN,Cholamandalam Investment & Finance Company Ltd,20.2,10.4,945798.69,38.56,12.71,0.1858,0.0235,7.9205,19.82,23.43
CHOLAFIN,Cholamandalam Investment & Finance Company Ltd,20.2,10.4,945798.69,38.56,12.71,0.1928,0.0208,9.2606,19.82,23.43
CHOLAFIN,Cholamandalam Investment & Finance Company Ltd,20.2,10.4,971931.96,16.79,10.36,0.1285,0.0165,7.812,19.82,23.43
CHOLAFIN,Cholamandalam Investment & Finance Company Ltd,20.2,10.4,971931.96,16.79,10.36,0.1567,0.0206,7.5992,19.82,23.43
CHOLAFIN,Cholamandalam Investment & Finance Company Ltd,20.2,10.4,971931.96,16.79,10.36,0.1578,0.0169,9.3381,19.82,23.43
CHOLAFIN,Cholamandalam Investment & Finance Company Ltd,20.2,10.4,971931.96,16.79,10.36,0.1584,0.0204,7.7754,19.82,23.43
CHOLAFIN,Cholamandalam Investment & Finance Company Ltd,20.2,10.4,971931.96,16.79,10.36,0.1609,0.0171,9.4202,19.82,23.43
CHOLAFIN,Cholamandalam Investment & Finance Company Ltd,20.2,10.4,971931.96,16.79,10.36,0.166,0.0186,8.9226,19.82,23.43
CHOLAFIN,Cholamandalam Investment & Finance Company Ltd,20.2,10.4,971931.96,16.79,10.36,0.1671,0.0235,7.1191,19.82,23.43
CHOLAFIN,Cholamandalam Investment & Finance Company Ltd,20.2,10.4,971931.96,16.79,10.36,0.1746,0.0218,7.997,19.82,23.43
CHOLAFIN,Cholamandalam Investment & Finance Company Ltd,20.2,10.4,971931.96,16.79,10.36,0.1791,0.0208,8.618,19.82,23.43
CHOLAFIN,Cholamandalam Investment & Finance Company Ltd,20.2,10.4,971931.96,16.79,10.36,0.183,0.0261,7.0081,19.82,23.43
CHOLAFIN,Cholamandalam Investment & Finance Company Ltd,20.2,10.4,971931.96,16.79,10.36,0.1858,0.0235,7.9205,19.82,23.43
CHOLAFIN,Cholamandalam Investment & Finance Company Ltd,20.2,10.4,971931.96,16.79,10.36,0.1928,0.0208,9.2606,19.82,23.43
CHOLAFIN,Cholamandalam Investment & Finance Company Ltd,20.2,10.4,1050124.13,53.32,1.23,0.1285,0.0165,7.812,19.82,23.43
CHOLAFIN,Cholamandalam Investment & Finance Company Ltd,20.2,10.4,1050124.13,53.32,1.23,0.1567,0.0206,7.5992,19.82,23.43
CHOLAFIN,Cholamandalam Investment & Finance Company Ltd,20.2,10.4,1050124.13,53.32,1.23,0.1578,0.0169,9.3381,19.82,23.43
CHOLAFIN,Cholamandalam Investment & Finance Company Ltd,20.2,10.4,1050124.13,53.32,1.23,0.1584,0.0204,7.7754,19.82,23.43
CHOLAFIN,Cholamandalam Investment & Finance Company Ltd,20.2,10.4,1050124.13,53.32,1.23,0.1609,0.0171,9.4202,19.82,23.43
CHOLAFIN,Cholamandalam Investment & Finance Company Ltd,20.2,10.4,1050124.13,53.32,1.23,0.166,0.0186,8.9226,19.82,23.43
CHOLAFIN,Cholamandalam Investment & Finance Company Ltd,20.2,10.4,1050124.13,53.32,1.23,0.1671,0.0235,7.1191,19.82,23.43
CHOLAFIN,Cholamandalam Investment & Finance Company Ltd,20.2,10.4,1050124.13,53.32,1.23,0.1746,0.0218,7.997,19.82,23.43
CHOLAFIN,Cholamandalam Investment & Finance Company Ltd,20.2,10.4,1050124.13,53.32,1.23,0.1791,0.0208,8.618,19.82,23.43
CHOLAFIN,Cholamandalam Investment & Finance Company Ltd,20.2,10.4,1050124.13,53.32,1.23,0.183,0.0261,7.0081,19.82,23.43
CHOLAFIN,Cholamandalam Investment & Finance Company Ltd,20.2,10.4,1050124.13,53.32,1.23,0.1858,0.0235,7.9205,19.82,23.43
CHOLAFIN,Cholamandalam Investment & Finance Company Ltd,20.2,10.4,1050124.13,53.32,1.23,0.1928,0.0208,9.2606,19.82,23.43
CHOLAFIN,Cholamandalam Investment & Finance Company Ltd,20.2,10.4,1228519.04,23.52,9.62,0.1285,0.0165,7.812,19.82,23.43
CHOLAFIN,Cholamandalam Investment & Finance Company Ltd,20.2,10.4,1228519.04,23.52,9.62,0.1567,0.0206,7.5992,19.82,23.43
CHOLAFIN,Cholamandalam Investment & Finance Company Ltd,20.2,10.4,1228519.04,23.52,9.62,0.1578,0.0169,9.3381,19.82,23.43
CHOLAFIN,Cholamandalam Investment & Finance Company Ltd,20.2,10.4,1228519.04,23.52,9.62,0.1584,0.0204,7.7754,19.82,23.43
CHOLAFIN,Cholamandalam Investment & Finance Company Ltd,20.2,10.4,1228519.04,23.52,9.62,0.1609,0.0171,9.4202,19.82,23.43
CHOLAFIN,Cholamandalam Investment & Finance Company Ltd,20.2,10.4,1228519.04,23.52,9.62,0.166,0.0186,8.9226,19.82,23.43
CHOLAFIN,Cholamandalam Investment & Finance Company Ltd,20.2,10.4,1228519.04,23.52,9.62,0.1671,0.0235,7.1191,19.82,23.43
CHOLAFIN,Cholamandalam Investment & Finance Company Ltd,20.2,10.4,1228519.04,23.52,9.62,0.1746,0.0218,7.997,19.82,23.43
CHOLAFIN,Cholamandalam Investment & Finance Company Ltd,20.2,10.4,1228519.04,23.52,9.62,0.1791,0.0208,8.618,19.82,23.43
CHOLAFIN,Cholamandalam Investment & Finance Company Ltd,20.2,10.4,1228519.04,23.52,9.62,0.183,0.0261,7.0081,19.82,23.43
CHOLAFIN,Cholamandalam Investment & Finance Company Ltd,20.2,10.4,1228519.04,23.52,9.62,0.1858,0.0235,7.9205,19.82,23.43
CHOLAFIN,Cholamandalam Investment & Finance Company Ltd,20.2,10.4,1228519.04,23.52,9.62,0.1928,0.0208,9.2606,19.82,23.43
CHOLAFIN,Cholamandalam Investment & Finance Company Ltd,20.2,10.4,1426964.45,33.3,12.24,0.1285,0.0165,7.812,19.82,23.43
CHOLAFIN,Cholamandalam Investment & Finance Company Ltd,20.2,10.4,1426964.45,33.3,12.24,0.1567,0.0206,7.5992,19.82,23.43
CHOLAFIN,Cholamandalam Investment & Finance Company Ltd,20.2,10.4,1426964.45,33.3,12.24,0.1578,0.0169,9.3381,19.82,23.43
CHOLAFIN,Cholamandalam Investment & Finance Company Ltd,20.2,10.4,1426964.45,33.3,12.24,0.1584,0.0204,7.7754,19.82,23.43
CHOLAFIN,Cholamandalam Investment & Finance Company Ltd,20.2,10.4,1426964.45,33.3,12.24,0.1609,0.0171,9.4202,19.82,23.43
CHOLAFIN,Cholamandalam Investment & Finance Company Ltd,20.2,10.4,1426964.45,33.3,12.24,0.166,0.0186,8.9226,19.82,23.43
CHOLAFIN,Cholamandalam Investment & Finance Company Ltd,20.2,10.4,1426964.45,33.3,12.24,0.1671,0.0235,7.1191,19.82,23.43
CHOLAFIN,Cholamandalam Investment & Finance Company Ltd,20.2,10.4,1426964.45,33.3,12.24,0.1746,0.0218,7.997,19.82,23.43
CHOLAFIN,Cholamandalam Investment & Finance Company Ltd,20.2,10.4,1426964.45,33.3,12.24,0.1791,0.0208,8.618,19.82,23.43
CHOLAFIN,Cholamandalam Investment & Finance Company Ltd,20.2,10.4,1426964.45,33.3,12.24,0.183,0.0261,7.0081,19.82,23.43
CHOLAFIN,Cholamandalam Investment & Finance Company Ltd,20.2,10.4,1426964.45,33.3,12.24,0.1858,0.0235,7.9205,19.82,23.43
CHOLAFIN,Cholamandalam Investment & Finance Company Ltd,20.2,10.4,1426964.45,33.3,12.24,0.1928,0.0208,9.2606,19.82,23.43
CHOLAFIN,Cholamandalam Investment & Finance Company Ltd,20.2,10.4,1617575.24,18.46,1.7,0.1285,0.0165,7.812,19.82,23.43
CHOLAFIN,Cholamandalam Investment & Finance Company Ltd,20.2,10.4,1617575.24,18.46,1.7,0.1567,0.0206,7.5992,19.82,23.43
CHOLAFIN,Cholamandalam Investment & Finance Company Ltd,20.2,10.4,1617575.24,18.46,1.7,0.1578,0.0169,9.3381,19.82,23.43
CHOLAFIN,Cholamandalam Investment & Finance Company Ltd,20.2,10.4,1617575.24,18.46,1.7,0.1584,0.0204,7.7754,19.82,23.43
CHOLAFIN,Cholamandalam Investment & Finance Company Ltd,20.2,10.4,1617575.24,18.46,1.7,0.1609,0.0171,9.4202,19.82,23.43
CHOLAFIN,Cholamandalam Investment & Finance Company Ltd,20.2,10.4,1617575.24,18.46,1.7,0.166,0.0186,8.9226,19.82,23.43
CHOLAFIN,Cholamandalam Investment & Finance Company Ltd,20.2,10.4,1617575.24,18.46,1.7,0.1671,0.0235,7.1191,19.82,23.43
CHOLAFIN,Cholamandalam Investment & Finance Company Ltd,20.2,10.4,1617575.24,18.46,1.7,0.1746,0.0218,7.997,19.82,23.43
CHOLAFIN,Cholamandalam Investment & Finance Company Ltd,20.2,10.4,1617575.24,18.46,1.7,0.1791,0.0208,8.618,19.82,23.43
CHOLAFIN,Cholamandalam Investment & Finance Company Ltd,20.2,10.4,1617575.24,18.46,1.7,0.183,0.0261,7.0081,19.82,23.43
CHOLAFIN,Cholamandalam Investment & Finance Company Ltd,20.2,10.4,1617575.24,18.46,1.7,0.1858,0.0235,7.9205,19.82,23.43
CHOLAFIN,Cholamandalam Investment & Finance Company Ltd,20.2,10.4,1617575.24,18.46,1.7,0.1928,0.0208,9.2606,19.82,23.43
CIPLA,"Cipla Ltd
",16.8,22.8,282375.35,41.07,14.49,0.0825,0.0496,1.6637,10.35,10.26
CIPLA,"Cipla Ltd
",16.8,22.8,282375.35,41.07,14.49,0.0952,0.064,1.4859,10.35,10.26
CIPLA,"Cipla Ltd
",16.8,22.8,282375.35,41.07,14.49,0.0994,0.0628,1.5829,10.35,10.26
CIPLA,"Cipla Ltd
",16.8,22.8,282375.35,41.07,14.49,0.0996,0.0625,1.5934,10.35,10.26
CIPLA,"Cipla Ltd
",16.8,22.8,282375.35,41.07,14.49,0.1138,0.0784,1.4507,10.35,10.26
CIPLA,"Cipla Ltd
",16.8,22.8,282375.35,41.07,14.49,0.1201,0.0657,1.8276,10.35,10.26
CIPLA,"Cipla Ltd
",16.8,22.8,282375.35,41.07,14.49,0.121,0.0967,1.2518,10.35,10.26
CIPLA,"Cipla Ltd
",16.8,22.8,282375.35,41.07,14.49,0.1222,0.0948,1.2887,10.35,10.26
CIPLA,"Cipla Ltd
",16.8,22.8,282375.35,41.07,14.49,0.1304,0.0961,1.3563,10.35,10.26
CIPLA,"Cipla Ltd
",16.8,22.8,282375.35,41.07,14.49,0.1397,0.1048,1.3332,10.35,10.26
CIPLA,"Cipla Ltd
",16.8,22.8,282375.35,41.07,14.49,0.1555,0.1277,1.2182,10.35,10.26
CIPLA,"Cipla Ltd
",16.8,22.8,282375.35,41.07,14.49,0.1713,0.1325,1.2926,10.35,10.26
CIPLA,"Cipla Ltd
",16.8,22.8,288521.14,76.56,11.34,0.0825,0.0496,1.6637,10.35,10.26
CIPLA,"Cipla Ltd
",16.8,22.8,288521.14,76.56,11.34,0.0952,0.064,1.4859,10.35,10.26
CIPLA,"Cipla Ltd
",16.8,22.8,288521.14,76.56,11.34,0.0994,0.0628,1.5829,10.35,10.26
CIPLA,"Cipla Ltd
",16.8,22.8,288521.14,76.56,11.34,0.0996,0.0625,1.5934,10.35,10.26
CIPLA,"Cipla Ltd
",16.8,22.8,288521.14,76.56,11.34,0.1138,0.0784,1.4507,10.35,10.26
CIPLA,"Cipla Ltd
",16.8,22.8,288521.14,76.56,11.34,0.1201,0.0657,1.8276,10.35,10.26
CIPLA,"Cipla Ltd
",16.8,22.8,288521.14,76.56,11.34,0.121,0.0967,1.2518,10.35,10.26
CIPLA,"Cipla Ltd
",16.8,22.8,288521.14,76.56,11.34,0.1222,0.0948,1.2887,10.35,10.26
CIPLA,"Cipla Ltd
",16.8,22.8,288521.14,76.56,11.34,0.1304,0.0961,1.3563,10.35,10.26
CIPLA,"Cipla Ltd
",16.8,22.8,288521.14,76.56,11.34,0.1397,0.1048,1.3332,10.35,10.26
CIPLA,"Cipla Ltd
",16.8,22.8,288521.14,76.56,11.34,0.1555,0.1277,1.2182,10.35,10.26
CIPLA,"Cipla Ltd
",16.8,22.8,288521.14,76.56,11.34,0.1713,0.1325,1.2926,10.35,10.26
CIPLA,"Cipla Ltd
",16.8,22.8,316481.63,26.77,7.27,0.0825,0.0496,1.6637,10.35,10.26
CIPLA,"Cipla Ltd
",16.8,22.8,316481.63,26.77,7.27,0.0952,0.064,1.4859,10.35,10.26
CIPLA,"Cipla Ltd
",16.8,22.8,316481.63,26.77,7.27,0.0994,0.0628,1.5829,10.35,10.26
CIPLA,"Cipla Ltd
",16.8,22.8,316481.63,26.77,7.27,0.0996,0.0625,1.5934,10.35,10.26
CIPLA,"Cipla Ltd
",16.8,22.8,316481.63,26.77,7.27,0.1138,0.0784,1.4507,10.35,10.26
CIPLA,"Cipla Ltd
",16.8,22.8,316481.63,26.77,7.27,0.1201,0.0657,1.8276,10.35,10.26
CIPLA,"Cipla Ltd
",16.8,22.8,316481.63,26.77,7.27,0.121,0.0967,1.2518,10.35,10.26
CIPLA,"Cipla Ltd
",16.8,22.8,316481.63,26.77,7.27,0.1222,0.0948,1.2887,10.35,10.26
CIPLA,"Cipla Ltd
",16.8,22.8,316481.63,26.77,7.27,0.1304,0.0961,1.3563,10.35,10.26
CIPLA,"Cipla Ltd
",16.8,22.8,316481.63,26.77,7.27,0.1397,0.1048,1.3332,10.35,10.26
CIPLA,"Cipla Ltd
",16.8,22.8,316481.63,26.77,7.27,0.1555,0.1277,1.2182,10.35,10.26
CIPLA,"Cipla Ltd
",16.8,22.8,316481.63,26.77,7.27,0.1713,0.1325,1.2926,10.35,10.26
CIPLA,"Cipla Ltd
",16.8,22.8,338880.07,37.3,10.46,0.0825,0.0496,1.6637,10.35,10.26
CIPLA,"Cipla Ltd
",16.8,22.8,338880.07,37.3,10.46,0.0952,0.064,1.4859,10.35,10.26
CIPLA,"Cipla Ltd
",16.8,22.8,338880.07,37.3,10.46,0.0994,0.0628,1.5829,10.35,10.26
CIPLA,"Cipla Ltd
",16.8,22.8,338880.07,37.3,10.46,0.0996,0.0625,1.5934,10.35,10.26
CIPLA,"Cipla Ltd
",16.8,22.8,338880.07,37.3,10.46,0.1138,0.0784,1.4507,10.35,10.26
CIPLA,"Cipla Ltd
",16.8,22.8,338880.07,37.3,10.46,0.1201,0.0657,1.8276,10.35,10.26
CIPLA,"Cipla Ltd
",16.8,22.8,338880.07,37.3,10.46,0.121,0.0967,1.2518,10.35,10.26
CIPLA,"Cipla Ltd
",16.8,22.8,338880.07,37.3,10.46,0.1222,0.0948,1.2887,10.35,10.26
CIPLA,"Cipla Ltd
",16.8,22.8,338880.07,37.3,10.46,0.1304,0.0961,1.3563,10.35,10.26
CIPLA,"Cipla Ltd
",16.8,22.8,338880.07,37.3,10.46,0.1397,0.1048,1.3332,10.35,10.26
CIPLA,"Cipla Ltd
",16.8,22.8,338880.07,37.3,10.46,0.1555,0.1277,1.2182,10.35,10.26
CIPLA,"Cipla Ltd
",16.8,22.8,338880.07,37.3,10.46,0.1713,0.1325,1.2926,10.35,10.26
CIPLA,"Cipla Ltd
",16.8,22.8,353498.49,61.2,2.74,0.0825,0.0496,1.6637,10.35,10.26
CIPLA,"Cipla Ltd
",16.8,22.8,353498.49,61.2,2.74,0.0952,0.064,1.4859,10.35,10.26
CIPLA,"Cipla Ltd
",16.8,22.8,353498.49,61.2,2.74,0.0994,0.0628,1.5829,10.35,10.26
CIPLA,"Cipla Ltd
",16.8,22.8,353498.49,61.2,2.74,0.0996,0.0625,1.5934,10.35,10.26
CIPLA,"Cipla Ltd
",16.8,22.8,353498.49,61.2,2.74,0.1138,0.0784,1.4507,10.35,10.26
CIPLA,"Cipla Ltd
",16.8,22.8,353498.49,61.2,2.74,0.1201,0.0657,1.8276,10.35,10.26
CIPLA,"Cipla Ltd
",16.8,22.8,353498.49,61.2,2.74,0.121,0.0967,1.2518,10.35,10.26
CIPLA,"Cipla Ltd
",16.8,22.8,353498.49,61.2,2.74,0.1222,0.0948,1.2887,10.35,10.26
CIPLA,"Cipla Ltd
",16.8,22.8,353498.49,61.2,2.74,0.1304,0.0961,1.3563,10.35,10.26
CIPLA,"Cipla Ltd
",16.8,22.8,353498.49,61.2,2.74,0.1397,0.1048,1.3332,10.35,10.26
CIPLA,"Cipla Ltd
",16.8,22.8,353498.49,61.2,2.74,0.1555,0.1277,1.2182,10.35,10.26
CIPLA,"Cipla Ltd
",16.8,22.8,353498.49,61.2,2.74,0.1713,0.1325,1.2926,10.35,10.26
CIPLA,"Cipla Ltd
",16.8,22.8,439803.15,59.75,5.93,0.0825,0.0496,1.6637,10.35,10.26
CIPLA,"Cipla Ltd
",16.8,22.8,439803.15,59.75,5.93,0.0952,0.064,1.4859,10.35,10.26
CIPLA,"Cipla Ltd
",16.8,22.8,439803.15,59.75,5.93,0.0994,0.0628,1.5829,10.35,10.26
CIPLA,"Cipla Ltd
",16.8,22.8,439803.15,59.75,5.93,0.0996,0.0625,1.5934,10.35,10.26
CIPLA,"Cipla Ltd
",16.8,22.8,439803.15,59.75,5.93,0.1138,0.0784,1.4507,10.35,10.26
CIPLA,"Cipla Ltd
",16.8,22.8,439803.15,59.75,5.93,0.1201,0.0657,1.8276,10.35,10.26
CIPLA,"Cipla Ltd
",16.8,22.8,439803.15,59.75,5.93,0.121,0.0967,1.2518,10.35,10.26
CIPLA,"Cipla Ltd
",16.8,22.8,439803.15,59.75,5.93,0.1222,0.0948,1.2887,10.35,10.26
CIPLA,"Cipla Ltd
",16.8,22.8,439803.15,59.75,5.93,0.1304,0.0961,1.3563,10.35,10.26
CIPLA,"Cipla Ltd
",16.8,22.8,439803.15,59.75,5.93,0.1397,0.1048,1.3332,10.35,10.26
CIPLA,"Cipla Ltd
",16.8,22.8,439803.15,59.75,5.93,0.1555,0.1277,1.2182,10.35,10.26
CIPLA,"Cipla Ltd
",16.8,22.8,439803.15,59.75,5.93,0.1713,0.1325,1.2926,10.35,10.26
COALINDIA,Coal India Ltd,52.0,63.6,187263.0,76.5,6.82,0.3402,0.1234,2.7573,6.18,5.85
COALINDIA,Coal India Ltd,52.0,63.6,187263.0,76.5,6.82,0.3478,0.0789,4.4102,6.18,5.85
COALINDIA,Coal India Ltd,52.0,63.6,187263.0,76.5,6.82,0.3488,0.0561,6.2182,6.18,5.85
COALINDIA,Coal India Ltd,52.0,63.6,187263.0,76.5,6.82,0.3564,0.144,2.4747,6.18,5.85
COALINDIA,Coal India Ltd,52.0,63.6,187263.0,76.5,6.82,0.3581,0.1564,2.2896,6.18,5.85
COALINDIA,Coal India Ltd,52.0,63.6,187263.0,76.5,6.82,0.3785,0.0783,4.8367,6.18,5.85
COALINDIA,Coal India Ltd,52.0,63.6,187263.0,76.5,6.82,0.4028,0.0968,4.1591,6.18,5.85
COALINDIA,Coal India Ltd,52.0,63.6,187263.0,76.5,6.82,0.4096,0.1256,3.2601,6.18,5.85
COALINDIA,Coal India Ltd,52.0,63.6,187263.0,76.5,6.82,0.4517,0.158,2.8583,6.18,5.85
COALINDIA,Coal India Ltd,52.0,63.6,187263.0,76.5,6.82,0.5193,0.1113,4.6652,6.18,5.85
COALINDIA,Coal India Ltd,52.0,63.6,187263.0,76.5,6.82,0.5214,0.1433,3.6388,6.18,5.85
COALINDIA,Coal India Ltd,52.0,63.6,187263.0,76.5,6.82,0.6601,0.1313,5.0282,6.18,5.85
COALINDIA,Coal India Ltd,52.0,63.6,231042.15,23.41,11.71,0.3402,0.1234,2.7573,6.18,5.85
COALINDIA,Coal India Ltd,52.0,63.6,231042.15,23.41,11.71,0.3478,0.0789,4.4102,6.18,5.85
COALINDIA,Coal India Ltd,52.0,63.6,231042.15,23.41,11.71,0.3488,0.0561,6.2182,6.18,5.85
COALINDIA,Coal India Ltd,52.0,63.6,231042.15,23.41,11.71,0.3564,0.144,2.4747,6.18,5.85
COALINDIA,Coal India Ltd,52.0,63.6,231042.15,23.41,11.71,0.3581,0.1564,2.2896,6.18,5.85
COALINDIA,Coal India Ltd,52.0,63.6,231042.15,23.41,11.71,0.3785,0.0783,4.8367,6.18,5.85
COALINDIA,Coal India Ltd,52.0,63.6,231042.15,23.41,11.71,0.4028,0.0968,4.1591,6.18,5.85
COALINDIA,Coal India Ltd,52.0,63.6,231042.15,23.41,11.71,0.4096,0.1256,3.2601,6.18,5.85
COALINDIA,Coal India Ltd,52.0,63.6,231042.15,23.41,11.71,0.4517,0.158,2.8583,6.18,5.85
COALINDIA,Coal India Ltd,52.0,63.6,231042.15,23.41,11.71,0.5193,0.1113,4.6652,6.18,5.85
COALINDIA,Coal India Ltd,52.0,63.6,231042.15,23.41,11.71,0.5214,0.1433,3.6388,6.18,5.85
COALINDIA,Coal India Ltd,52.0,63.6,231042.15,23.41,11.71,0.6601,0.1313,5.0282,6.18,5.85
COALINDIA,Coal India Ltd,52.0,63.6,269353.58,77.94,9.67,0.3402,0.1234,2.7573,6.18,5.85
COALINDIA,Coal India Ltd,52.0,63.6,269353.58,77.94,9.67,0.3478,0.0789,4.4102,6.18,5.85
COALINDIA,Coal India Ltd,52.0,63.6,269353.58,77.94,9.67,0.3488,0.0561,6.2182,6.18,5.85
COALINDIA,Coal India Ltd,52.0,63.6,269353.58,77.94,9.67,0.3564,0.144,2.4747,6.18,5.85
COALINDIA,Coal India Ltd,52.0,63.6,269353.58,77.94,9.67,0.3581,0.1564,2.2896,6.18,5.85
COALINDIA,Coal India Ltd,52.0,63.6,269353.58,77.94,9.67,0.3785,0.0783,4.8367,6.18,5.85
COALINDIA,Coal India Ltd,52.0,63.6,269353.58,77.94,9.67,0.4028,0.0968,4.1591,6.18,5.85
COALINDIA,Coal India Ltd,52.0,63.6,269353.58,77.94,9.67,0.4096,0.1256,3.2601,6.18,5.85
COALINDIA,Coal India Ltd,52.0,63.6,269353.58,77.94,9.67,0.4517,0.158,2.8583,6.18,5.85
COALINDIA,Coal India Ltd,52.0,63.6,269353.58,77.94,9.67,0.5193,0.1113,4.6652,6.18,5.85
COALINDIA,Coal India Ltd,52.0,63.6,269353.58,77.94,9.67,0.5214,0.1433,3.6388,6.18,5.85
COALINDIA,Coal India Ltd,52.0,63.6,269353.58,77.94,9.67,0.6601,0.1313,5.0282,6.18,5.85
COALINDIA,Coal India Ltd,52.0,63.6,359749.33,10.93,0.98,0.3402,0.1234,2.7573,6.18,5.85
COALINDIA,Coal India Ltd,52.0,63.6,359749.33,10.93,0.98,0.3478,0.0789,4.4102,6.18,5.85
COALINDIA,Coal India Ltd,52.0,63.6,359749.33,10.93,0.98,0.3488,0.0561,6.2182,6.18,5.85
COALINDIA,Coal India Ltd,52.0,63.6,359749.33,10.93,0.98,0.3564,0.144,2.4747,6.18,5.85
COALINDIA,Coal India Ltd,52.0,63.6,359749.33,10.93,0.98,0.3581,0.1564,2.2896,6.18,5.85
COALINDIA,Coal India Ltd,52.0,63.6,359749.33,10.93,0.98,0.3785,0.0783,4.8367,6.18,5.85
COALINDIA,Coal India Ltd,52.0,63.6,359749.33,10.93,0.98,0.4028,0.0968,4.1591,6.18,5.85
COALINDIA,Coal India Ltd,52.0,63.6,359749.33,10.93,0.98,0.4096,0.1256,3.2601,6.18,5.85
COALINDIA,Coal India Ltd,52.0,63.6,359749.33,10.93,0.98,0.4517,0.158,2.8583,6.18,5.85
COALINDIA,Coal India Ltd,52.0,63.6,359749.33,10.93,0.98,0.5193,0.1113,4.6652,6.18,5.85
COALINDIA,Coal India Ltd,52.0,63.6,359749.33,10.93,0.98,0.5214,0.1433,3.6388,6.18,5.85
COALINDIA,Coal India Ltd,52.0,63.6,359749.33,10.93,0.98,0.6601,0.1313,5.0282,6.18,5.85
COALINDIA,Coal India Ltd,52.0,63.6,397912.96,32.17,9.72,0.3402,0.1234,2.7573,6.18,5.85
COALINDIA,Coal India Ltd,52.0,63.6,397912.96,32.17,9.72,0.3478,0.0789,4.4102,6.18,5.85
COALINDIA,Coal India Ltd,52.0,63.6,397912.96,32.17,9.72,0.3488,0.0561,6.2182,6.18,5.85
COALINDIA,Coal India Ltd,52.0,63.6,397912.96,32.17,9.72,0.3564,0.144,2.4747,6.18,5.85
COALINDIA,Coal India Ltd,52.0,63.6,397912.96,32.17,9.72,0.3581,0.1564,2.2896,6.18,5.85
COALINDIA,Coal India Ltd,52.0,63.6,397912.96,32.17,9.72,0.3785,0.0783,4.8367,6.18,5.85
COALINDIA,Coal India Ltd,52.0,63.6,397912.96,32.17,9.72,0.4028,0.0968,4.1591,6.18,5.85
COALINDIA,Coal India Ltd,52.0,63.6,397912.96,32.17,9.72,0.4096,0.1256,3.2601,6.18,5.85
COALINDIA,Coal India Ltd,52.0,63.6,397912.96,32.17,9.72,0.4517,0.158,2.8583,6.18,5.85
COALINDIA,Coal India Ltd,52.0,63.6,397912.96,32.17,9.72,0.5193,0.1113,4.6652,6.18,5.85
COALINDIA,Coal India Ltd,52.0,63.6,397912.96,32.17,9.72,0.5214,0.1433,3.6388,6.18,5.85
COALINDIA,Coal India Ltd,52.0,63.6,397912.96,32.17,9.72,0.6601,0.1313,5.0282,6.18,5.85
COALINDIA,Coal India Ltd,52.0,63.6,454024.84,34.27,14.75,0.3402,0.1234,2.7573,6.18,5.85
COALINDIA,Coal India Ltd,52.0,63.6,454024.84,34.27,14.75,0.3478,0.0789,4.4102,6.18,5.85
COALINDIA,Coal India Ltd,52.0,63.6,454024.84,34.27,14.75,0.3488,0.0561,6.2182,6.18,5.85
COALINDIA,Coal India Ltd,52.0,63.6,454024.84,34.27,14.75,0.3564,0.144,2.4747,6.18,5.85
COALINDIA,Coal India Ltd,52.0,63.6,454024.84,34.27,14.75,0.3581,0.1564,2.2896,6.18,5.85
COALINDIA,Coal India Ltd,52.0,63.6,454024.84,34.27,14.75,0.3785,0.0783,4.8367,6.18,5.85
COALINDIA,Coal India Ltd,52.0,63.6,454024.84,34.27,14.75,0.4028,0.0968,4.1591,6.18,5.85
COALINDIA,Coal India Ltd,52.0,63.6,454024.84,34.27,14.75,0.4096,0.1256,3.2601,6.18,5.85
COALINDIA,Coal India Ltd,52.0,63.6,454024.84,34.27,14.75,0.4517,0.158,2.8583,6.18,5.85
COALINDIA,Coal India Ltd,52.0,63.6,454024.84,34.27,14.75,0.5193,0.1113,4.6652,6.18,5.85
COALINDIA,Coal India Ltd,52.0,63.6,454024.84,34.27,14.75,0.5214,0.1433,3.6388,6.18,5.85
COALINDIA,Coal India Ltd,52.0,63.6,454024.84,34.27,14.75,0.6601,0.1313,5.0282,6.18,5.85
DABUR,Dabur India Ltd,19.2,22.3,48060.25,78.3,2.21,0.1836,0.1198,1.5321,6.07,7.18
DABUR,Dabur India Ltd,19.2,22.3,48060.25,78.3,2.21,0.1896,0.1246,1.5215,6.07,7.18
DABUR,Dabur India Ltd,19.2,22.3,48060.25,78.3,2.21,0.2078,0.1418,1.4655,6.07,7.18
DABUR,Dabur India Ltd,19.2,22.3,48060.25,78.3,2.21,0.2192,0.1551,1.4134,6.07,7.18
DABUR,Dabur India Ltd,19.2,22.3,48060.25,78.3,2.21,0.2212,0.1565,1.4135,6.07,7.18
DABUR,Dabur India Ltd,19.2,22.3,48060.25,78.3,2.21,0.238,0.1561,1.5251,6.07,7.18
DABUR,Dabur India Ltd,19.2,22.3,48060.25,78.3,2.21,0.2567,0.1714,1.498,6.07,7.18
DABUR,Dabur India Ltd,19.2,22.3,48060.25,78.3,2.21,0.2641,0.1655,1.5952,6.07,7.18
DABUR,Dabur India Ltd,19.2,22.3,48060.25,78.3,2.21,0.3006,0.1809,1.662,6.07,7.18
DABUR,Dabur India Ltd,19.2,22.3,48060.25,78.3,2.21,0.3184,0.1749,1.8205,6.07,7.18
DABUR,Dabur India Ltd,19.2,22.3,48060.25,78.3,2.21,0.3449,0.1724,2.0,6.07,7.18
DABUR,Dabur India Ltd,19.2,22.3,48060.25,78.3,2.21,0.3656,0.1627,2.2477,6.07,7.18
DABUR,Dabur India Ltd,19.2,22.3,48665.96,12.36,12.35,0.1836,0.1198,1.5321,6.07,7.18
DABUR,Dabur India Ltd,19.2,22.3,48665.96,12.36,12.35,0.1896,0.1246,1.5215,6.07,7.18
DABUR,Dabur India Ltd,19.2,22.3,48665.96,12.36,12.35,0.2078,0.1418,1.4655,6.07,7.18
DABUR,Dabur India Ltd,19.2,22.3,48665.96,12.36,12.35,0.2192,0.1551,1.4134,6.07,7.18
DABUR,Dabur India Ltd,19.2,22.3,48665.96,12.36,12.35,0.2212,0.1565,1.4135,6.07,7.18
DABUR,Dabur India Ltd,19.2,22.3,48665.96,12.36,12.35,0.238,0.1561,1.5251,6.07,7.18
DABUR,Dabur India Ltd,19.2,22.3,48665.96,12.36,12.35,0.2567,0.1714,1.498,6.07,7.18
DABUR,Dabur India Ltd,19.2,22.3,48665.96,12.36,12.35,0.2641,0.1655,1.5952,6.07,7.18
DABUR,Dabur India Ltd,19.2,22.3,48665.96,12.36,12.35,0.3006,0.1809,1.662,6.07,7.18
DABUR,Dabur India Ltd,19.2,22.3,48665.96,12.36,12.35,0.3184,0.1749,1.8205,6.07,7.18
DABUR,Dabur India Ltd,19.2,22.3,48665.96,12.36,12.35,0.3449,0.1724,2.0,6.07,7.18
DABUR,Dabur India Ltd,19.2,22.3,48665.96,12.36,12.35,0.3656,0.1627,2.2477,6.07,7.18
DABUR,Dabur India Ltd,19.2,22.3,55182.65,11.83,8.9,0.1836,0.1198,1.5321,6.07,7.18
DABUR,Dabur India Ltd,19.2,22.3,55182.65,11.83,8.9,0.1896,0.1246,1.5215,6.07,7.18
DABUR,Dabur India Ltd,19.2,22.3,55182.65,11.83,8.9,0.2078,0.1418,1.4655,6.07,7.18
DABUR,Dabur India Ltd,19.2,22.3,55182.65,11.83,8.9,0.2192,0.1551,1.4134,6.07,7.18
DABUR,Dabur India Ltd,19.2,22.3,55182.65,11.83,8.9,0.2212,0.1565,1.4135,6.07,7.18
DABUR,Dabur India Ltd,19.2,22.3,55182.65,11.83,8.9,0.238,0.1561,1.5251,6.07,7.18
DABUR,Dabur India Ltd,19.2,22.3,55182.65,11.83,8.9,0.2567,0.1714,1.498,6.07,7.18
DABUR,Dabur India Ltd,19.2,22.3,55182.65,11.83,8.9,0.2641,0.1655,1.5952,6.07,7.18
DABUR,Dabur India Ltd,19.2,22.3,55182.65,11.83,8.9,0.3006,0.1809,1.662,6.07,7.18
DABUR,Dabur India Ltd,19.2,22.3,55182.65,11.83,8.9,0.3184,0.1749,1.8205,6.07,7.18
DABUR,Dabur India Ltd,19.2,22.3,55182.65,11.83,8.9,0.3449,0.1724,2.0,6.07,7.18
DABUR,Dabur India Ltd,19.2,22.3,55182.65,11.83,8.9,0.3656,0.1627,2.2477,6.07,7.18
DABUR,Dabur India Ltd,19.2,22.3,56521.84,50.95,13.59,0.1836,0.1198,1.5321,6.07,7.18
DABUR,Dabur India Ltd,19.2,22.3,56521.84,50.95,13.59,0.1896,0.1246,1.5215,6.07,7.18
DABUR,Dabur India Ltd,19.2,22.3,56521.84,50.95,13.59,0.2078,0.1418,1.4655,6.07,7.18
DABUR,Dabur India Ltd,19.2,22.3,56521.84,50.95,13.59,0.2192,0.1551,1.4134,6.07,7.18
DABUR,Dabur India Ltd,19.2,22.3,56521.84,50.95,13.59,0.2212,0.1565,1.4135,6.07,7.18
DABUR,Dabur India Ltd,19.2,22.3,56521.84,50.95,13.59,0.238,0.1561,1.5251,6.07,7.18
DABUR,Dabur India Ltd,19.2,22.3,56521.84,50.95,13.59,0.2567,0.1714,1.498,6.07,7.18
DABUR,Dabur India Ltd,19.2,22.3,56521.84,50.95,13.59,0.2641,0.1655,1.5952,6.07,7.18
DABUR,Dabur India Ltd,19.2,22.3,56521.84,50.95,13.59,0.3006,0.1809,1.662,6.07,7.18
DABUR,Dabur India Ltd,19.2,22.3,56521.84,50.95,13.59,0.3184,0.1749,1.8205,6.07,7.18
DABUR,Dabur India Ltd,19.2,22.3,56521.84,50.95,13.59,0.3449,0.1724,2.0,6.07,7.18
DABUR,Dabur India Ltd,19.2,22.3,56521.84,50.95,13.59,0.3656,0.1627,2.2477,6.07,7.18
DABUR,Dabur India Ltd,19.2,22.3,60945.67,31.16,8.64,0.1836,0.1198,1.5321,6.07,7.18
DABUR,Dabur India Ltd,19.2,22.3,60945.67,31.16,8.64,0.1896,0.1246,1.5215,6.07,7.18
DABUR,Dabur India Ltd,19.2,22.3,60945.67,31.16,8.64,0.2078,0.1418,1.4655,6.07,7.18
DABUR,Dabur India Ltd,19.2,22.3,60945.67,31.16,8.64,0.2192,0.1551,1.4134,6.07,7.18
DABUR,Dabur India Ltd,19.2,22.3,60945.67,31.16,8.64,0.2212,0.1565,1.4135,6.07,7.18
DABUR,Dabur India Ltd,19.2,22.3,60945.67,31.16,8.64,0.238,0.1561,1.5251,6.07,7.18
DABUR,Dabur India Ltd,19.2,22.3,60945.67,31.16,8.64,0.2567,0.1714,1.498,6.07,7.18
DABUR,Dabur India Ltd,19.2,22.3,60945.67,31.16,8.64,0.2641,0.1655,1.5952,6.07,7.18
DABUR,Dabur India Ltd,19.2,22.3,60945.67,31.16,8.64,0.3006,0.1809,1.662,6.07,7.18
DABUR,Dabur India Ltd,19.2,22.3,60945.67,31.16,8.64,0.3184,0.1749,1.8205,6.07,7.18
DABUR,Dabur India Ltd,19.2,22.3,60945.67,31.16,8.64,0.3449,0.1724,2.0,6.07,7.18
DABUR,Dabur India Ltd,19.2,22.3,60945.67,31.16,8.64,0.3656,0.1627,2.2477,6.07,7.18
DABUR,Dabur India Ltd,19.2,22.3,61939.24,74.55,11.51,0.1836,0.1198,1.5321,6.07,7.18
DABUR,Dabur India Ltd,19.2,22.3,61939.24,74.55,11.51,0.1896,0.1246,1.5215,6.07,7.18
DABUR,Dabur India Ltd,19.2,22.3,61939.24,74.55,11.51,0.2078,0.1418,1.4655,6.07,7.18
DABUR,Dabur India Ltd,19.2,22.3,61939.24,74.55,11.51,0.2192,0.1551,1.4134,6.07,7.18
DABUR,Dabur India Ltd,19.2,22.3,61939.24,74.55,11.51,0.2212,0.1565,1.4135,6.07,7.18
DABUR,Dabur India Ltd,19.2,22.3,61939.24,74.55,11.51,0.238,0.1561,1.5251,6.07,7.18
DABUR,Dabur India Ltd,19.2,22.3,61939.24,74.55,11.51,0.2567,0.1714,1.498,6.07,7.18
DABUR,Dabur India Ltd,19.2,22.3,61939.24,74.55,11.51,0.2641,0.1655,1.5952,6.07,7.18
DABUR,Dabur India Ltd,19.2,22.3,61939.24,74.55,11.51,0.3006,0.1809,1.662,6.07,7.18
DABUR,Dabur India Ltd,19.2,22.3,61939.24,74.55,11.51,0.3184,0.1749,1.8205,6.07,7.18
DABUR,Dabur India Ltd,19.2,22.3,61939.24,74.55,11.51,0.3449,0.1724,2.0,6.07,7.18
DABUR,Dabur India Ltd,19.2,22.3,61939.24,74.55,11.51,0.3656,0.1627,2.2477,6.07,7.18
DIVISLAB,Divis Laboratories Ltd,12.2,16.5,1011018.76,74.55,13.82,0.1179,0.1035,1.1392,12.28,9.74
DIVISLAB,Divis Laboratories Ltd,12.2,16.5,1011018.76,74.55,13.82,0.1429,0.1264,1.1299,12.28,9.74
DIVISLAB,Divis Laboratories Ltd,12.2,16.5,1011018.76,74.55,13.82,0.148,0.1293,1.1451,12.28,9.74
DIVISLAB,Divis Laboratories Ltd,12.2,16.5,1011018.76,74.55,13.82,0.1884,0.1614,1.167,12.28,9.74
DIVISLAB,Divis Laboratories Ltd,12.2,16.5,1011018.76,74.55,13.82,0.1945,0.1684,1.1551,12.28,9.74
DIVISLAB,Divis Laboratories Ltd,12.2,16.5,1011018.76,74.55,13.82,0.1979,0.1722,1.149,12.28,9.74
DIVISLAB,Divis Laboratories Ltd,12.2,16.5,1011018.76,74.55,13.82,0.2134,0.1842,1.1588,12.28,9.74
DIVISLAB,Divis Laboratories Ltd,12.2,16.5,1011018.76,74.55,13.82,0.2407,0.1918,1.2551,12.28,9.74
DIVISLAB,Divis Laboratories Ltd,12.2,16.5,1011018.76,74.55,13.82,0.2437,0.1934,1.26,12.28,9.74
DIVISLAB,Divis Laboratories Ltd,12.2,16.5,1011018.76,74.55,13.82,0.2524,0.2216,1.1392,12.28,9.74
DIVISLAB,Divis Laboratories Ltd,12.2,16.5,1011018.76,74.55,13.82,0.2608,0.2084,1.2517,12.28,9.74
DIVISLAB,Divis Laboratories Ltd,12.2,16.5,1011018.76,74.55,13.82,0.2623,0.2299,1.1409,12.28,9.74
DIVISLAB,Divis Laboratories Ltd,12.2,16.5,1300303.75,30.35,3.22,0.1179,0.1035,1.1392,12.28,9.74
DIVISLAB,Divis Laboratories Ltd,12.2,16.5,1300303.75,30.35,3.22,0.1429,0.1264,1.1299,12.28,9.74
DIVISLAB,Divis Laboratories Ltd,12.2,16.5,1300303.75,30.35,3.22,0.148,0.1293,1.1451,12.28,9.74
DIVISLAB,Divis Laboratories Ltd,12.2,16.5,1300303.75,30.35,3.22,0.1884,0.1614,1.167,12.28,9.74
DIVISLAB,Divis Laboratories Ltd,12.2,16.5,1300303.75,30.35,3.22,0.1945,0.1684,1.1551,12.28,9.74
DIVISLAB,Divis Laboratories Ltd,12.2,16.5,1300303.75,30.35,3.22,0.1979,0.1722,1.149,12.28,9.74
DIVISLAB,Divis Laboratories Ltd,12.2,16.5,1300303.75,30.35,3.22,0.2134,0.1842,1.1588,12.28,9.74
DIVISLAB,Divis Laboratories Ltd,12.2,16.5,1300303.75,30.35,3.22,0.2407,0.1918,1.2551,12.28,9.74
DIVISLAB,Divis Laboratories Ltd,12.2,16.5,1300303.75,30.35,3.22,0.2437,0.1934,1.26,12.28,9.74
DIVISLAB,Divis Laboratories Ltd,12.2,16.5,1300303.75,30.35,3.22,0.2524,0.2216,1.1392,12.28,9.74
DIVISLAB,Divis Laboratories Ltd,12.2,16.5,1300303.75,30.35,3.22,0.2608,0.2084,1.2517,12.28,9.74
DIVISLAB,Divis Laboratories Ltd,12.2,16.5,1300303.75,30.35,3.22,0.2623,0.2299,1.1409,12.28,9.74
DIVISLAB,Divis Laboratories Ltd,12.2,16.5,1318782.9,15.26,3.01,0.1179,0.1035,1.1392,12.28,9.74
DIVISLAB,Divis Laboratories Ltd,12.2,16.5,1318782.9,15.26,3.01,0.1429,0.1264,1.1299,12.28,9.74
DIVISLAB,Divis Laboratories Ltd,12.2,16.5,1318782.9,15.26,3.01,0.148,0.1293,1.1451,12.28,9.74
DIVISLAB,Divis Laboratories Ltd,12.2,16.5,1318782.9,15.26,3.01,0.1884,0.1614,1.167,12.28,9.74
DIVISLAB,Divis Laboratories Ltd,12.2,16.5,1318782.9,15.26,3.01,0.1945,0.1684,1.1551,12.28,9.74
DIVISLAB,Divis Laboratories Ltd,12.2,16.5,1318782.9,15.26,3.01,0.1979,0.1722,1.149,12.28,9.74
DIVISLAB,Divis Laboratories Ltd,12.2,16.5,1318782.9,15.26,3.01,0.2134,0.1842,1.1588,12.28,9.74
DIVISLAB,Divis Laboratories Ltd,12.2,16.5,1318782.9,15.26,3.01,0.2407,0.1918,1.2551,12.28,9.74
DIVISLAB,Divis Laboratories Ltd,12.2,16.5,1318782.9,15.26,3.01,0.2437,0.1934,1.26,12.28,9.74
DIVISLAB,Divis Laboratories Ltd,12.2,16.5,1318782.9,15.26,3.01,0.2524,0.2216,1.1392,12.28,9.74
DIVISLAB,Divis Laboratories Ltd,12.2,16.5,1318782.9,15.26,3.01,0.2608,0.2084,1.2517,12.28,9.74
DIVISLAB,Divis Laboratories Ltd,12.2,16.5,1318782.9,15.26,3.01,0.2623,0.2299,1.1409,12.28,9.74
DIVISLAB,Divis Laboratories Ltd,12.2,16.5,1391349.3,56.9,1.69,0.1179,0.1035,1.1392,12.28,9.74
DIVISLAB,Divis Laboratories Ltd,12.2,16.5,1391349.3,56.9,1.69,0.1429,0.1264,1.1299,12.28,9.74
DIVISLAB,Divis Laboratories Ltd,12.2,16.5,1391349.3,56.9,1.69,0.148,0.1293,1.1451,12.28,9.74
DIVISLAB,Divis Laboratories Ltd,12.2,16.5,1391349.3,56.9,1.69,0.1884,0.1614,1.167,12.28,9.74
DIVISLAB,Divis Laboratories Ltd,12.2,16.5,1391349.3,56.9,1.69,0.1945,0.1684,1.1551,12.28,9.74
DIVISLAB,Divis Laboratories Ltd,12.2,16.5,1391349.3,56.9,1.69,0.1979,0.1722,1.149,12.28,9.74
DIVISLAB,Divis Laboratories Ltd,12.2,16.5,1391349.3,56.9,1.69,0.2134,0.1842,1.1588,12.28,9.74
DIVISLAB,Divis Laboratories Ltd,12.2,16.5,1391349.3,56.9,1.69,0.2407,0.1918,1.2551,12.28,9.74
DIVISLAB,Divis Laboratories Ltd,12.2,16.5,1391349.3,56.9,1.69,0.2437,0.1934,1.26,12.28,9.74
DIVISLAB,Divis Laboratories Ltd,12.2,16.5,1391349.3,56.9,1.69,0.2524,0.2216,1.1392,12.28,9.74
DIVISLAB,Divis Laboratories Ltd,12.2,16.5,1391349.3,56.9,1.69,0.2608,0.2084,1.2517,12.28,9.74
DIVISLAB,Divis Laboratories Ltd,12.2,16.5,1391349.3,56.9,1.69,0.2623,0.2299,1.1409,12.28,9.74
DIVISLAB,Divis Laboratories Ltd,12.2,16.5,1595539.83,9.75,6.26,0.1179,0.1035,1.1392,12.28,9.74
DIVISLAB,Divis Laboratories Ltd,12.2,16.5,1595539.83,9.75,6.26,0.1429,0.1264,1.1299,12.28,9.74
DIVISLAB,Divis Laboratories Ltd,12.2,16.5,1595539.83,9.75,6.26,0.148,0.1293,1.1451,12.28,9.74
DIVISLAB,Divis Laboratories Ltd,12.2,16.5,1595539.83,9.75,6.26,0.1884,0.1614,1.167,12.28,9.74
DIVISLAB,Divis Laboratories Ltd,12.2,16.5,1595539.83,9.75,6.26,0.1945,0.1684,1.1551,12.28,9.74
DIVISLAB,Divis Laboratories Ltd,12.2,16.5,1595539.83,9.75,6.26,0.1979,0.1722,1.149,12.28,9.74
DIVISLAB,Divis Laboratories Ltd,12.2,16.5,1595539.83,9.75,6.26,0.2134,0.1842,1.1588,12.28,9.74
DIVISLAB,Divis Laboratories Ltd,12.2,16.5,1595539.83,9.75,6.26,0.2407,0.1918,1.2551,12.28,9.74
DIVISLAB,Divis Laboratories Ltd,12.2,16.5,1595539.83,9.75,6.26,0.2437,0.1934,1.26,12.28,9.74
DIVISLAB,Divis Laboratories Ltd,12.2,16.5,1595539.83,9.75,6.26,0.2524,0.2216,1.1392,12.28,9.74
DIVISLAB,Divis Laboratories Ltd,12.2,16.5,1595539.83,9.75,6.26,0.2608,0.2084,1.2517,12.28,9.74
DIVISLAB,Divis Laboratories Ltd,12.2,16.5,1595539.83,9.75,6.26,0.2623,0.2299,1.1409,12.28,9.74
DIVISLAB,Divis Laboratories Ltd,12.2,16.5,1615028.67,69.95,12.34,0.1179,0.1035,1.1392,12.28,9.74
DIVISLAB,Divis Laboratories Ltd,12.2,16.5,1615028.67,69.95,12.34,0.1429,0.1264,1.1299,12.28,9.74
DIVISLAB,Divis Laboratories Ltd,12.2,16.5,1615028.67,69.95,12.34,0.148,0.1293,1.1451,12.28,9.74
DIVISLAB,Divis Laboratories Ltd,12.2,16.5,1615028.67,69.95,12.34,0.1884,0.1614,1.167,12.28,9.74
DIVISLAB,Divis Laboratories Ltd,12.2,16.5,1615028.67,69.95,12.34,0.1945,0.1684,1.1551,12.28,9.74
DIVISLAB,Divis Laboratories Ltd,12.2,16.5,1615028.67,69.95,12.34,0.1979,0.1722,1.149,12.28,9.74
DIVISLAB,Divis Laboratories Ltd,12.2,16.5,1615028.67,69.95,12.34,0.2134,0.1842,1.1588,12.28,9.74
DIVISLAB,Divis Laboratories Ltd,12.2,16.5,1615028.67,69.95,12.34,0.2407,0.1918,1.2551,12.28,9.74
DIVISLAB,Divis Laboratories Ltd,12.2,16.5,1615028.67,69.95,12.34,0.2437,0.1934,1.26,12.28,9.74
DIVISLAB,Divis Laboratories Ltd,12.2,16.5,1615028.67,69.95,12.34,0.2524,0.2216,1.1392,12.28,9.74
DIVISLAB,Divis Laboratories Ltd,12.2,16.5,1615028.67,69.95,12.34,0.2608,0.2084,1.2517,12.28,9.74
DIVISLAB,Divis Laboratories Ltd,12.2,16.5,1615028.67,69.95,12.34,0.2623,0.2299,1.1409,12.28,9.74
DLF,DLF Ltd,6.95,5.74,1146903.51,73.08,13.89,-0.0171,-0.0106,1.6225,-0.87,16.11
DLF,DLF Ltd,6.95,5.74,1146903.51,73.08,13.89,0.0127,0.0049,2.5647,-0.87,16.11
DLF,DLF Ltd,6.95,5.74,1146903.51,73.08,13.89,0.0185,0.0077,2.4211,-0.87,16.11
DLF,DLF Ltd,6.95,5.74,1146903.51,73.08,13.89,0.0215,0.0091,2.3554,-0.87,16.11
DLF,DLF Ltd,6.95,5.74,1146903.51,73.08,13.89,0.0259,0.0103,2.5126,-0.87,16.11
DLF,DLF Ltd,6.95,5.74,1146903.51,73.08,13.89,0.0288,0.0111,2.6026,-0.87,16.11
DLF,DLF Ltd,6.95,5.74,1146903.51,73.08,13.89,0.0306,0.0202,1.5134,-0.87,16.11
DLF,DLF Ltd,6.95,5.74,1146903.51,73.08,13.89,0.0391,0.0198,1.9801,-0.87,16.11
DLF,DLF Ltd,6.95,5.74,1146903.51,73.08,13.89,0.0413,0.0293,1.4072,-0.87,16.11
DLF,DLF Ltd,6.95,5.74,1146903.51,73.08,13.89,0.054,0.0387,1.395,-0.87,16.11
DLF,DLF Ltd,6.95,5.74,1146903.51,73.08,13.89,0.0691,0.0461,1.498,-0.87,16.11
DLF,DLF Ltd,6.95,5.74,1146903.51,73.08,13.89,0.1268,0.0739,1.7158,-0.87,16.11
DLF,DLF Ltd,6.95,5.74,1162826.35,11.24,14.12,-0.0171,-0.0106,1.6225,-0.87,16.11
DLF,DLF Ltd,6.95,5.74,1162826.35,11.24,14.12,0.0127,0.0049,2.5647,-0.87,16.11
DLF,DLF Ltd,6.95,5.74,1162826.35,11.24,14.12,0.0185,0.0077,2.4211,-0.87,16.11
DLF,DLF Ltd,6.95,5.74,1162826.35,11.24,14.12,0.0215,0.0091,2.3554,-0.87,16.11
DLF,DLF Ltd,6.95,5.74,1162826.35,11.24,14.12,0.0259,0.0103,2.5126,-0.87,16.11
DLF,DLF Ltd,6.95,5.74,1162826.35,11.24,14.12,0.0288,0.0111,2.6026,-0.87,16.11
DLF,DLF Ltd,6.95,5.74,1162826.35,11.24,14.12,0.0306,0.0202,1.5134,-0.87,16.11
DLF,DLF Ltd,6.95,5.74,1162826.35,11.24,14.12,0.0391,0.0198,1.9801,-0.87,16.11
DLF,DLF Ltd,6.95,5.74,1162826.35,11.24,14.12,0.0413,0.0293,1.4072,-0.87,16.11
DLF,DLF Ltd,6.95,5.74,1162826.35,11.24,14.12,0.054,0.0387,1.395,-0.87,16.11
DLF,DLF Ltd,6.95,5.74,1162826.35,11.24,14.12,0.0691,0.0461,1.498,-0.87,16.11
DLF,DLF Ltd,6.95,5.74,1162826.35,11.24,14.12,0.1268,0.0739,1.7158,-0.87,16.11
DLF,DLF Ltd,6.95,5.74,1276452.77,65.17,7.73,-0.0171,-0.0106,1.6225,-0.87,16.11
DLF,DLF Ltd,6.95,5.74,1276452.77,65.17,7.73,0.0127,0.0049,2.5647,-0.87,16.11
DLF,DLF Ltd,6.95,5.74,1276452.77,65.17,7.73,0.0185,0.0077,2.4211,-0.87,16.11
DLF,DLF Ltd,6.95,5.74,1276452.77,65.17,7.73,0.0215,0.0091,2.3554,-0.87,16.11
DLF,DLF Ltd,6.95,5.74,1276452.77,65.17,7.73,0.0259,0.0103,2.5126,-0.87,16.11
DLF,DLF Ltd,6.95,5.74,1276452.77,65.17,7.73,0.0288,0.0111,2.6026,-0.87,16.11
DLF,DLF Ltd,6.95,5.74,1276452.77,65.17,7.73,0.0306,0.0202,1.5134,-0.87,16.11
DLF,DLF Ltd,6.95,5.74,1276452.77,65.17,7.73,0.0391,0.0198,1.9801,-0.87,16.11
DLF,DLF Ltd,6.95,5.74,1276452.77,65.17,7.73,0.0413,0.0293,1.4072,-0.87,16.11
DLF,DLF Ltd,6.95,5.74,1276452.77,65.17,7.73,0.054,0.0387,1.395,-0.87,16.11
DLF,DLF Ltd,6.95,5.74,1276452.77,65.17,7.73,0.0691,0.0461,1.498,-0.87,16.11
DLF,DLF Ltd,6.95,5.74,1276452.77,65.17,7.73,0.1268,0.0739,1.7158,-0.87,16.11
DLF,DLF Ltd,6.95,5.74,1348234.63,16.81,4.75,-0.0171,-0.0106,1.6225,-0.87,16.11
DLF,DLF Ltd,6.95,5.74,1348234.63,16.81,4.75,0.0127,0.0049,2.5647,-0.87,16.11
DLF,DLF Ltd,6.95,5.74,1348234.63,16.81,4.75,0.0185,0.0077,2.4211,-0.87,16.11
DLF,DLF Ltd,6.95,5.74,1348234.63,16.81,4.75,0.0215,0.0091,2.3554,-0.87,16.11
DLF,DLF Ltd,6.95,5.74,1348234.63,16.81,4.75,0.0259,0.0103,2.5126,-0.87,16.11
DLF,DLF Ltd,6.95,5.74,1348234.63,16.81,4.75,0.0288,0.0111,2.6026,-0.87,16.11
DLF,DLF Ltd,6.95,5.74,1348234.63,16.81,4.75,0.0306,0.0202,1.5134,-0.87,16.11
DLF,DLF Ltd,6.95,5.74,1348234.63,16.81,4.75,0.0391,0.0198,1.9801,-0.87,16.11
DLF,DLF Ltd,6.95,5.74,1348234.63,16.81,4.75,0.0413,0.0293,1.4072,-0.87,16.11
DLF,DLF Ltd,6.95,5.74,1348234.63,16.81,4.75,0.054,0.0387,1.395,-0.87,16.11
DLF,DLF Ltd,6.95,5.74,1348234.63,16.81,4.75,0.0691,0.0461,1.498,-0.87,16.11
DLF,DLF Ltd,6.95,5.74,1348234.63,16.81,4.75,0.1268,0.0739,1.7158,-0.87,16.11
DLF,DLF Ltd,6.95,5.74,1381712.03,46.26,14.32,-0.0171,-0.0106,1.6225,-0.87,16.11
DLF,DLF Ltd,6.95,5.74,1381712.03,46.26,14.32,0.0127,0.0049,2.5647,-0.87,16.11
DLF,DLF Ltd,6.95,5.74,1381712.03,46.26,14.32,0.0185,0.0077,2.4211,-0.87,16.11
DLF,DLF Ltd,6.95,5.74,1381712.03,46.26,14.32,0.0215,0.0091,2.3554,-0.87,16.11
DLF,DLF Ltd,6.95,5.74,1381712.03,46.26,14.32,0.0259,0.0103,2.5126,-0.87,16.11
DLF,DLF Ltd,6.95,5.74,1381712.03,46.26,14.32,0.0288,0.0111,2.6026,-0.87,16.11
DLF,DLF Ltd,6.95,5.74,1381712.03,46.26,14.32,0.0306,0.0202,1.5134,-0.87,16.11
DLF,DLF Ltd,6.95,5.74,1381712.03,46.26,14.32,0.0391,0.0198,1.9801,-0.87,16.11
DLF,DLF Ltd,6.95,5.74,1381712.03,46.26,14.32,0.0413,0.0293,1.4072,-0.87,16.11
DLF,DLF Ltd,6.95,5.74,1381712.03,46.26,14.32,0.054,0.0387,1.395,-0.87,16.11
DLF,DLF Ltd,6.95,5.74,1381712.03,46.26,14.32,0.0691,0.0461,1.498,-0.87,16.11
DLF,DLF Ltd,6.95,5.74,1381712.03,46.26,14.32,0.1268,0.0739,1.7158,-0.87,16.11
DLF,DLF Ltd,6.95,5.74,1520086.36,38.16,10.93,-0.0171,-0.0106,1.6225,-0.87,16.11
DLF,DLF Ltd,6.95,5.74,1520086.36,38.16,10.93,0.0127,0.0049,2.5647,-0.87,16.11
DLF,DLF Ltd,6.95,5.74,1520086.36,38.16,10.93,0.0185,0.0077,2.4211,-0.87,16.11
DLF,DLF Ltd,6.95,5.74,1520086.36,38.16,10.93,0.0215,0.0091,2.3554,-0.87,16.11
DLF,DLF Ltd,6.95,5.74,1520086.36,38.16,10.93,0.0259,0.0103,2.5126,-0.87,16.11
DLF,DLF Ltd,6.95,5.74,1520086.36,38.16,10.93,0.0288,0.0111,2.6026,-0.87,16.11
DLF,DLF Ltd,6.95,5.74,1520086.36,38.16,10.93,0.0306,0.0202,1.5134,-0.87,16.11
DLF,DLF Ltd,6.95,5.74,1520086.36,38.16,10.93,0.0391,0.0198,1.9801,-0.87,16.11
DLF,DLF Ltd,6.95,5.74,1520086.36,38.16,10.93,0.0413,0.0293,1.4072,-0.87,16.11
DLF,DLF Ltd,6.95,5.74,1520086.36,38.16,10.93,0.054,0.0387,1.395,-0.87,16.11
DLF,DLF Ltd,6.95,5.74,1520086.36,38.16,10.93,0.0691,0.0461,1.498,-0.87,16.11
DLF,DLF Ltd,6.95,5.74,1520086.36,38.16,10.93,0.1268,0.0739,1.7158,-0.87,16.11
DMART,Avenue Supermarts Ltd,14.5,19.4,1847236.39,67.17,4.98,0.0902,0.0805,1.1207,26.71,32.37
DMART,Avenue Supermarts Ltd,14.5,19.4,1847236.39,67.17,4.98,0.1091,0.0964,1.1311,26.71,32.37
DMART,Avenue Supermarts Ltd,14.5,19.4,1847236.39,67.17,4.98,0.1174,0.1077,1.0899,26.71,32.37
DMART,Avenue Supermarts Ltd,14.5,19.4,1847236.39,67.17,4.98,0.1191,0.063,1.891,26.71,32.37
DMART,Avenue Supermarts Ltd,14.5,19.4,1847236.39,67.17,4.98,0.1247,0.0823,1.5146,26.71,32.37
DMART,Avenue Supermarts Ltd,14.5,19.4,1847236.39,67.17,4.98,0.1356,0.1198,1.1323,26.71,32.37
DMART,Avenue Supermarts Ltd,14.5,19.4,1847236.39,67.17,4.98,0.1479,0.1313,1.1261,26.71,32.37
DMART,Avenue Supermarts Ltd,14.5,19.4,1847236.39,67.17,4.98,0.1614,0.1287,1.254,26.71,32.37
DMART,Avenue Supermarts Ltd,14.5,19.4,1847236.39,67.17,4.98,0.1684,0.089,1.8912,26.71,32.37
DMART,Avenue Supermarts Ltd,14.5,19.4,1847236.39,67.17,4.98,0.1726,0.1427,1.2097,26.71,32.37
DMART,Avenue Supermarts Ltd,14.5,19.4,1847236.39,67.17,4.98,0.1767,0.09,1.9625,26.71,32.37
DMART,Avenue Supermarts Ltd,14.5,19.4,1847236.39,67.17,4.98,0.2104,0.1032,2.0394,26.71,32.37
DMART,Avenue Supermarts Ltd,14.5,19.4,2028073.83,37.82,5.35,0.0902,0.0805,1.1207,26.71,32.37
DMART,Avenue Supermarts Ltd,14.5,19.4,2028073.83,37.82,5.35,0.1091,0.0964,1.1311,26.71,32.37
DMART,Avenue Supermarts Ltd,14.5,19.4,2028073.83,37.82,5.35,0.1174,0.1077,1.0899,26.71,32.37
DMART,Avenue Supermarts Ltd,14.5,19.4,2028073.83,37.82,5.35,0.1191,0.063,1.891,26.71,32.37
DMART,Avenue Supermarts Ltd,14.5,19.4,2028073.83,37.82,5.35,0.1247,0.0823,1.5146,26.71,32.37
DMART,Avenue Supermarts Ltd,14.5,19.4,2028073.83,37.82,5.35,0.1356,0.1198,1.1323,26.71,32.37
DMART,Avenue Supermarts Ltd,14.5,19.4,2028073.83,37.82,5.35,0.1479,0.1313,1.1261,26.71,32.37
DMART,Avenue Supermarts Ltd,14.5,19.4,2028073.83,37.82,5.35,0.1614,0.1287,1.254,26.71,32.37
DMART,Avenue Supermarts Ltd,14.5,19.4,2028073.83,37.82,5.35,0.1684,0.089,1.8912,26.71,32.37
DMART,Avenue Supermarts Ltd,14.5,19.4,2028073.83,37.82,5.35,0.1726,0.1427,1.2097,26.71,32.37
DMART,Avenue Supermarts Ltd,14.5,19.4,2028073.83,37.82,5.35,0.1767,0.09,1.9625,26.71,32.37
DMART,Avenue Supermarts Ltd,14.5,19.4,2028073.83,37.82,5.35,0.2104,0.1032,2.0394,26.71,32.37
DMART,Avenue Supermarts Ltd,14.5,19.4,2294356.77,14.9,12.05,0.0902,0.0805,1.1207,26.71,32.37
DMART,Avenue Supermarts Ltd,14.5,19.4,2294356.77,14.9,12.05,0.1091,0.0964,1.1311,26.71,32.37
DMART,Avenue Supermarts Ltd,14.5,19.4,2294356.77,14.9,12.05,0.1174,0.1077,1.0899,26.71,32.37
DMART,Avenue Supermarts Ltd,14.5,19.4,2294356.77,14.9,12.05,0.1191,0.063,1.891,26.71,32.37
DMART,Avenue Supermarts Ltd,14.5,19.4,2294356.77,14.9,12.05,0.1247,0.0823,1.5146,26.71,32.37
DMART,Avenue Supermarts Ltd,14.5,19.4,2294356.77,14.9,12.05,0.1356,0.1198,1.1323,26.71,32.37
DMART,Avenue Supermarts Ltd,14.5,19.4,2294356.77,14.9,12.05,0.1479,0.1313,1.1261,26.71,32.37
DMART,Avenue Supermarts Ltd,14.5,19.4,2294356.77,14.9,12.05,0.1614,0.1287,1.254,26.71,32.37
DMART,Avenue Supermarts Ltd,14.5,19.4,2294356.77,14.9,12.05,0.1684,0.089,1.8912,26.71,32.37
DMART,Avenue Supermarts Ltd,14.5,19.4,2294356.77,14.9,12.05,0.1726,0.1427,1.2097,26.71,32.37
DMART,Avenue Supermarts Ltd,14.5,19.4,2294356.77,14.9,12.05,0.1767,0.09,1.9625,26.71,32.37
DMART,Avenue Supermarts Ltd,14.5,19.4,2294356.77,14.9,12.05,0.2104,0.1032,2.0394,26.71,32.37
DMART,Avenue Supermarts Ltd,14.5,19.4,2664977.29,12.31,5.66,0.0902,0.0805,1.1207,26.71,32.37
DMART,Avenue Supermarts Ltd,14.5,19.4,2664977.29,12.31,5.66,0.1091,0.0964,1.1311,26.71,32.37
DMART,Avenue Supermarts Ltd,14.5,19.4,2664977.29,12.31,5.66,0.1174,0.1077,1.0899,26.71,32.37
DMART,Avenue Supermarts Ltd,14.5,19.4,2664977.29,12.31,5.66,0.1191,0.063,1.891,26.71,32.37
DMART,Avenue Supermarts Ltd,14.5,19.4,2664977.29,12.31,5.66,0.1247,0.0823,1.5146,26.71,32.37
DMART,Avenue Supermarts Ltd,14.5,19.4,2664977.29,12.31,5.66,0.1356,0.1198,1.1323,26.71,32.37
DMART,Avenue Supermarts Ltd,14.5,19.4,2664977.29,12.31,5.66,0.1479,0.1313,1.1261,26.71,32.37
DMART,Avenue Supermarts Ltd,14.5,19.4,2664977.29,12.31,5.66,0.1614,0.1287,1.254,26.71,32.37
DMART,Avenue Supermarts Ltd,14.5,19.4,2664977.29,12.31,5.66,0.1684,0.089,1.8912,26.71,32.37
DMART,Avenue Supermarts Ltd,14.5,19.4,2664977.29,12.31,5.66,0.1726,0.1427,1.2097,26.71,32.37
DMART,Avenue Supermarts Ltd,14.5,19.4,2664977.29,12.31,5.66,0.1767,0.09,1.9625,26.71,32.37
DMART,Avenue Supermarts Ltd,14.5,19.4,2664977.29,12.31,5.66,0.2104,0.1032,2.0394,26.71,32.37
DMART,Avenue Supermarts Ltd,14.5,19.4,2748638.95,53.49,13.37,0.0902,0.0805,1.1207,26.71,32.37
DMART,Avenue Supermarts Ltd,14.5,19.4,2748638.95,53.49,13.37,0.1091,0.0964,1.1311,26.71,32.37
DMART,Avenue Supermarts Ltd,14.5,19.4,2748638.95,53.49,13.37,0.1174,0.1077,1.0899,26.71,32.37
DMART,Avenue Supermarts Ltd,14.5,19.4,2748638.95,53.49,13.37,0.1191,0.063,1.891,26.71,32.37
DMART,Avenue Supermarts Ltd,14.5,19.4,2748638.95,53.49,13.37,0.1247,0.0823,1.5146,26.71,32.37
DMART,Avenue Supermarts Ltd,14.5,19.4,2748638.95,53.49,13.37,0.1356,0.1198,1.1323,26.71,32.37
DMART,Avenue Supermarts Ltd,14.5,19.4,2748638.95,53.49,13.37,0.1479,0.1313,1.1261,26.71,32.37
DMART,Avenue Supermarts Ltd,14.5,19.4,2748638.95,53.49,13.37,0.1614,0.1287,1.254,26.71,32.37
DMART,Avenue Supermarts Ltd,14.5,19.4,2748638.95,53.49,13.37,0.1684,0.089,1.8912,26.71,32.37
DMART,Avenue Supermarts Ltd,14.5,19.4,2748638.95,53.49,13.37,0.1726,0.1427,1.2097,26.71,32.37
DMART,Avenue Supermarts Ltd,14.5,19.4,2748638.95,53.49,13.37,0.1767,0.09,1.9625,26.71,32.37
DMART,Avenue Supermarts Ltd,14.5,19.4,2748638.95,53.49,13.37,0.2104,0.1032,2.0394,26.71,32.37
DMART,Avenue Supermarts Ltd,14.5,19.4,3053088.97,72.53,11.71,0.0902,0.0805,1.1207,26.71,32.37
DMART,Avenue Supermarts Ltd,14.5,19.4,3053088.97,72.53,11.71,0.1091,0.0964,1.1311,26.71,32.37
DMART,Avenue Supermarts Ltd,14.5,19.4,3053088.97,72.53,11.71,0.1174,0.1077,1.0899,26.71,32.37
DMART,Avenue Supermarts Ltd,14.5,19.4,3053088.97,72.53,11.71,0.1191,0.063,1.891,26.71,32.37
DMART,Avenue Supermarts Ltd,14.5,19.4,3053088.97,72.53,11.71,0.1247,0.0823,1.5146,26.71,32.37
DMART,Avenue Supermarts Ltd,14.5,19.4,3053088.97,72.53,11.71,0.1356,0.1198,1.1323,26.71,32.37
DMART,Avenue Supermarts Ltd,14.5,19.4,3053088.97,72.53,11.71,0.1479,0.1313,1.1261,26.71,32.37
DMART,Avenue Supermarts Ltd,14.5,19.4,3053088.97,72.53,11.71,0.1614,0.1287,1.254,26.71,32.37
DMART,Avenue Supermarts Ltd,14.5,19.4,3053088.97,72.53,11.71,0.1684,0.089,1.8912,26.71,32.37
DMART,Avenue Supermarts Ltd,14.5,19.4,3053088.97,72.53,11.71,0.1726,0.1427,1.2097,26.71,32.37
DMART,Avenue Supermarts Ltd,14.5,19.4,3053088.97,72.53,11.71,0.1767,0.09,1.9625,26.71,32.37
DMART,Avenue Supermarts Ltd,14.5,19.4,3053088.97,72.53,11.71,0.2104,0.1032,2.0394,26.71,32.37
DRREDDY,Dr Reddys Laboratories Ltd,21.4,26.5,1574961.99,10.84,10.04,0.0753,0.0424,1.7777,8.42,11.18
DRREDDY,Dr Reddys Laboratories Ltd,21.4,26.5,1574961.99,10.84,10.04,0.1054,0.0597,1.7659,8.42,11.18
DRREDDY,Dr Reddys Laboratories Ltd,21.4,26.5,1574961.99,10.84,10.04,0.1107,0.0734,1.5072,8.42,11.18
DRREDDY,Dr Reddys Laboratories Ltd,21.4,26.5,1574961.99,10.84,10.04,0.1136,0.0734,1.5483,8.42,11.18
DRREDDY,Dr Reddys Laboratories Ltd,21.4,26.5,1574961.99,10.84,10.04,0.1299,0.0872,1.4887,8.42,11.18
DRREDDY,Dr Reddys Laboratories Ltd,21.4,26.5,1574961.99,10.84,10.04,0.139,0.087,1.5985,8.42,11.18
DRREDDY,Dr Reddys Laboratories Ltd,21.4,26.5,1574961.99,10.84,10.04,0.1695,0.1048,1.6175,8.42,11.18
DRREDDY,Dr Reddys Laboratories Ltd,21.4,26.5,1574961.99,10.84,10.04,0.1935,0.1399,1.3832,8.42,11.18
DRREDDY,Dr Reddys Laboratories Ltd,21.4,26.5,1574961.99,10.84,10.04,0.1974,0.1438,1.3725,8.42,11.18
DRREDDY,Dr Reddys Laboratories Ltd,21.4,26.5,1574961.99,10.84,10.04,0.2371,0.1266,1.8732,8.42,11.18
DRREDDY,Dr Reddys Laboratories Ltd,21.4,26.5,1574961.99,10.84,10.04,0.2398,0.1141,2.1008,8.42,11.18
DRREDDY,Dr Reddys Laboratories Ltd,21.4,26.5,1574961.99,10.84,10.04,0.2496,0.1234,2.0224,8.42,11.18
DRREDDY,Dr Reddys Laboratories Ltd,21.4,26.5,1617326.41,15.23,4.3,0.0753,0.0424,1.7777,8.42,11.18
DRREDDY,Dr Reddys Laboratories Ltd,21.4,26.5,1617326.41,15.23,4.3,0.1054,0.0597,1.7659,8.42,11.18
DRREDDY,Dr Reddys Laboratories Ltd,21.4,26.5,1617326.41,15.23,4.3,0.1107,0.0734,1.5072,8.42,11.18
DRREDDY,Dr Reddys Laboratories Ltd,21.4,26.5,1617326.41,15.23,4.3,0.1136,0.0734,1.5483,8.42,11.18
DRREDDY,Dr Reddys Laboratories Ltd,21.4,26.5,1617326.41,15.23,4.3,0.1299,0.0872,1.4887,8.42,11.18
DRREDDY,Dr Reddys Laboratories Ltd,21.4,26.5,1617326.41,15.23,4.3,0.139,0.087,1.5985,8.42,11.18
DRREDDY,Dr Reddys Laboratories Ltd,21.4,26.5,1617326.41,15.23,4.3,0.1695,0.1048,1.6175,8.42,11.18
DRREDDY,Dr Reddys Laboratories Ltd,21.4,26.5,1617326.41,15.23,4.3,0.1935,0.1399,1.3832,8.42,11.18
DRREDDY,Dr Reddys Laboratories Ltd,21.4,26.5,1617326.41,15.23,4.3,0.1974,0.1438,1.3725,8.42,11.18
DRREDDY,Dr Reddys Laboratories Ltd,21.4,26.5,1617326.41,15.23,4.3,0.2371,0.1266,1.8732,8.42,11.18
DRREDDY,Dr Reddys Laboratories Ltd,21.4,26.5,1617326.41,15.23,4.3,0.2398,0.1141,2.1008,8.42,11.18
DRREDDY,Dr Reddys Laboratories Ltd,21.4,26.5,1617326.41,15.23,4.3,0.2496,0.1234,2.0224,8.42,11.18
DRREDDY,Dr Reddys Laboratories Ltd,21.4,26.5,1837884.76,13.03,7.54,0.0753,0.0424,1.7777,8.42,11.18
DRREDDY,Dr Reddys Laboratories Ltd,21.4,26.5,1837884.76,13.03,7.54,0.1054,0.0597,1.7659,8.42,11.18
DRREDDY,Dr Reddys Laboratories Ltd,21.4,26.5,1837884.76,13.03,7.54,0.1107,0.0734,1.5072,8.42,11.18
DRREDDY,Dr Reddys Laboratories Ltd,21.4,26.5,1837884.76,13.03,7.54,0.1136,0.0734,1.5483,8.42,11.18
DRREDDY,Dr Reddys Laboratories Ltd,21.4,26.5,1837884.76,13.03,7.54,0.1299,0.0872,1.4887,8.42,11.18
DRREDDY,Dr Reddys Laboratories Ltd,21.4,26.5,1837884.76,13.03,7.54,0.139,0.087,1.5985,8.42,11.18
DRREDDY,Dr Reddys Laboratories Ltd,21.4,26.5,1837884.76,13.03,7.54,0.1695,0.1048,1.6175,8.42,11.18
DRREDDY,Dr Reddys Laboratories Ltd,21.4,26.5,1837884.76,13.03,7.54,0.1935,0.1399,1.3832,8.42,11.18
DRREDDY,Dr Reddys Laboratories Ltd,21.4,26.5,1837884.76,13.03,7.54,0.1974,0.1438,1.3725,8.42,11.18
DRREDDY,Dr Reddys Laboratories Ltd,21.4,26.5,1837884.76,13.03,7.54,0.2371,0.1266,1.8732,8.42,11.18
DRREDDY,Dr Reddys Laboratories Ltd,21.4,26.5,1837884.76,13.03,7.54,0.2398,0.1141,2.1008,8.42,11.18
DRREDDY,Dr Reddys Laboratories Ltd,21.4,26.5,1837884.76,13.03,7.54,0.2496,0.1234,2.0224,8.42,11.18
DRREDDY,Dr Reddys Laboratories Ltd,21.4,26.5,1859862.32,28.73,6.38,0.0753,0.0424,1.7777,8.42,11.18
DRREDDY,Dr Reddys Laboratories Ltd,21.4,26.5,1859862.32,28.73,6.38,0.1054,0.0597,1.7659,8.42,11.18
DRREDDY,Dr Reddys Laboratories Ltd,21.4,26.5,1859862.32,28.73,6.38,0.1107,0.0734,1.5072,8.42,11.18
DRREDDY,Dr Reddys Laboratories Ltd,21.4,26.5,1859862.32,28.73,6.38,0.1136,0.0734,1.5483,8.42,11.18
DRREDDY,Dr Reddys Laboratories Ltd,21.4,26.5,1859862.32,28.73,6.38,0.1299,0.0872,1.4887,8.42,11.18
DRREDDY,Dr Reddys Laboratories Ltd,21.4,26.5,1859862.32,28.73,6.38,0.139,0.087,1.5985,8.42,11.18
DRREDDY,Dr Reddys Laboratories Ltd,21.4,26.5,1859862.32,28.73,6.38,0.1695,0.1048,1.6175,8.42,11.18
DRREDDY,Dr Reddys Laboratories Ltd,21.4,26.5,1859862.32,28.73,6.38,0.1935,0.1399,1.3832,8.42,11.18
DRREDDY,Dr Reddys Laboratories Ltd,21.4,26.5,1859862.32,28.73,6.38,0.1974,0.1438,1.3725,8.42,11.18
DRREDDY,Dr Reddys Laboratories Ltd,21.4,26.5,1859862.32,28.73,6.38,0.2371,0.1266,1.8732,8.42,11.18
DRREDDY,Dr Reddys Laboratories Ltd,21.4,26.5,1859862.32,28.73,6.38,0.2398,0.1141,2.1008,8.42,11.18
DRREDDY,Dr Reddys Laboratories Ltd,21.4,26.5,1859862.32,28.73,6.38,0.2496,0.1234,2.0224,8.42,11.18
DRREDDY,Dr Reddys Laboratories Ltd,21.4,26.5,2212619.5,11.34,10.95,0.0753,0.0424,1.7777,8.42,11.18
DRREDDY,Dr Reddys Laboratories Ltd,21.4,26.5,2212619.5,11.34,10.95,0.1054,0.0597,1.7659,8.42,11.18
DRREDDY,Dr Reddys Laboratories Ltd,21.4,26.5,2212619.5,11.34,10.95,0.1107,0.0734,1.5072,8.42,11.18
DRREDDY,Dr Reddys Laboratories Ltd,21.4,26.5,2212619.5,11.34,10.95,0.1136,0.0734,1.5483,8.42,11.18
DRREDDY,Dr Reddys Laboratories Ltd,21.4,26.5,2212619.5,11.34,10.95,0.1299,0.0872,1.4887,8.42,11.18
DRREDDY,Dr Reddys Laboratories Ltd,21.4,26.5,2212619.5,11.34,10.95,0.139,0.087,1.5985,8.42,11.18
DRREDDY,Dr Reddys Laboratories Ltd,21.4,26.5,2212619.5,11.34,10.95,0.1695,0.1048,1.6175,8.42,11.18
DRREDDY,Dr Reddys Laboratories Ltd,21.4,26.5,2212619.5,11.34,10.95,0.1935,0.1399,1.3832,8.42,11.18
DRREDDY,Dr Reddys Laboratories Ltd,21.4,26.5,2212619.5,11.34,10.95,0.1974,0.1438,1.3725,8.42,11.18
DRREDDY,Dr Reddys Laboratories Ltd,21.4,26.5,2212619.5,11.34,10.95,0.2371,0.1266,1.8732,8.42,11.18
DRREDDY,Dr Reddys Laboratories Ltd,21.4,26.5,2212619.5,11.34,10.95,0.2398,0.1141,2.1008,8.42,11.18
DRREDDY,Dr Reddys Laboratories Ltd,21.4,26.5,2212619.5,11.34,10.95,0.2496,0.1234,2.0224,8.42,11.18
DRREDDY,Dr Reddys Laboratories Ltd,21.4,26.5,2441803.28,11.73,10.19,0.0753,0.0424,1.7777,8.42,11.18
DRREDDY,Dr Reddys Laboratories Ltd,21.4,26.5,2441803.28,11.73,10.19,0.1054,0.0597,1.7659,8.42,11.18
DRREDDY,Dr Reddys Laboratories Ltd,21.4,26.5,2441803.28,11.73,10.19,0.1107,0.0734,1.5072,8.42,11.18
DRREDDY,Dr Reddys Laboratories Ltd,21.4,26.5,2441803.28,11.73,10.19,0.1136,0.0734,1.5483,8.42,11.18
DRREDDY,Dr Reddys Laboratories Ltd,21.4,26.5,2441803.28,11.73,10.19,0.1299,0.0872,1.4887,8.42,11.18
DRREDDY,Dr Reddys Laboratories Ltd,21.4,26.5,2441803.28,11.73,10.19,0.139,0.087,1.5985,8.42,11.18
DRREDDY,Dr Reddys Laboratories Ltd,21.4,26.5,2441803.28,11.73,10.19,0.1695,0.1048,1.6175,8.42,11.18
DRREDDY,Dr Reddys Laboratories Ltd,21.4,26.5,2441803.28,11.73,10.19,0.1935,0.1399,1.3832,8.42,11.18
DRREDDY,Dr Reddys Laboratories Ltd,21.4,26.5,2441803.28,11.73,10.19,0.1974,0.1438,1.3725,8.42,11.18
DRREDDY,Dr Reddys Laboratories Ltd,21.4,26.5,2441803.28,11.73,10.19,0.2371,0.1266,1.8732,8.42,11.18
DRREDDY,Dr Reddys Laboratories Ltd,21.4,26.5,2441803.28,11.73,10.19,0.2398,0.1141,2.1008,8.42,11.18
DRREDDY,Dr Reddys Laboratories Ltd,21.4,26.5,2441803.28,11.73,10.19,0.2496,0.1234,2.0224,8.42,11.18
EICHERMOT,Eicher Motors Ltd,24.2,31.1,138608.74,70.5,14.42,0.1178,0.0925,1.2729,8.54,20.08
EICHERMOT,Eicher Motors Ltd,24.2,31.1,138608.74,70.5,14.42,0.133,0.1039,1.2801,8.54,20.08
EICHERMOT,Eicher Motors Ltd,24.2,31.1,138608.74,70.5,14.42,0.183,0.1467,1.2474,8.54,20.08
EICHERMOT,Eicher Motors Ltd,24.2,31.1,138608.74,70.5,14.42,0.1944,0.1518,1.2807,8.54,20.08
EICHERMOT,Eicher Motors Ltd,24.2,31.1,138608.74,70.5,14.42,0.2217,0.1731,1.281,8.54,20.08
EICHERMOT,Eicher Motors Ltd,24.2,31.1,138608.74,70.5,14.42,0.247,0.1935,1.2769,8.54,20.08
EICHERMOT,Eicher Motors Ltd,24.2,31.1,138608.74,70.5,14.42,0.2555,0.0984,2.5971,8.54,20.08
EICHERMOT,Eicher Motors Ltd,24.2,31.1,138608.74,70.5,14.42,0.2707,0.1062,2.5476,8.54,20.08
EICHERMOT,Eicher Motors Ltd,24.2,31.1,138608.74,70.5,14.42,0.2788,0.2058,1.3545,8.54,20.08
EICHERMOT,Eicher Motors Ltd,24.2,31.1,138608.74,70.5,14.42,0.279,0.1096,2.5449,8.54,20.08
EICHERMOT,Eicher Motors Ltd,24.2,31.1,138608.74,70.5,14.42,0.3119,0.2378,1.3113,8.54,20.08
EICHERMOT,Eicher Motors Ltd,24.2,31.1,138608.74,70.5,14.42,0.3663,0.2709,1.352,8.54,20.08
EICHERMOT,Eicher Motors Ltd,24.2,31.1,179834.03,18.91,9.77,0.1178,0.0925,1.2729,8.54,20.08
EICHERMOT,Eicher Motors Ltd,24.2,31.1,179834.03,18.91,9.77,0.133,0.1039,1.2801,8.54,20.08
EICHERMOT,Eicher Motors Ltd,24.2,31.1,179834.03,18.91,9.77,0.183,0.1467,1.2474,8.54,20.08
EICHERMOT,Eicher Motors Ltd,24.2,31.1,179834.03,18.91,9.77,0.1944,0.1518,1.2807,8.54,20.08
EICHERMOT,Eicher Motors Ltd,24.2,31.1,179834.03,18.91,9.77,0.2217,0.1731,1.281,8.54,20.08
EICHERMOT,Eicher Motors Ltd,24.2,31.1,179834.03,18.91,9.77,0.247,0.1935,1.2769,8.54,20.08
EICHERMOT,Eicher Motors Ltd,24.2,31.1,179834.03,18.91,9.77,0.2555,0.0984,2.5971,8.54,20.08
EICHERMOT,Eicher Motors Ltd,24.2,31.1,179834.03,18.91,9.77,0.2707,0.1062,2.5476,8.54,20.08
EICHERMOT,Eicher Motors Ltd,24.2,31.1,179834.03,18.91,9.77,0.2788,0.2058,1.3545,8.54,20.08
EICHERMOT,Eicher Motors Ltd,24.2,31.1,179834.03,18.91,9.77,0.279,0.1096,2.5449,8.54,20.08
EICHERMOT,Eicher Motors Ltd,24.2,31.1,179834.03,18.91,9.77,0.3119,0.2378,1.3113,8.54,20.08
EICHERMOT,Eicher Motors Ltd,24.2,31.1,179834.03,18.91,9.77,0.3663,0.2709,1.352,8.54,20.08
EICHERMOT,Eicher Motors Ltd,24.2,31.1,213781.42,70.14,9.33,0.1178,0.0925,1.2729,8.54,20.08
EICHERMOT,Eicher Motors Ltd,24.2,31.1,213781.42,70.14,9.33,0.133,0.1039,1.2801,8.54,20.08
EICHERMOT,Eicher Motors Ltd,24.2,31.1,213781.42,70.14,9.33,0.183,0.1467,1.2474,8.54,20.08
EICHERMOT,Eicher Motors Ltd,24.2,31.1,213781.42,70.14,9.33,0.1944,0.1518,1.2807,8.54,20.08
EICHERMOT,Eicher Motors Ltd,24.2,31.1,213781.42,70.14,9.33,0.2217,0.1731,1.281,8.54,20.08
EICHERMOT,Eicher Motors Ltd,24.2,31.1,213781.42,70.14,9.33,0.247,0.1935,1.2769,8.54,20.08
EICHERMOT,Eicher Motors Ltd,24.2,31.1,213781.42,70.14,9.33,0.2555,0.0984,2.5971,8.54,20.08
EICHERMOT,Eicher Motors Ltd,24.2,31.1,213781.42,70.14,9.33,0.2707,0.1062,2.5476,8.54,20.08
EICHERMOT,Eicher Motors Ltd,24.2,31.1,213781.42,70.14,9.33,0.2788,0.2058,1.3545,8.54,20.08
EICHERMOT,Eicher Motors Ltd,24.2,31.1,213781.42,70.14,9.33,0.279,0.1096,2.5449,8.54,20.08
EICHERMOT,Eicher Motors Ltd,24.2,31.1,213781.42,70.14,9.33,0.3119,0.2378,1.3113,8.54,20.08
EICHERMOT,Eicher Motors Ltd,24.2,31.1,213781.42,70.14,9.33,0.3663,0.2709,1.352,8.54,20.08
EICHERMOT,Eicher Motors Ltd,24.2,31.1,222391.83,15.62,13.61,0.1178,0.0925,1.2729,8.54,20.08
EICHERMOT,Eicher Motors Ltd,24.2,31.1,222391.83,15.62,13.61,0.133,0.1039,1.2801,8.54,20.08
EICHERMOT,Eicher Motors Ltd,24.2,31.1,222391.83,15.62,13.61,0.183,0.1467,1.2474,8.54,20.08
EICHERMOT,Eicher Motors Ltd,24.2,31.1,222391.83,15.62,13.61,0.1944,0.1518,1.2807,8.54,20.08
EICHERMOT,Eicher Motors Ltd,24.2,31.1,222391.83,15.62,13.61,0.2217,0.1731,1.281,8.54,20.08
EICHERMOT,Eicher Motors Ltd,24.2,31.1,222391.83,15.62,13.61,0.247,0.1935,1.2769,8.54,20.08
EICHERMOT,Eicher Motors Ltd,24.2,31.1,222391.83,15.62,13.61,0.2555,0.0984,2.5971,8.54,20.08
EICHERMOT,Eicher Motors Ltd,24.2,31.1,222391.83,15.62,13.61,0.2707,0.1062,2.5476,8.54,20.08
EICHERMOT,Eicher Motors Ltd,24.2,31.1,222391.83,15.62,13.61,0.2788,0.2058,1.3545,8.54,20.08
EICHERMOT,Eicher Motors Ltd,24.2,31.1,222391.83,15.62,13.61,0.279,0.1096,2.5449,8.54,20.08
EICHERMOT,Eicher Motors Ltd,24.2,31.1,222391.83,15.62,13.61,0.3119,0.2378,1.3113,8.54,20.08
EICHERMOT,Eicher Motors Ltd,24.2,31.1,222391.83,15.62,13.61,0.3663,0.2709,1.352,8.54,20.08
EICHERMOT,Eicher Motors Ltd,24.2,31.1,229241.72,24.82,5.49,0.1178,0.0925,1.2729,8.54,20.08
EICHERMOT,Eicher Motors Ltd,24.2,31.1,229241.72,24.82,5.49,0.133,0.1039,1.2801,8.54,20.08
EICHERMOT,Eicher Motors Ltd,24.2,31.1,229241.72,24.82,5.49,0.183,0.1467,1.2474,8.54,20.08
EICHERMOT,Eicher Motors Ltd,24.2,31.1,229241.72,24.82,5.49,0.1944,0.1518,1.2807,8.54,20.08
EICHERMOT,Eicher Motors Ltd,24.2,31.1,229241.72,24.82,5.49,0.2217,0.1731,1.281,8.54,20.08
EICHERMOT,Eicher Motors Ltd,24.2,31.1,229241.72,24.82,5.49,0.247,0.1935,1.2769,8.54,20.08
EICHERMOT,Eicher Motors Ltd,24.2,31.1,229241.72,24.82,5.49,0.2555,0.0984,2.5971,8.54,20.08
EICHERMOT,Eicher Motors Ltd,24.2,31.1,229241.72,24.82,5.49,0.2707,0.1062,2.5476,8.54,20.08
EICHERMOT,Eicher Motors Ltd,24.2,31.1,229241.72,24.82,5.49,0.2788,0.2058,1.3545,8.54,20.08
EICHERMOT,Eicher Motors Ltd,24.2,31.1,229241.72,24.82,5.49,0.279,0.1096,2.5449,8.54,20.08
EICHERMOT,Eicher Motors Ltd,24.2,31.1,229241.72,24.82,5.49,0.3119,0.2378,1.3113,8.54,20.08
EICHERMOT,Eicher Motors Ltd,24.2,31.1,229241.72,24.82,5.49,0.3663,0.2709,1.352,8.54,20.08
EICHERMOT,Eicher Motors Ltd,24.2,31.1,231181.84,17.97,6.97,0.1178,0.0925,1.2729,8.54,20.08
EICHERMOT,Eicher Motors Ltd,24.2,31.1,231181.84,17.97,6.97,0.133,0.1039,1.2801,8.54,20.08
EICHERMOT,Eicher Motors Ltd,24.2,31.1,231181.84,17.97,6.97,0.183,0.1467,1.2474,8.54,20.08
EICHERMOT,Eicher Motors Ltd,24.2,31.1,231181.84,17.97,6.97,0.1944,0.1518,1.2807,8.54,20.08
EICHERMOT,Eicher Motors Ltd,24.2,31.1,231181.84,17.97,6.97,0.2217,0.1731,1.281,8.54,20.08
EICHERMOT,Eicher Motors Ltd,24.2,31.1,231181.84,17.97,6.97,0.247,0.1935,1.2769,8.54,20.08
EICHERMOT,Eicher Motors Ltd,24.2,31.1,231181.84,17.97,6.97,0.2555,0.0984,2.5971,8.54,20.08
EICHERMOT,Eicher Motors Ltd,24.2,31.1,231181.84,17.97,6.97,0.2707,0.1062,2.5476,8.54,20.08
EICHERMOT,Eicher Motors Ltd,24.2,31.1,231181.84,17.97,6.97,0.2788,0.2058,1.3545,8.54,20.08
EICHERMOT,Eicher Motors Ltd,24.2,31.1,231181.84,17.97,6.97,0.279,0.1096,2.5449,8.54,20.08
EICHERMOT,Eicher Motors Ltd,24.2,31.1,231181.84,17.97,6.97,0.3119,0.2378,1.3113,8.54,20.08
EICHERMOT,Eicher Motors Ltd,24.2,31.1,231181.84,17.97,6.97,0.3663,0.2709,1.352,8.54,20.08
GAIL,GAIL (India) Ltd,14.0,14.7,665248.74,13.48,0.96,0.0515,0.0317,1.6225,8.53,8.44
GAIL,GAIL (India) Ltd,14.0,14.7,665248.74,13.48,0.96,0.0858,0.0579,1.483,8.53,8.44
GAIL,GAIL (India) Ltd,14.0,14.7,665248.74,13.48,0.96,0.0862,0.0519,1.6604,8.53,8.44
GAIL,GAIL (India) Ltd,14.0,14.7,665248.74,13.48,0.96,0.0929,0.0454,2.0478,8.53,8.44
GAIL,GAIL (India) Ltd,14.0,14.7,665248.74,13.48,0.96,0.1153,0.0783,1.472,8.53,8.44
GAIL,GAIL (India) Ltd,14.0,14.7,665248.74,13.48,0.96,0.1155,0.0758,1.5236,8.53,8.44
GAIL,GAIL (India) Ltd,14.0,14.7,665248.74,13.48,0.96,0.1286,0.0794,1.62,8.53,8.44
GAIL,GAIL (India) Ltd,14.0,14.7,665248.74,13.48,0.96,0.1424,0.0958,1.4874,8.53,8.44
GAIL,GAIL (India) Ltd,14.0,14.7,665248.74,13.48,0.96,0.1475,0.0716,2.0602,8.53,8.44
GAIL,GAIL (India) Ltd,14.0,14.7,665248.74,13.48,0.96,0.1517,0.073,2.0771,8.53,8.44
GAIL,GAIL (India) Ltd,14.0,14.7,665248.74,13.48,0.96,0.1919,0.1274,1.5064,8.53,8.44
GAIL,GAIL (India) Ltd,14.0,14.7,665248.74,13.48,0.96,0.1931,0.127,1.5209,8.53,8.44
GAIL,GAIL (India) Ltd,14.0,14.7,712986.95,25.86,4.98,0.0515,0.0317,1.6225,8.53,8.44
GAIL,GAIL (India) Ltd,14.0,14.7,712986.95,25.86,4.98,0.0858,0.0579,1.483,8.53,8.44
GAIL,GAIL (India) Ltd,14.0,14.7,712986.95,25.86,4.98,0.0862,0.0519,1.6604,8.53,8.44
GAIL,GAIL (India) Ltd,14.0,14.7,712986.95,25.86,4.98,0.0929,0.0454,2.0478,8.53,8.44
GAIL,GAIL (India) Ltd,14.0,14.7,712986.95,25.86,4.98,0.1153,0.0783,1.472,8.53,8.44
GAIL,GAIL (India) Ltd,14.0,14.7,712986.95,25.86,4.98,0.1155,0.0758,1.5236,8.53,8.44
GAIL,GAIL (India) Ltd,14.0,14.7,712986.95,25.86,4.98,0.1286,0.0794,1.62,8.53,8.44
GAIL,GAIL (India) Ltd,14.0,14.7,712986.95,25.86,4.98,0.1424,0.0958,1.4874,8.53,8.44
GAIL,GAIL (India) Ltd,14.0,14.7,712986.95,25.86,4.98,0.1475,0.0716,2.0602,8.53,8.44
GAIL,GAIL (India) Ltd,14.0,14.7,712986.95,25.86,4.98,0.1517,0.073,2.0771,8.53,8.44
GAIL,GAIL (India) Ltd,14.0,14.7,712986.95,25.86,4.98,0.1919,0.1274,1.5064,8.53,8.44
GAIL,GAIL (India) Ltd,14.0,14.7,712986.95,25.86,4.98,0.1931,0.127,1.5209,8.53,8.44
GAIL,GAIL (India) Ltd,14.0,14.7,901096.13,36.68,2.92,0.0515,0.0317,1.6225,8.53,8.44
GAIL,GAIL (India) Ltd,14.0,14.7,901096.13,36.68,2.92,0.0858,0.0579,1.483,8.53,8.44
GAIL,GAIL (India) Ltd,14.0,14.7,901096.13,36.68,2.92,0.0862,0.0519,1.6604,8.53,8.44
GAIL,GAIL (India) Ltd,14.0,14.7,901096.13,36.68,2.92,0.0929,0.0454,2.0478,8.53,8.44
GAIL,GAIL (India) Ltd,14.0,14.7,901096.13,36.68,2.92,0.1153,0.0783,1.472,8.53,8.44
GAIL,GAIL (India) Ltd,14.0,14.7,901096.13,36.68,2.92,0.1155,0.0758,1.5236,8.53,8.44
GAIL,GAIL (India) Ltd,14.0,14.7,901096.13,36.68,2.92,0.1286,0.0794,1.62,8.53,8.44
GAIL,GAIL (India) Ltd,14.0,14.7,901096.13,36.68,2.92,0.1424,0.0958,1.4874,8.53,8.44
GAIL,GAIL (India) Ltd,14.0,14.7,901096.13,36.68,2.92,0.1475,0.0716,2.0602,8.53,8.44
GAIL,GAIL (India) Ltd,14.0,14.7,901096.13,36.68,2.92,0.1517,0.073,2.0771,8.53,8.44
GAIL,GAIL (India) Ltd,14.0,14.7,901096.13,36.68,2.92,0.1919,0.1274,1.5064,8.53,8.44
GAIL,GAIL (India) Ltd,14.0,14.7,901096.13,36.68,2.92,0.1931,0.127,1.5209,8.53,8.44
GAIL,GAIL (India) Ltd,14.0,14.7,1135214.39,30.66,11.93,0.0515,0.0317,1.6225,8.53,8.44
GAIL,GAIL (India) Ltd,14.0,14.7,1135214.39,30.66,11.93,0.0858,0.0579,1.483,8.53,8.44
GAIL,GAIL (India) Ltd,14.0,14.7,1135214.39,30.66,11.93,0.0862,0.0519,1.6604,8.53,8.44
GAIL,GAIL (India) Ltd,14.0,14.7,1135214.39,30.66,11.93,0.0929,0.0454,2.0478,8.53,8.44
GAIL,GAIL (India) Ltd,14.0,14.7,1135214.39,30.66,11.93,0.1153,0.0783,1.472,8.53,8.44
GAIL,GAIL (India) Ltd,14.0,14.7,1135214.39,30.66,11.93,0.1155,0.0758,1.5236,8.53,8.44
GAIL,GAIL (India) Ltd,14.0,14.7,1135214.39,30.66,11.93,0.1286,0.0794,1.62,8.53,8.44
GAIL,GAIL (India) Ltd,14.0,14.7,1135214.39,30.66,11.93,0.1424,0.0958,1.4874,8.53,8.44
GAIL,GAIL (India) Ltd,14.0,14.7,1135214.39,30.66,11.93,0.1475,0.0716,2.0602,8.53,8.44
GAIL,GAIL (India) Ltd,14.0,14.7,1135214.39,30.66,11.93,0.1517,0.073,2.0771,8.53,8.44
GAIL,GAIL (India) Ltd,14.0,14.7,1135214.39,30.66,11.93,0.1919,0.1274,1.5064,8.53,8.44
GAIL,GAIL (India) Ltd,14.0,14.7,1135214.39,30.66,11.93,0.1931,0.127,1.5209,8.53,8.44
GAIL,GAIL (India) Ltd,14.0,14.7,1209368.79,66.94,6.52,0.0515,0.0317,1.6225,8.53,8.44
GAIL,GAIL (India) Ltd,14.0,14.7,1209368.79,66.94,6.52,0.0858,0.0579,1.483,8.53,8.44
GAIL,GAIL (India) Ltd,14.0,14.7,1209368.79,66.94,6.52,0.0862,0.0519,1.6604,8.53,8.44
GAIL,GAIL (India) Ltd,14.0,14.7,1209368.79,66.94,6.52,0.0929,0.0454,2.0478,8.53,8.44
GAIL,GAIL (India) Ltd,14.0,14.7,1209368.79,66.94,6.52,0.1153,0.0783,1.472,8.53,8.44
GAIL,GAIL (India) Ltd,14.0,14.7,1209368.79,66.94,6.52,0.1155,0.0758,1.5236,8.53,8.44
GAIL,GAIL (India) Ltd,14.0,14.7,1209368.79,66.94,6.52,0.1286,0.0794,1.62,8.53,8.44
GAIL,GAIL (India) Ltd,14.0,14.7,1209368.79,66.94,6.52,0.1424,0.0958,1.4874,8.53,8.44
GAIL,GAIL (India) Ltd,14.0,14.7,1209368.79,66.94,6.52,0.1475,0.0716,2.0602,8.53,8.44
GAIL,GAIL (India) Ltd,14.0,14.7,1209368.79,66.94,6.52,0.1517,0.073,2.0771,8.53,8.44
GAIL,GAIL (India) Ltd,14.0,14.7,1209368.79,66.94,6.52,0.1919,0.1274,1.5064,8.53,8.44
GAIL,GAIL (India) Ltd,14.0,14.7,1209368.79,66.94,6.52,0.1931,0.127,1.5209,8.53,8.44
GAIL,GAIL (India) Ltd,14.0,14.7,1531867.57,25.84,9.54,0.0515,0.0317,1.6225,8.53,8.44
GAIL,GAIL (India) Ltd,14.0,14.7,1531867.57,25.84,9.54,0.0858,0.0579,1.483,8.53,8.44
GAIL,GAIL (India) Ltd,14.0,14.7,1531867.57,25.84,9.54,0.0862,0.0519,1.6604,8.53,8.44
GAIL,GAIL (India) Ltd,14.0,14.7,1531867.57,25.84,9.54,0.0929,0.0454,2.0478,8.53,8.44
GAIL,GAIL (India) Ltd,14.0,14.7,1531867.57,25.84,9.54,0.1153,0.0783,1.472,8.53,8.44
GAIL,GAIL (India) Ltd,14.0,14.7,1531867.57,25.84,9.54,0.1155,0.0758,1.5236,8.53,8.44
GAIL,GAIL (India) Ltd,14.0,14.7,1531867.57,25.84,9.54,0.1286,0.0794,1.62,8.53,8.44
GAIL,GAIL (India) Ltd,14.0,14.7,1531867.57,25.84,9.54,0.1424,0.0958,1.4874,8.53,8.44
GAIL,GAIL (India) Ltd,14.0,14.7,1531867.57,25.84,9.54,0.1475,0.0716,2.0602,8.53,8.44
GAIL,GAIL (India) Ltd,14.0,14.7,1531867.57,25.84,9.54,0.1517,0.073,2.0771,8.53,8.44
GAIL,GAIL (India) Ltd,14.0,14.7,1531867.57,25.84,9.54,0.1919,0.1274,1.5064,8.53,8.44
GAIL,GAIL (India) Ltd,14.0,14.7,1531867.57,25.84,9.54,0.1931,0.127,1.5209,8.53,8.44
GODREJCP,Godrej Consumer Products Ltd,6.77,26.49,807328.65,26.5,4.95,-0.0445,-0.0305,1.4599,6.82,
GODREJCP,Godrej Consumer Products Ltd,6.77,26.49,807328.65,26.5,4.95,0.1234,0.0976,1.2641,6.82,
GODREJCP,Godrej Consumer Products Ltd,6.77,26.49,807328.65,26.5,4.95,0.1543,0.1109,1.3917,6.82,
GODREJCP,Godrej Consumer Products Ltd,6.77,26.49,807328.65,26.5,4.95,0.1823,0.1208,1.5091,6.82,
GODREJCP,Godrej Consumer Products Ltd,6.77,26.49,807328.65,26.5,4.95,0.1895,0.1006,1.884,6.82,
GODREJCP,Godrej Consumer Products Ltd,6.77,26.49,807328.65,26.5,4.95,0.1948,0.0859,2.2683,6.82,
GODREJCP,Godrej Consumer Products Ltd,6.77,26.49,807328.65,26.5,4.95,0.217,0.0984,2.204,6.82,
GODREJCP,Godrej Consumer Products Ltd,6.77,26.49,807328.65,26.5,4.95,0.2264,0.107,2.1167,6.82,
GODREJCP,Godrej Consumer Products Ltd,6.77,26.49,807328.65,26.5,4.95,0.2467,0.1011,2.4406,6.82,
GODREJCP,Godrej Consumer Products Ltd,6.77,26.49,807328.65,26.5,4.95,0.2551,0.1098,2.3227,6.82,
GODREJCP,Godrej Consumer Products Ltd,6.77,26.49,807328.65,26.5,4.95,0.2611,0.1179,2.2154,6.82,
GODREJCP,Godrej Consumer Products Ltd,6.77,26.49,807328.65,26.5,4.95,0.3223,0.1662,1.9395,6.82,
GODREJCP,Godrej Consumer Products Ltd,6.77,26.49,973100.39,55.52,0.6,-0.0445,-0.0305,1.4599,6.82,
GODREJCP,Godrej Consumer Products Ltd,6.77,26.49,973100.39,55.52,0.6,0.1234,0.0976,1.2641,6.82,
GODREJCP,Godrej Consumer Products Ltd,6.77,26.49,973100.39,55.52,0.6,0.1543,0.1109,1.3917,6.82,
GODREJCP,Godrej Consumer Products Ltd,6.77,26.49,973100.39,55.52,0.6,0.1823,0.1208,1.5091,6.82,
GODREJCP,Godrej Consumer Products Ltd,6.77,26.49,973100.39,55.52,0.6,0.1895,0.1006,1.884,6.82,
GODREJCP,Godrej Consumer Products Ltd,6.77,26.49,973100.39,55.52,0.6,0.1948,0.0859,2.2683,6.82,
GODREJCP,Godrej Consumer Products Ltd,6.77,26.49,973100.39,55.52,0.6,0.217,0.0984,2.204,6.82,
GODREJCP,Godrej Consumer Products Ltd,6.77,26.49,973100.39,55.52,0.6,0.2264,0.107,2.1167,6.82,
GODREJCP,Godrej Consumer Products Ltd,6.77,26.49,973100.39,55.52,0.6,0.2467,0.1011,2.4406,6.82,
GODREJCP,Godrej Consumer Products Ltd,6.77,26.49,973100.39,55.52,0.6,0.2551,0.1098,2.3227,6.82,
GODREJCP,Godrej Consumer Products Ltd,6.77,26.49,973100.39,55.52,0.6,0.2611,0.1179,2.2154,6.82,
GODREJCP,Godrej Consumer Products Ltd,6.77,26.49,973100.39,55.52,0.6,0.3223,0.1662,1.9395,6.82,
GODREJCP,Godrej Consumer Products Ltd,6.77,26.49,1112834.15,54.25,5.01,-0.0445,-0.0305,1.4599,6.82,
GODREJCP,Godrej Consumer Products Ltd,6.77,26.49,1112834.15,54.25,5.01,0.1234,0.0976,1.2641,6.82,
GODREJCP,Godrej Consumer Products Ltd,6.77,26.49,1112834.15,54.25,5.01,0.1543,0.1109,1.3917,6.82,
GODREJCP,Godrej Consumer Products Ltd,6.77,26.49,1112834.15,54.25,5.01,0.1823,0.1208,1.5091,6.82,
GODREJCP,Godrej Consumer Products Ltd,6.77,26.49,1112834.15,54.25,5.01,0.1895,0.1006,1.884,6.82,
GODREJCP,Godrej Consumer Products Ltd,6.77,26.49,1112834.15,54.25,5.01,0.1948,0.0859,2.2683,6.82,
GODREJCP,Godrej Consumer Products Ltd,6.77,26.49,1112834.15,54.25,5.01,0.217,0.0984,2.204,6.82,
GODREJCP,Godrej Consumer Products Ltd,6.77,26.49,1112834.15,54.25,5.01,0.2264,0.107,2.1167,6.82,
GODREJCP,Godrej Consumer Products Ltd,6.77,26.49,1112834.15,54.25,5.01,0.2467,0.1011,2.4406,6.82,
GODREJCP,Godrej Consumer Products Ltd,6.77,26.49,1112834.15,54.25,5.01,0.2551,0.1098,2.3227,6.82,
GODREJCP,Godrej Consumer Products Ltd,6.77,26.49,1112834.15,54.25,5.01,0.2611,0.1179,2.2154,6.82,
GODREJCP,Godrej Consumer Products Ltd,6.77,26.49,1112834.15,54.25,5.01,0.3223,0.1662,1.9395,6.82,
GODREJCP,Godrej Consumer Products Ltd,6.77,26.49,1140203.87,19.23,4.8,-0.0445,-0.0305,1.4599,6.82,
GODREJCP,Godrej Consumer Products Ltd,6.77,26.49,1140203.87,19.23,4.8,0.1234,0.0976,1.2641,6.82,
GODREJCP,Godrej Consumer Products Ltd,6.77,26.49,1140203.87,19.23,4.8,0.1543,0.1109,1.3917,6.82,
GODREJCP,Godrej Consumer Products Ltd,6.77,26.49,1140203.87,19.23,4.8,0.1823,0.1208,1.5091,6.82,
GODREJCP,Godrej Consumer Products Ltd,6.77,26.49,1140203.87,19.23,4.8,0.1895,0.1006,1.884,6.82,
GODREJCP,Godrej Consumer Products Ltd,6.77,26.49,1140203.87,19.23,4.8,0.1948,0.0859,2.2683,6.82,
GODREJCP,Godrej Consumer Products Ltd,6.77,26.49,1140203.87,19.23,4.8,0.217,0.0984,2.204,6.82,
GODREJCP,Godrej Consumer Products Ltd,6.77,26.49,1140203.87,19.23,4.8,0.2264,0.107,2.1167,6.82,
GODREJCP,Godrej Consumer Products Ltd,6.77,26.49,1140203.87,19.23,4.8,0.2467,0.1011,2.4406,6.82,
GODREJCP,Godrej Consumer Products Ltd,6.77,26.49,1140203.87,19.23,4.8,0.2551,0.1098,2.3227,6.82,
GODREJCP,Godrej Consumer Products Ltd,6.77,26.49,1140203.87,19.23,4.8,0.2611,0.1179,2.2154,6.82,
GODREJCP,Godrej Consumer Products Ltd,6.77,26.49,1140203.87,19.23,4.8,0.3223,0.1662,1.9395,6.82,
GODREJCP,Godrej Consumer Products Ltd,6.77,26.49,1201313.68,40.79,13.41,-0.0445,-0.0305,1.4599,6.82,
GODREJCP,Godrej Consumer Products Ltd,6.77,26.49,1201313.68,40.79,13.41,0.1234,0.0976,1.2641,6.82,
GODREJCP,Godrej Consumer Products Ltd,6.77,26.49,1201313.68,40.79,13.41,0.1543,0.1109,1.3917,6.82,
GODREJCP,Godrej Consumer Products Ltd,6.77,26.49,1201313.68,40.79,13.41,0.1823,0.1208,1.5091,6.82,
GODREJCP,Godrej Consumer Products Ltd,6.77,26.49,1201313.68,40.79,13.41,0.1895,0.1006,1.884,6.82,
GODREJCP,Godrej Consumer Products Ltd,6.77,26.49,1201313.68,40.79,13.41,0.1948,0.0859,2.2683,6.82,
GODREJCP,Godrej Consumer Products Ltd,6.77,26.49,1201313.68,40.79,13.41,0.217,0.0984,2.204,6.82,
GODREJCP,Godrej Consumer Products Ltd,6.77,26.49,1201313.68,40.79,13.41,0.2264,0.107,2.1167,6.82,
GODREJCP,Godrej Consumer Products Ltd,6.77,26.49,1201313.68,40.79,13.41,0.2467,0.1011,2.4406,6.82,
GODREJCP,Godrej Consumer Products Ltd,6.77,26.49,1201313.68,40.79,13.41,0.2551,0.1098,2.3227,6.82,
GODREJCP,Godrej Consumer Products Ltd,6.77,26.49,1201313.68,40.79,13.41,0.2611,0.1179,2.2154,6.82,
GODREJCP,Godrej Consumer Products Ltd,6.77,26.49,1201313.68,40.79,13.41,0.3223,0.1662,1.9395,6.82,
GODREJCP,Godrej Consumer Products Ltd,6.77,26.49,1327797.2,33.59,8.07,-0.0445,-0.0305,1.4599,6.82,
GODREJCP,Godrej Consumer Products Ltd,6.77,26.49,1327797.2,33.59,8.07,0.1234,0.0976,1.2641,6.82,
GODREJCP,Godrej Consumer Products Ltd,6.77,26.49,1327797.2,33.59,8.07,0.1543,0.1109,1.3917,6.82,
GODREJCP,Godrej Consumer Products Ltd,6.77,26.49,1327797.2,33.59,8.07,0.1823,0.1208,1.5091,6.82,
GODREJCP,Godrej Consumer Products Ltd,6.77,26.49,1327797.2,33.59,8.07,0.1895,0.1006,1.884,6.82,
GODREJCP,Godrej Consumer Products Ltd,6.77,26.49,1327797.2,33.59,8.07,0.1948,0.0859,2.2683,6.82,
GODREJCP,Godrej Consumer Products Ltd,6.77,26.49,1327797.2,33.59,8.07,0.217,0.0984,2.204,6.82,
GODREJCP,Godrej Consumer Products Ltd,6.77,26.49,1327797.2,33.59,8.07,0.2264,0.107,2.1167,6.82,
GODREJCP,Godrej Consumer Products Ltd,6.77,26.49,1327797.2,33.59,8.07,0.2467,0.1011,2.4406,6.82,
GODREJCP,Godrej Consumer Products Ltd,6.77,26.49,1327797.2,33.59,8.07,0.2551,0.1098,2.3227,6.82,
GODREJCP,Godrej Consumer Products Ltd,6.77,26.49,1327797.2,33.59,8.07,0.2611,0.1179,2.2154,6.82,
GODREJCP,Godrej Consumer Products Ltd,6.77,26.49,1327797.2,33.59,8.07,0.3223,0.1662,1.9395,6.82,
GRASIM,Grasim Industries Ltd,6.9,9.3,337446.27,15.68,3.37,0.0473,0.0114,4.1559,14.19,7.19
GRASIM,Grasim Industries Ltd,6.9,9.3,337446.27,15.68,3.37,0.0643,0.0177,3.6244,14.19,7.19
GRASIM,Grasim Industries Ltd,6.9,9.3,337446.27,15.68,3.37,0.1067,0.0261,4.082,14.19,7.19
GRASIM,Grasim Industries Ltd,6.9,9.3,337446.27,15.68,3.37,0.1116,0.0478,2.335,14.19,7.19
GRASIM,Grasim Industries Ltd,6.9,9.3,337446.27,15.68,3.37,0.112,0.0241,4.6486,14.19,7.19
GRASIM,Grasim Industries Ltd,6.9,9.3,337446.27,15.68,3.37,0.1172,0.0272,4.3116,14.19,7.19
GRASIM,Grasim Industries Ltd,6.9,9.3,337446.27,15.68,3.37,0.126,0.058,2.172,14.19,7.19
GRASIM,Grasim Industries Ltd,6.9,9.3,337446.27,15.68,3.37,0.1353,0.0677,1.9991,14.19,7.19
GRASIM,Grasim Industries Ltd,6.9,9.3,337446.27,15.68,3.37,0.1367,0.0619,2.2085,14.19,7.19
GRASIM,Grasim Industries Ltd,6.9,9.3,337446.27,15.68,3.37,0.1407,0.0329,4.2776,14.19,7.19
GRASIM,Grasim Industries Ltd,6.9,9.3,337446.27,15.68,3.37,0.148,0.0388,3.8197,14.19,7.19
GRASIM,Grasim Industries Ltd,6.9,9.3,337446.27,15.68,3.37,0.1922,0.0856,2.2446,14.19,7.19
GRASIM,Grasim Industries Ltd,6.9,9.3,362884.74,23.28,10.84,0.0473,0.0114,4.1559,14.19,7.19
GRASIM,Grasim Industries Ltd,6.9,9.3,362884.74,23.28,10.84,0.0643,0.0177,3.6244,14.19,7.19
GRASIM,Grasim Industries Ltd,6.9,9.3,362884.74,23.28,10.84,0.1067,0.0261,4.082,14.19,7.19
GRASIM,Grasim Industries Ltd,6.9,9.3,362884.74,23.28,10.84,0.1116,0.0478,2.335,14.19,7.19
GRASIM,Grasim Industries Ltd,6.9,9.3,362884.74,23.28,10.84,0.112,0.0241,4.6486,14.19,7.19
GRASIM,Grasim Industries Ltd,6.9,9.3,362884.74,23.28,10.84,0.1172,0.0272,4.3116,14.19,7.19
GRASIM,Grasim Industries Ltd,6.9,9.3,362884.74,23.28,10.84,0.126,0.058,2.172,14.19,7.19
GRASIM,Grasim Industries Ltd,6.9,9.3,362884.74,23.28,10.84,0.1353,0.0677,1.9991,14.19,7.19
GRASIM,Grasim Industries Ltd,6.9,9.3,362884.74,23.28,10.84,0.1367,0.0619,2.2085,14.19,7.19
GRASIM,Grasim Industries Ltd,6.9,9.3,362884.74,23.28,10.84,0.1407,0.0329,4.2776,14.19,7.19
GRASIM,Grasim Industries Ltd,6.9,9.3,362884.74,23.28,10.84,0.148,0.0388,3.8197,14.19,7.19
GRASIM,Grasim Industries Ltd,6.9,9.3,362884.74,23.28,10.84,0.1922,0.0856,2.2446,14.19,7.19
GRASIM,Grasim Industries Ltd,6.9,9.3,401734.34,56.71,7.49,0.0473,0.0114,4.1559,14.19,7.19
GRASIM,Grasim Industries Ltd,6.9,9.3,401734.34,56.71,7.49,0.0643,0.0177,3.6244,14.19,7.19
GRASIM,Grasim Industries Ltd,6.9,9.3,401734.34,56.71,7.49,0.1067,0.0261,4.082,14.19,7.19
GRASIM,Grasim Industries Ltd,6.9,9.3,401734.34,56.71,7.49,0.1116,0.0478,2.335,14.19,7.19
GRASIM,Grasim Industries Ltd,6.9,9.3,401734.34,56.71,7.49,0.112,0.0241,4.6486,14.19,7.19
GRASIM,Grasim Industries Ltd,6.9,9.3,401734.34,56.71,7.49,0.1172,0.0272,4.3116,14.19,7.19
GRASIM,Grasim Industries Ltd,6.9,9.3,401734.34,56.71,7.49,0.126,0.058,2.172,14.19,7.19
GRASIM,Grasim Industries Ltd,6.9,9.3,401734.34,56.71,7.49,0.1353,0.0677,1.9991,14.19,7.19
GRASIM,Grasim Industries Ltd,6.9,9.3,401734.34,56.71,7.49,0.1367,0.0619,2.2085,14.19,7.19
GRASIM,Grasim Industries Ltd,6.9,9.3,401734.34,56.71,7.49,0.1407,0.0329,4.2776,14.19,7.19
GRASIM,Grasim Industries Ltd,6.9,9.3,401734.34,56.71,7.49,0.148,0.0388,3.8197,14.19,7.19
GRASIM,Grasim Industries Ltd,6.9,9.3,401734.34,56.71,7.49,0.1922,0.0856,2.2446,14.19,7.19
GRASIM,Grasim Industries Ltd,6.9,9.3,424758.5,38.27,13.08,0.0473,0.0114,4.1559,14.19,7.19
GRASIM,Grasim Industries Ltd,6.9,9.3,424758.5,38.27,13.08,0.0643,0.0177,3.6244,14.19,7.19
GRASIM,Grasim Industries Ltd,6.9,9.3,424758.5,38.27,13.08,0.1067,0.0261,4.082,14.19,7.19
GRASIM,Grasim Industries Ltd,6.9,9.3,424758.5,38.27,13.08,0.1116,0.0478,2.335,14.19,7.19
GRASIM,Grasim Industries Ltd,6.9,9.3,424758.5,38.27,13.08,0.112,0.0241,4.6486,14.19,7.19
GRASIM,Grasim Industries Ltd,6.9,9.3,424758.5,38.27,13.08,0.1172,0.0272,4.3116,14.19,7.19
GRASIM,Grasim Industries Ltd,6.9,9.3,424758.5,38.27,13.08,0.126,0.058,2.172,14.19,7.19
GRASIM,Grasim Industries Ltd,6.9,9.3,424758.5,38.27,13.08,0.1353,0.0677,1.9991,14.19,7.19
GRASIM,Grasim Industries Ltd,6.9,9.3,424758.5,38.27,13.08,0.1367,0.0619,2.2085,14.19,7.19
GRASIM,Grasim Industries Ltd,6.9,9.3,424758.5,38.27,13.08,0.1407,0.0329,4.2776,14.19,7.19
GRASIM,Grasim Industries Ltd,6.9,9.3,424758.5,38.27,13.08,0.148,0.0388,3.8197,14.19,7.19
GRASIM,Grasim Industries Ltd,6.9,9.3,424758.5,38.27,13.08,0.1922,0.0856,2.2446,14.19,7.19
GRASIM,Grasim Industries Ltd,6.9,9.3,478951.82,79.35,5.68,0.0473,0.0114,4.1559,14.19,7.19
GRASIM,Grasim Industries Ltd,6.9,9.3,478951.82,79.35,5.68,0.0643,0.0177,3.6244,14.19,7.19
GRASIM,Grasim Industries Ltd,6.9,9.3,478951.82,79.35,5.68,0.1067,0.0261,4.082,14.19,7.19
GRASIM,Grasim Industries Ltd,6.9,9.3,478951.82,79.35,5.68,0.1116,0.0478,2.335,14.19,7.19
GRASIM,Grasim Industries Ltd,6.9,9.3,478951.82,79.35,5.68,0.112,0.0241,4.6486,14.19,7.19
GRASIM,Grasim Industries Ltd,6.9,9.3,478951.82,79.35,5.68,0.1172,0.0272,4.3116,14.19,7.19
GRASIM,Grasim Industries Ltd,6.9,9.3,478951.82,79.35,5.68,0.126,0.058,2.172,14.19,7.19
GRASIM,Grasim Industries Ltd,6.9,9.3,478951.82,79.35,5.68,0.1353,0.0677,1.9991,14.19,7.19
GRASIM,Grasim Industries Ltd,6.9,9.3,478951.82,79.35,5.68,0.1367,0.0619,2.2085,14.19,7.19
GRASIM,Grasim Industries Ltd,6.9,9.3,478951.82,79.35,5.68,0.1407,0.0329,4.2776,14.19,7.19
GRASIM,Grasim Industries Ltd,6.9,9.3,478951.82,79.35,5.68,0.148,0.0388,3.8197,14.19,7.19
GRASIM,Grasim Industries Ltd,6.9,9.3,478951.82,79.35,5.68,0.1922,0.0856,2.2446,14.19,7.19
GRASIM,Grasim Industries Ltd,6.9,9.3,513646.94,64.84,6.73,0.0473,0.0114,4.1559,14.19,7.19
GRASIM,Grasim Industries Ltd,6.9,9.3,513646.94,64.84,6.73,0.0643,0.0177,3.6244,14.19,7.19
GRASIM,Grasim Industries Ltd,6.9,9.3,513646.94,64.84,6.73,0.1067,0.0261,4.082,14.19,7.19
GRASIM,Grasim Industries Ltd,6.9,9.3,513646.94,64.84,6.73,0.1116,0.0478,2.335,14.19,7.19
GRASIM,Grasim Industries Ltd,6.9,9.3,513646.94,64.84,6.73,0.112,0.0241,4.6486,14.19,7.19
GRASIM,Grasim Industries Ltd,6.9,9.3,513646.94,64.84,6.73,0.1172,0.0272,4.3116,14.19,7.19
GRASIM,Grasim Industries Ltd,6.9,9.3,513646.94,64.84,6.73,0.126,0.058,2.172,14.19,7.19
GRASIM,Grasim Industries Ltd,6.9,9.3,513646.94,64.84,6.73,0.1353,0.0677,1.9991,14.19,7.19
GRASIM,Grasim Industries Ltd,6.9,9.3,513646.94,64.84,6.73,0.1367,0.0619,2.2085,14.19,7.19
GRASIM,Grasim Industries Ltd,6.9,9.3,513646.94,64.84,6.73,0.1407,0.0329,4.2776,14.19,7.19
GRASIM,Grasim Industries Ltd,6.9,9.3,513646.94,64.84,6.73,0.148,0.0388,3.8197,14.19,7.19
GRASIM,Grasim Industries Ltd,6.9,9.3,513646.94,64.84,6.73,0.1922,0.0856,2.2446,14.19,7.19
HAL,Hindustan Aeronautics Ltd,28.9,38.9,1180468.36,56.05,13.51,15.2846,11.9699,1.2769,6.69,9.05
HAL,Hindustan Aeronautics Ltd,28.9,38.9,1180468.36,56.05,13.51,16.65,11.3523,1.4667,6.69,9.05
HAL,Hindustan Aeronautics Ltd,28.9,38.9,1180468.36,56.05,13.51,17.6391,13.4057,1.3158,6.69,9.05
HAL,Hindustan Aeronautics Ltd,28.9,38.9,1180468.36,56.05,13.51,19.6692,15.3882,1.2782,6.69,9.05
HAL,Hindustan Aeronautics Ltd,28.9,38.9,1180468.36,56.05,13.51,20.5942,16.4277,1.2536,6.69,9.05
HAL,Hindustan Aeronautics Ltd,28.9,38.9,1180468.36,56.05,13.51,22.4931,17.414,1.2917,6.69,9.05
HAL,Hindustan Aeronautics Ltd,28.9,38.9,1180468.36,56.05,13.51,32.8305,21.4428,1.5311,6.69,9.05
HAL,Hindustan Aeronautics Ltd,28.9,38.9,1180468.36,56.05,13.51,33.2418,25.1782,1.3203,6.69,9.05
HAL,Hindustan Aeronautics Ltd,28.9,38.9,1180468.36,56.05,13.51,38.1658,16.8778,2.2613,6.69,9.05
HAL,Hindustan Aeronautics Ltd,28.9,38.9,1369023.45,68.18,9.05,15.2846,11.9699,1.2769,6.69,9.05
HAL,Hindustan Aeronautics Ltd,28.9,38.9,1369023.45,68.18,9.05,16.65,11.3523,1.4667,6.69,9.05
HAL,Hindustan Aeronautics Ltd,28.9,38.9,1369023.45,68.18,9.05,17.6391,13.4057,1.3158,6.69,9.05
HAL,Hindustan Aeronautics Ltd,28.9,38.9,1369023.45,68.18,9.05,19.6692,15.3882,1.2782,6.69,9.05
HAL,Hindustan Aeronautics Ltd,28.9,38.9,1369023.45,68.18,9.05,20.5942,16.4277,1.2536,6.69,9.05
HAL,Hindustan Aeronautics Ltd,28.9,38.9,1369023.45,68.18,9.05,22.4931,17.414,1.2917,6.69,9.05
HAL,Hindustan Aeronautics Ltd,28.9,38.9,1369023.45,68.18,9.05,32.8305,21.4428,1.5311,6.69,9.05
HAL,Hindustan Aeronautics Ltd,28.9,38.9,1369023.45,68.18,9.05,33.2418,25.1782,1.3203,6.69,9.05
HAL,Hindustan Aeronautics Ltd,28.9,38.9,1369023.45,68.18,9.05,38.1658,16.8778,2.2613,6.69,9.05
HAL,Hindustan Aeronautics Ltd,28.9,38.9,1722334.17,51.22,8.86,15.2846,11.9699,1.2769,6.69,9.05
HAL,Hindustan Aeronautics Ltd,28.9,38.9,1722334.17,51.22,8.86,16.65,11.3523,1.4667,6.69,9.05
HAL,Hindustan Aeronautics Ltd,28.9,38.9,1722334.17,51.22,8.86,17.6391,13.4057,1.3158,6.69,9.05
HAL,Hindustan Aeronautics Ltd,28.9,38.9,1722334.17,51.22,8.86,19.6692,15.3882,1.2782,6.69,9.05
HAL,Hindustan Aeronautics Ltd,28.9,38.9,1722334.17,51.22,8.86,20.5942,16.4277,1.2536,6.69,9.05
HAL,Hindustan Aeronautics Ltd,28.9,38.9,1722334.17,51.22,8.86,22.4931,17.414,1.2917,6.69,9.05
HAL,Hindustan Aeronautics Ltd,28.9,38.9,1722334.17,51.22,8.86,32.8305,21.4428,1.5311,6.69,9.05
HAL,Hindustan Aeronautics Ltd,28.9,38.9,1722334.17,51.22,8.86,33.2418,25.1782,1.3203,6.69,9.05
HAL,Hindustan Aeronautics Ltd,28.9,38.9,1722334.17,51.22,8.86,38.1658,16.8778,2.2613,6.69,9.05
HAL,Hindustan Aeronautics Ltd,28.9,38.9,1800174.45,8.56,2.01,15.2846,11.9699,1.2769,6.69,9.05
HAL,Hindustan Aeronautics Ltd,28.9,38.9,1800174.45,8.56,2.01,16.65,11.3523,1.4667,6.69,9.05
HAL,Hindustan Aeronautics Ltd,28.9,38.9,1800174.45,8.56,2.01,17.6391,13.4057,1.3158,6.69,9.05
HAL,Hindustan Aeronautics Ltd,28.9,38.9,1800174.45,8.56,2.01,19.6692,15.3882,1.2782,6.69,9.05
HAL,Hindustan Aeronautics Ltd,28.9,38.9,1800174.45,8.56,2.01,20.5942,16.4277,1.2536,6.69,9.05
HAL,Hindustan Aeronautics Ltd,28.9,38.9,1800174.45,8.56,2.01,22.4931,17.414,1.2917,6.69,9.05
HAL,Hindustan Aeronautics Ltd,28.9,38.9,1800174.45,8.56,2.01,32.8305,21.4428,1.5311,6.69,9.05
HAL,Hindustan Aeronautics Ltd,28.9,38.9,1800174.45,8.56,2.01,33.2418,25.1782,1.3203,6.69,9.05
HAL,Hindustan Aeronautics Ltd,28.9,38.9,1800174.45,8.56,2.01,38.1658,16.8778,2.2613,6.69,9.05
HAL,Hindustan Aeronautics Ltd,28.9,38.9,2122373.86,11.8,2.43,15.2846,11.9699,1.2769,6.69,9.05
HAL,Hindustan Aeronautics Ltd,28.9,38.9,2122373.86,11.8,2.43,16.65,11.3523,1.4667,6.69,9.05
HAL,Hindustan Aeronautics Ltd,28.9,38.9,2122373.86,11.8,2.43,17.6391,13.4057,1.3158,6.69,9.05
HAL,Hindustan Aeronautics Ltd,28.9,38.9,2122373.86,11.8,2.43,19.6692,15.3882,1.2782,6.69,9.05
HAL,Hindustan Aeronautics Ltd,28.9,38.9,2122373.86,11.8,2.43,20.5942,16.4277,1.2536,6.69,9.05
HAL,Hindustan Aeronautics Ltd,28.9,38.9,2122373.86,11.8,2.43,22.4931,17.414,1.2917,6.69,9.05
HAL,Hindustan Aeronautics Ltd,28.9,38.9,2122373.86,11.8,2.43,32.8305,21.4428,1.5311,6.69,9.05
HAL,Hindustan Aeronautics Ltd,28.9,38.9,2122373.86,11.8,2.43,33.2418,25.1782,1.3203,6.69,9.05
HAL,Hindustan Aeronautics Ltd,28.9,38.9,2122373.86,11.8,2.43,38.1658,16.8778,2.2613,6.69,9.05
HAL,Hindustan Aeronautics Ltd,28.9,38.9,2643616.86,71.89,3.65,15.2846,11.9699,1.2769,6.69,9.05
HAL,Hindustan Aeronautics Ltd,28.9,38.9,2643616.86,71.89,3.65,16.65,11.3523,1.4667,6.69,9.05
HAL,Hindustan Aeronautics Ltd,28.9,38.9,2643616.86,71.89,3.65,17.6391,13.4057,1.3158,6.69,9.05
HAL,Hindustan Aeronautics Ltd,28.9,38.9,2643616.86,71.89,3.65,19.6692,15.3882,1.2782,6.69,9.05
HAL,Hindustan Aeronautics Ltd,28.9,38.9,2643616.86,71.89,3.65,20.5942,16.4277,1.2536,6.69,9.05
HAL,Hindustan Aeronautics Ltd,28.9,38.9,2643616.86,71.89,3.65,22.4931,17.414,1.2917,6.69,9.05
HAL,Hindustan Aeronautics Ltd,28.9,38.9,2643616.86,71.89,3.65,32.8305,21.4428,1.5311,6.69,9.05
HAL,Hindustan Aeronautics Ltd,28.9,38.9,2643616.86,71.89,3.65,33.2418,25.1782,1.3203,6.69,9.05
HAL,Hindustan Aeronautics Ltd,28.9,38.9,2643616.86,71.89,3.65,38.1658,16.8778,2.2613,6.69,9.05
HAVELLS,Havells India Ltd,18.0,24.4,1408366.0,65.28,10.66,0.1508,0.0956,1.5775,9.27,7.6
HAVELLS,Havells India Ltd,18.0,24.4,1408366.0,65.28,10.66,0.1618,0.0961,1.6838,9.27,7.6
HAVELLS,Havells India Ltd,18.0,24.4,1408366.0,65.28,10.66,0.1705,0.1039,1.6403,9.27,7.6
HAVELLS,Havells India Ltd,18.0,24.4,1408366.0,65.28,10.66,0.1707,0.1022,1.6695,9.27,7.6
HAVELLS,Havells India Ltd,18.0,24.4,1408366.0,65.28,10.66,0.1772,0.1,1.7716,9.27,7.6
HAVELLS,Havells India Ltd,18.0,24.4,1408366.0,65.28,10.66,0.1877,0.1102,1.7027,9.27,7.6
HAVELLS,Havells India Ltd,18.0,24.4,1408366.0,65.28,10.66,0.1992,0.1137,1.753,9.27,7.6
HAVELLS,Havells India Ltd,18.0,24.4,1408366.0,65.28,10.66,0.2017,0.1179,1.7099,9.27,7.6
HAVELLS,Havells India Ltd,18.0,24.4,1408366.0,65.28,10.66,0.2118,0.0804,2.6337,9.27,7.6
HAVELLS,Havells India Ltd,18.0,24.4,1408366.0,65.28,10.66,0.2677,0.0836,3.2005,9.27,7.6
HAVELLS,Havells India Ltd,18.0,24.4,1408366.0,65.28,10.66,0.4029,0.1303,3.0915,9.27,7.6
HAVELLS,Havells India Ltd,18.0,24.4,1408366.0,65.28,10.66,0.4295,0.2963,1.4493,9.27,7.6
HAVELLS,Havells India Ltd,18.0,24.4,1749780.42,10.08,13.71,0.1508,0.0956,1.5775,9.27,7.6
HAVELLS,Havells India Ltd,18.0,24.4,1749780.42,10.08,13.71,0.1618,0.0961,1.6838,9.27,7.6
HAVELLS,Havells India Ltd,18.0,24.4,1749780.42,10.08,13.71,0.1705,0.1039,1.6403,9.27,7.6
HAVELLS,Havells India Ltd,18.0,24.4,1749780.42,10.08,13.71,0.1707,0.1022,1.6695,9.27,7.6
HAVELLS,Havells India Ltd,18.0,24.4,1749780.42,10.08,13.71,0.1772,0.1,1.7716,9.27,7.6
HAVELLS,Havells India Ltd,18.0,24.4,1749780.42,10.08,13.71,0.1877,0.1102,1.7027,9.27,7.6
HAVELLS,Havells India Ltd,18.0,24.4,1749780.42,10.08,13.71,0.1992,0.1137,1.753,9.27,7.6
HAVELLS,Havells India Ltd,18.0,24.4,1749780.42,10.08,13.71,0.2017,0.1179,1.7099,9.27,7.6
HAVELLS,Havells India Ltd,18.0,24.4,1749780.42,10.08,13.71,0.2118,0.0804,2.6337,9.27,7.6
HAVELLS,Havells India Ltd,18.0,24.4,1749780.42,10.08,13.71,0.2677,0.0836,3.2005,9.27,7.6
HAVELLS,Havells India Ltd,18.0,24.4,1749780.42,10.08,13.71,0.4029,0.1303,3.0915,9.27,7.6
HAVELLS,Havells India Ltd,18.0,24.4,1749780.42,10.08,13.71,0.4295,0.2963,1.4493,9.27,7.6
HAVELLS,Havells India Ltd,18.0,24.4,2169908.17,28.52,9.54,0.1508,0.0956,1.5775,9.27,7.6
HAVELLS,Havells India Ltd,18.0,24.4,2169908.17,28.52,9.54,0.1618,0.0961,1.6838,9.27,7.6
HAVELLS,Havells India Ltd,18.0,24.4,2169908.17,28.52,9.54,0.1705,0.1039,1.6403,9.27,7.6
HAVELLS,Havells India Ltd,18.0,24.4,2169908.17,28.52,9.54,0.1707,0.1022,1.6695,9.27,7.6
HAVELLS,Havells India Ltd,18.0,24.4,2169908.17,28.52,9.54,0.1772,0.1,1.7716,9.27,7.6
HAVELLS,Havells India Ltd,18.0,24.4,2169908.17,28.52,9.54,0.1877,0.1102,1.7027,9.27,7.6
HAVELLS,Havells India Ltd,18.0,24.4,2169908.17,28.52,9.54,0.1992,0.1137,1.753,9.27,7.6
HAVELLS,Havells India Ltd,18.0,24.4,2169908.17,28.52,9.54,0.2017,0.1179,1.7099,9.27,7.6
HAVELLS,Havells India Ltd,18.0,24.4,2169908.17,28.52,9.54,0.2118,0.0804,2.6337,9.27,7.6
HAVELLS,Havells India Ltd,18.0,24.4,2169908.17,28.52,9.54,0.2677,0.0836,3.2005,9.27,7.6
HAVELLS,Havells India Ltd,18.0,24.4,2169908.17,28.52,9.54,0.4029,0.1303,3.0915,9.27,7.6
HAVELLS,Havells India Ltd,18.0,24.4,2169908.17,28.52,9.54,0.4295,0.2963,1.4493,9.27,7.6
HAVELLS,Havells India Ltd,18.0,24.4,2198343.31,79.91,10.23,0.1508,0.0956,1.5775,9.27,7.6
HAVELLS,Havells India Ltd,18.0,24.4,2198343.31,79.91,10.23,0.1618,0.0961,1.6838,9.27,7.6
HAVELLS,Havells India Ltd,18.0,24.4,2198343.31,79.91,10.23,0.1705,0.1039,1.6403,9.27,7.6
HAVELLS,Havells India Ltd,18.0,24.4,2198343.31,79.91,10.23,0.1707,0.1022,1.6695,9.27,7.6
HAVELLS,Havells India Ltd,18.0,24.4,2198343.31,79.91,10.23,0.1772,0.1,1.7716,9.27,7.6
HAVELLS,Havells India Ltd,18.0,24.4,2198343.31,79.91,10.23,0.1877,0.1102,1.7027,9.27,7.6
HAVELLS,Havells India Ltd,18.0,24.4,2198343.31,79.91,10.23,0.1992,0.1137,1.753,9.27,7.6
HAVELLS,Havells India Ltd,18.0,24.4,2198343.31,79.91,10.23,0.2017,0.1179,1.7099,9.27,7.6
HAVELLS,Havells India Ltd,18.0,24.4,2198343.31,79.91,10.23,0.2118,0.0804,2.6337,9.27,7.6
HAVELLS,Havells India Ltd,18.0,24.4,2198343.31,79.91,10.23,0.2677,0.0836,3.2005,9.27,7.6
HAVELLS,Havells India Ltd,18.0,24.4,2198343.31,79.91,10.23,0.4029,0.1303,3.0915,9.27,7.6
HAVELLS,Havells India Ltd,18.0,24.4,2198343.31,79.91,10.23,0.4295,0.2963,1.4493,9.27,7.6
HAVELLS,Havells India Ltd,18.0,24.4,2521508.87,45.41,14.08,0.1508,0.0956,1.5775,9.27,7.6
HAVELLS,Havells India Ltd,18.0,24.4,2521508.87,45.41,14.08,0.1618,0.0961,1.6838,9.27,7.6
HAVELLS,Havells India Ltd,18.0,24.4,2521508.87,45.41,14.08,0.1705,0.1039,1.6403,9.27,7.6
HAVELLS,Havells India Ltd,18.0,24.4,2521508.87,45.41,14.08,0.1707,0.1022,1.6695,9.27,7.6
HAVELLS,Havells India Ltd,18.0,24.4,2521508.87,45.41,14.08,0.1772,0.1,1.7716,9.27,7.6
HAVELLS,Havells India Ltd,18.0,24.4,2521508.87,45.41,14.08,0.1877,0.1102,1.7027,9.27,7.6
HAVELLS,Havells India Ltd,18.0,24.4,2521508.87,45.41,14.08,0.1992,0.1137,1.753,9.27,7.6
HAVELLS,Havells India Ltd,18.0,24.4,2521508.87,45.41,14.08,0.2017,0.1179,1.7099,9.27,7.6
HAVELLS,Havells India Ltd,18.0,24.4,2521508.87,45.41,14.08,0.2118,0.0804,2.6337,9.27,7.6
HAVELLS,Havells India Ltd,18.0,24.4,2521508.87,45.41,14.08,0.2677,0.0836,3.2005,9.27,7.6
HAVELLS,Havells India Ltd,18.0,24.4,2521508.87,45.41,14.08,0.4029,0.1303,3.0915,9.27,7.6
HAVELLS,Havells India Ltd,18.0,24.4,2521508.87,45.41,14.08,0.4295,0.2963,1.4493,9.27,7.6
HAVELLS,Havells India Ltd,18.0,24.4,2526633.19,66.78,4.68,0.1508,0.0956,1.5775,9.27,7.6
HAVELLS,Havells India Ltd,18.0,24.4,2526633.19,66.78,4.68,0.1618,0.0961,1.6838,9.27,7.6
HAVELLS,Havells India Ltd,18.0,24.4,2526633.19,66.78,4.68,0.1705,0.1039,1.6403,9.27,7.6
HAVELLS,Havells India Ltd,18.0,24.4,2526633.19,66.78,4.68,0.1707,0.1022,1.6695,9.27,7.6
HAVELLS,Havells India Ltd,18.0,24.4,2526633.19,66.78,4.68,0.1772,0.1,1.7716,9.27,7.6
HAVELLS,Havells India Ltd,18.0,24.4,2526633.19,66.78,4.68,0.1877,0.1102,1.7027,9.27,7.6
HAVELLS,Havells India Ltd,18.0,24.4,2526633.19,66.78,4.68,0.1992,0.1137,1.753,9.27,7.6
HAVELLS,Havells India Ltd,18.0,24.4,2526633.19,66.78,4.68,0.2017,0.1179,1.7099,9.27,7.6
HAVELLS,Havells India Ltd,18.0,24.4,2526633.19,66.78,4.68,0.2118,0.0804,2.6337,9.27,7.6
HAVELLS,Havells India Ltd,18.0,24.4,2526633.19,66.78,4.68,0.2677,0.0836,3.2005,9.27,7.6
HAVELLS,Havells India Ltd,18.0,24.4,2526633.19,66.78,4.68,0.4029,0.1303,3.0915,9.27,7.6
HAVELLS,Havells India Ltd,18.0,24.4,2526633.19,66.78,4.68,0.4295,0.2963,1.4493,9.27,7.6
HCLTECH,HCL Technologies Ltd,23.3,29.6,229691.1,60.47,11.39,0.1864,0.1298,1.4362,13.37,12.77
HCLTECH,HCL Technologies Ltd,23.3,29.6,229691.1,60.47,11.39,0.2157,0.1335,1.6154,13.37,12.77
HCLTECH,HCL Technologies Ltd,23.3,29.6,229691.1,60.47,11.39,0.2184,0.1521,1.4362,13.37,12.77
HCLTECH,HCL Technologies Ltd,23.3,29.6,229691.1,60.47,11.39,0.227,0.1592,1.4257,13.37,12.77
HCLTECH,HCL Technologies Ltd,23.3,29.6,229691.1,60.47,11.39,0.2301,0.1587,1.4504,13.37,12.77
HCLTECH,HCL Technologies Ltd,23.3,29.6,229691.1,60.47,11.39,0.2397,0.1817,1.3189,13.37,12.77
HCLTECH,HCL Technologies Ltd,23.3,29.6,229691.1,60.47,11.39,0.2446,0.1734,1.4106,13.37,12.77
HCLTECH,HCL Technologies Ltd,23.3,29.6,229691.1,60.47,11.39,0.2612,0.1881,1.3889,13.37,12.77
HCLTECH,HCL Technologies Ltd,23.3,29.6,229691.1,60.47,11.39,0.3031,0.2083,1.455,13.37,12.77
HCLTECH,HCL Technologies Ltd,23.3,29.6,229691.1,60.47,11.39,0.3069,0.1804,1.7015,13.37,12.77
HCLTECH,HCL Technologies Ltd,23.3,29.6,229691.1,60.47,11.39,0.3339,0.2177,1.5335,13.37,12.77
HCLTECH,HCL Technologies Ltd,23.3,29.6,239391.06,47.27,5.14,0.1864,0.1298,1.4362,13.37,12.77
HCLTECH,HCL Technologies Ltd,23.3,29.6,239391.06,47.27,5.14,0.2157,0.1335,1.6154,13.37,12.77
HCLTECH,HCL Technologies Ltd,23.3,29.6,239391.06,47.27,5.14,0.2184,0.1521,1.4362,13.37,12.77
HCLTECH,HCL Technologies Ltd,23.3,29.6,239391.06,47.27,5.14,0.227,0.1592,1.4257,13.37,12.77
HCLTECH,HCL Technologies Ltd,23.3,29.6,239391.06,47.27,5.14,0.2301,0.1587,1.4504,13.37,12.77
HCLTECH,HCL Technologies Ltd,23.3,29.6,239391.06,47.27,5.14,0.2397,0.1817,1.3189,13.37,12.77
HCLTECH,HCL Technologies Ltd,23.3,29.6,239391.06,47.27,5.14,0.2446,0.1734,1.4106,13.37,12.77
HCLTECH,HCL Technologies Ltd,23.3,29.6,239391.06,47.27,5.14,0.2612,0.1881,1.3889,13.37,12.77
HCLTECH,HCL Technologies Ltd,23.3,29.6,239391.06,47.27,5.14,0.3031,0.2083,1.455,13.37,12.77
HCLTECH,HCL Technologies Ltd,23.3,29.6,239391.06,47.27,5.14,0.3069,0.1804,1.7015,13.37,12.77
HCLTECH,HCL Technologies Ltd,23.3,29.6,239391.06,47.27,5.14,0.3339,0.2177,1.5335,13.37,12.77
HCLTECH,HCL Technologies Ltd,23.3,29.6,260125.17,77.74,7.77,0.1864,0.1298,1.4362,13.37,12.77
HCLTECH,HCL Technologies Ltd,23.3,29.6,260125.17,77.74,7.77,0.2157,0.1335,1.6154,13.37,12.77
HCLTECH,HCL Technologies Ltd,23.3,29.6,260125.17,77.74,7.77,0.2184,0.1521,1.4362,13.37,12.77
HCLTECH,HCL Technologies Ltd,23.3,29.6,260125.17,77.74,7.77,0.227,0.1592,1.4257,13.37,12.77
HCLTECH,HCL Technologies Ltd,23.3,29.6,260125.17,77.74,7.77,0.2301,0.1587,1.4504,13.37,12.77
HCLTECH,HCL Technologies Ltd,23.3,29.6,260125.17,77.74,7.77,0.2397,0.1817,1.3189,13.37,12.77
HCLTECH,HCL Technologies Ltd,23.3,29.6,260125.17,77.74,7.77,0.2446,0.1734,1.4106,13.37,12.77
HCLTECH,HCL Technologies Ltd,23.3,29.6,260125.17,77.74,7.77,0.2612,0.1881,1.3889,13.37,12.77
HCLTECH,HCL Technologies Ltd,23.3,29.6,260125.17,77.74,7.77,0.3031,0.2083,1.455,13.37,12.77
HCLTECH,HCL Technologies Ltd,23.3,29.6,260125.17,77.74,7.77,0.3069,0.1804,1.7015,13.37,12.77
HCLTECH,HCL Technologies Ltd,23.3,29.6,260125.17,77.74,7.77,0.3339,0.2177,1.5335,13.37,12.77
HCLTECH,HCL Technologies Ltd,23.3,29.6,319536.64,69.21,12.53,0.1864,0.1298,1.4362,13.37,12.77
HCLTECH,HCL Technologies Ltd,23.3,29.6,319536.64,69.21,12.53,0.2157,0.1335,1.6154,13.37,12.77
HCLTECH,HCL Technologies Ltd,23.3,29.6,319536.64,69.21,12.53,0.2184,0.1521,1.4362,13.37,12.77
HCLTECH,HCL Technologies Ltd,23.3,29.6,319536.64,69.21,12.53,0.227,0.1592,1.4257,13.37,12.77
HCLTECH,HCL Technologies Ltd,23.3,29.6,319536.64,69.21,12.53,0.2301,0.1587,1.4504,13.37,12.77
HCLTECH,HCL Technologies Ltd,23.3,29.6,319536.64,69.21,12.53,0.2397,0.1817,1.3189,13.37,12.77
HCLTECH,HCL Technologies Ltd,23.3,29.6,319536.64,69.21,12.53,0.2446,0.1734,1.4106,13.37,12.77
HCLTECH,HCL Technologies Ltd,23.3,29.6,319536.64,69.21,12.53,0.2612,0.1881,1.3889,13.37,12.77
HCLTECH,HCL Technologies Ltd,23.3,29.6,319536.64,69.21,12.53,0.3031,0.2083,1.455,13.37,12.77
HCLTECH,HCL Technologies Ltd,23.3,29.6,319536.64,69.21,12.53,0.3069,0.1804,1.7015,13.37,12.77
HCLTECH,HCL Technologies Ltd,23.3,29.6,319536.64,69.21,12.53,0.3339,0.2177,1.5335,13.37,12.77
HCLTECH,HCL Technologies Ltd,23.3,29.6,385586.15,9.19,2.28,0.1864,0.1298,1.4362,13.37,12.77
HCLTECH,HCL Technologies Ltd,23.3,29.6,385586.15,9.19,2.28,0.2157,0.1335,1.6154,13.37,12.77
HCLTECH,HCL Technologies Ltd,23.3,29.6,385586.15,9.19,2.28,0.2184,0.1521,1.4362,13.37,12.77
HCLTECH,HCL Technologies Ltd,23.3,29.6,385586.15,9.19,2.28,0.227,0.1592,1.4257,13.37,12.77
HCLTECH,HCL Technologies Ltd,23.3,29.6,385586.15,9.19,2.28,0.2301,0.1587,1.4504,13.37,12.77
HCLTECH,HCL Technologies Ltd,23.3,29.6,385586.15,9.19,2.28,0.2397,0.1817,1.3189,13.37,12.77
HCLTECH,HCL Technologies Ltd,23.3,29.6,385586.15,9.19,2.28,0.2446,0.1734,1.4106,13.37,12.77
HCLTECH,HCL Technologies Ltd,23.3,29.6,385586.15,9.19,2.28,0.2612,0.1881,1.3889,13.37,12.77
HCLTECH,HCL Technologies Ltd,23.3,29.6,385586.15,9.19,2.28,0.3031,0.2083,1.455,13.37,12.77
HCLTECH,HCL Technologies Ltd,23.3,29.6,385586.15,9.19,2.28,0.3069,0.1804,1.7015,13.37,12.77
HCLTECH,HCL Technologies Ltd,23.3,29.6,385586.15,9.19,2.28,0.3339,0.2177,1.5335,13.37,12.77
HCLTECH,HCL Technologies Ltd,23.3,29.6,412593.29,63.63,5.44,0.1864,0.1298,1.4362,13.37,12.77
HCLTECH,HCL Technologies Ltd,23.3,29.6,412593.29,63.63,5.44,0.2157,0.1335,1.6154,13.37,12.77
HCLTECH,HCL Technologies Ltd,23.3,29.6,412593.29,63.63,5.44,0.2184,0.1521,1.4362,13.37,12.77
HCLTECH,HCL Technologies Ltd,23.3,29.6,412593.29,63.63,5.44,0.227,0.1592,1.4257,13.37,12.77
HCLTECH,HCL Technologies Ltd,23.3,29.6,412593.29,63.63,5.44,0.2301,0.1587,1.4504,13.37,12.77
HCLTECH,HCL Technologies Ltd,23.3,29.6,412593.29,63.63,5.44,0.2397,0.1817,1.3189,13.37,12.77
HCLTECH,HCL Technologies Ltd,23.3,29.6,412593.29,63.63,5.44,0.2446,0.1734,1.4106,13.37,12.77
HCLTECH,HCL Technologies Ltd,23.3,29.6,412593.29,63.63,5.44,0.2612,0.1881,1.3889,13.37,12.77
HCLTECH,HCL Technologies Ltd,23.3,29.6,412593.29,63.63,5.44,0.3031,0.2083,1.455,13.37,12.77
HCLTECH,HCL Technologies Ltd,23.3,29.6,412593.29,63.63,5.44,0.3069,0.1804,1.7015,13.37,12.77
HCLTECH,HCL Technologies Ltd,23.3,29.6,412593.29,63.63,5.44,0.3339,0.2177,1.5335,13.37,12.77
HDFCBANK,HDFC Bank Ltd,17.1,7.67,534671.83,30.19,9.55,0.1434,0.0162,8.8305,20.29,21.6
HDFCBANK,HDFC Bank Ltd,17.1,7.67,534671.83,30.19,9.55,0.1461,0.0174,8.4127,20.29,21.6
HDFCBANK,HDFC Bank Ltd,17.1,7.67,534671.83,30.19,9.55,0.1518,0.0177,8.5768,20.29,21.6
HDFCBANK,HDFC Bank Ltd,17.1,7.67,534671.83,30.19,9.55,0.1543,0.018,8.5835,20.29,21.6
HDFCBANK,HDFC Bank Ltd,17.1,7.67,534671.83,30.19,9.55,0.1548,0.0173,8.9638,20.29,21.6
HDFCBANK,HDFC Bank Ltd,17.1,7.67,534671.83,30.19,9.55,0.1594,0.0182,8.7426,20.29,21.6
HDFCBANK,HDFC Bank Ltd,17.1,7.67,534671.83,30.19,9.55,0.1669,0.0172,9.7212,20.29,21.6
HDFCBANK,HDFC Bank Ltd,17.1,7.67,534671.83,30.19,9.55,0.1694,0.0168,10.0657,20.29,21.6
HDFCBANK,HDFC Bank Ltd,17.1,7.67,534671.83,30.19,9.55,0.1695,0.0176,9.613,20.29,21.6
HDFCBANK,HDFC Bank Ltd,17.1,7.67,534671.83,30.19,9.55,0.1725,0.0168,10.258,20.29,21.6
HDFCBANK,HDFC Bank Ltd,17.1,7.67,534671.83,30.19,9.55,0.1884,0.0169,11.1269,20.29,21.6
HDFCBANK,HDFC Bank Ltd,17.1,7.67,534671.83,30.19,9.55,0.1985,0.0174,11.4026,20.29,21.6
HDFCBANK,HDFC Bank Ltd,17.1,7.67,573615.98,11.64,8.0,0.1434,0.0162,8.8305,20.29,21.6
HDFCBANK,HDFC Bank Ltd,17.1,7.67,573615.98,11.64,8.0,0.1461,0.0174,8.4127,20.29,21.6
HDFCBANK,HDFC Bank Ltd,17.1,7.67,573615.98,11.64,8.0,0.1518,0.0177,8.5768,20.29,21.6
HDFCBANK,HDFC Bank Ltd,17.1,7.67,573615.98,11.64,8.0,0.1543,0.018,8.5835,20.29,21.6
HDFCBANK,HDFC Bank Ltd,17.1,7.67,573615.98,11.64,8.0,0.1548,0.0173,8.9638,20.29,21.6
HDFCBANK,HDFC Bank Ltd,17.1,7.67,573615.98,11.64,8.0,0.1594,0.0182,8.7426,20.29,21.6
HDFCBANK,HDFC Bank Ltd,17.1,7.67,573615.98,11.64,8.0,0.1669,0.0172,9.7212,20.29,21.6
HDFCBANK,HDFC Bank Ltd,17.1,7.67,573615.98,11.64,8.0,0.1694,0.0168,10.0657,20.29,21.6
HDFCBANK,HDFC Bank Ltd,17.1,7.67,573615.98,11.64,8.0,0.1695,0.0176,9.613,20.29,21.6
HDFCBANK,HDFC Bank Ltd,17.1,7.67,573615.98,11.64,8.0,0.1725,0.0168,10.258,20.29,21.6
HDFCBANK,HDFC Bank Ltd,17.1,7.67,573615.98,11.64,8.0,0.1884,0.0169,11.1269,20.29,21.6
HDFCBANK,HDFC Bank Ltd,17.1,7.67,573615.98,11.64,8.0,0.1985,0.0174,11.4026,20.29,21.6
HDFCBANK,HDFC Bank Ltd,17.1,7.67,578281.57,63.58,0.79,0.1434,0.0162,8.8305,20.29,21.6
HDFCBANK,HDFC Bank Ltd,17.1,7.67,578281.57,63.58,0.79,0.1461,0.0174,8.4127,20.29,21.6
HDFCBANK,HDFC Bank Ltd,17.1,7.67,578281.57,63.58,0.79,0.1518,0.0177,8.5768,20.29,21.6
HDFCBANK,HDFC Bank Ltd,17.1,7.67,578281.57,63.58,0.79,0.1543,0.018,8.5835,20.29,21.6
HDFCBANK,HDFC Bank Ltd,17.1,7.67,578281.57,63.58,0.79,0.1548,0.0173,8.9638,20.29,21.6
HDFCBANK,HDFC Bank Ltd,17.1,7.67,578281.57,63.58,0.79,0.1594,0.0182,8.7426,20.29,21.6
HDFCBANK,HDFC Bank Ltd,17.1,7.67,578281.57,63.58,0.79,0.1669,0.0172,9.7212,20.29,21.6
HDFCBANK,HDFC Bank Ltd,17.1,7.67,578281.57,63.58,0.79,0.1694,0.0168,10.0657,20.29,21.6
HDFCBANK,HDFC Bank Ltd,17.1,7.67,578281.57,63.58,0.79,0.1695,0.0176,9.613,20.29,21.6
HDFCBANK,HDFC Bank Ltd,17.1,7.67,578281.57,63.58,0.79,0.1725,0.0168,10.258,20.29,21.6
HDFCBANK,HDFC Bank Ltd,17.1,7.67,578281.57,63.58,0.79,0.1884,0.0169,11.1269,20.29,21.6
HDFCBANK,HDFC Bank Ltd,17.1,7.67,578281.57,63.58,0.79,0.1985,0.0174,11.4026,20.29,21.6
HDFCBANK,HDFC Bank Ltd,17.1,7.67,759039.45,8.14,1.61,0.1434,0.0162,8.8305,20.29,21.6
HDFCBANK,HDFC Bank Ltd,17.1,7.67,759039.45,8.14,1.61,0.1461,0.0174,8.4127,20.29,21.6
HDFCBANK,HDFC Bank Ltd,17.1,7.67,759039.45,8.14,1.61,0.1518,0.0177,8.5768,20.29,21.6
HDFCBANK,HDFC Bank Ltd,17.1,7.67,759039.45,8.14,1.61,0.1543,0.018,8.5835,20.29,21.6
HDFCBANK,HDFC Bank Ltd,17.1,7.67,759039.45,8.14,1.61,0.1548,0.0173,8.9638,20.29,21.6
HDFCBANK,HDFC Bank Ltd,17.1,7.67,759039.45,8.14,1.61,0.1594,0.0182,8.7426,20.29,21.6
HDFCBANK,HDFC Bank Ltd,17.1,7.67,759039.45,8.14,1.61,0.1669,0.0172,9.7212,20.29,21.6
HDFCBANK,HDFC Bank Ltd,17.1,7.67,759039.45,8.14,1.61,0.1694,0.0168,10.0657,20.29,21.6
HDFCBANK,HDFC Bank Ltd,17.1,7.67,759039.45,8.14,1.61,0.1695,0.0176,9.613,20.29,21.6
HDFCBANK,HDFC Bank Ltd,17.1,7.67,759039.45,8.14,1.61,0.1725,0.0168,10.258,20.29,21.6
HDFCBANK,HDFC Bank Ltd,17.1,7.67,759039.45,8.14,1.61,0.1884,0.0169,11.1269,20.29,21.6
HDFCBANK,HDFC Bank Ltd,17.1,7.67,759039.45,8.14,1.61,0.1985,0.0174,11.4026,20.29,21.6
HDFCBANK,HDFC Bank Ltd,17.1,7.67,808359.03,49.42,4.4,0.1434,0.0162,8.8305,20.29,21.6
HDFCBANK,HDFC Bank Ltd,17.1,7.67,808359.03,49.42,4.4,0.1461,0.0174,8.4127,20.29,21.6
HDFCBANK,HDFC Bank Ltd,17.1,7.67,808359.03,49.42,4.4,0.1518,0.0177,8.5768,20.29,21.6
HDFCBANK,HDFC Bank Ltd,17.1,7.67,808359.03,49.42,4.4,0.1543,0.018,8.5835,20.29,21.6
HDFCBANK,HDFC Bank Ltd,17.1,7.67,808359.03,49.42,4.4,0.1548,0.0173,8.9638,20.29,21.6
HDFCBANK,HDFC Bank Ltd,17.1,7.67,808359.03,49.42,4.4,0.1594,0.0182,8.7426,20.29,21.6
HDFCBANK,HDFC Bank Ltd,17.1,7.67,808359.03,49.42,4.4,0.1669,0.0172,9.7212,20.29,21.6
HDFCBANK,HDFC Bank Ltd,17.1,7.67,808359.03,49.42,4.4,0.1694,0.0168,10.0657,20.29,21.6
HDFCBANK,HDFC Bank Ltd,17.1,7.67,808359.03,49.42,4.4,0.1695,0.0176,9.613,20.29,21.6
HDFCBANK,HDFC Bank Ltd,17.1,7.67,808359.03,49.42,4.4,0.1725,0.0168,10.258,20.29,21.6
HDFCBANK,HDFC Bank Ltd,17.1,7.67,808359.03,49.42,4.4,0.1884,0.0169,11.1269,20.29,21.6
HDFCBANK,HDFC Bank Ltd,17.1,7.67,808359.03,49.42,4.4,0.1985,0.0174,11.4026,20.29,21.6
HDFCBANK,HDFC Bank Ltd,17.1,7.67,865594.78,33.49,4.99,0.1434,0.0162,8.8305,20.29,21.6
HDFCBANK,HDFC Bank Ltd,17.1,7.67,865594.78,33.49,4.99,0.1461,0.0174,8.4127,20.29,21.6
HDFCBANK,HDFC Bank Ltd,17.1,7.67,865594.78,33.49,4.99,0.1518,0.0177,8.5768,20.29,21.6
HDFCBANK,HDFC Bank Ltd,17.1,7.67,865594.78,33.49,4.99,0.1543,0.018,8.5835,20.29,21.6
HDFCBANK,HDFC Bank Ltd,17.1,7.67,865594.78,33.49,4.99,0.1548,0.0173,8.9638,20.29,21.6
HDFCBANK,HDFC Bank Ltd,17.1,7.67,865594.78,33.49,4.99,0.1594,0.0182,8.7426,20.29,21.6
HDFCBANK,HDFC Bank Ltd,17.1,7.67,865594.78,33.49,4.99,0.1669,0.0172,9.7212,20.29,21.6
HDFCBANK,HDFC Bank Ltd,17.1,7.67,865594.78,33.49,4.99,0.1694,0.0168,10.0657,20.29,21.6
HDFCBANK,HDFC Bank Ltd,17.1,7.67,865594.78,33.49,4.99,0.1695,0.0176,9.613,20.29,21.6
HDFCBANK,HDFC Bank Ltd,17.1,7.67,865594.78,33.49,4.99,0.1725,0.0168,10.258,20.29,21.6
HDFCBANK,HDFC Bank Ltd,17.1,7.67,865594.78,33.49,4.99,0.1884,0.0169,11.1269,20.29,21.6
HDFCBANK,HDFC Bank Ltd,17.1,7.67,865594.78,33.49,4.99,0.1985,0.0174,11.4026,20.29,21.6
HDFCLIFE,HDFC Life Insurance Company Ltd,11.4,6.61,33360.23,61.1,11.85,0.085,0.0058,14.7774,17.84,12.03
HDFCLIFE,HDFC Life Insurance Company Ltd,11.4,6.61,33360.23,61.1,11.85,0.1053,0.0055,19.0925,17.84,12.03
HDFCLIFE,HDFC Life Insurance Company Ltd,11.4,6.61,33360.23,61.1,11.85,0.1073,0.0052,20.6387,17.84,12.03
HDFCLIFE,HDFC Life Insurance Company Ltd,11.4,6.61,33360.23,61.1,11.85,0.1575,0.0076,20.7934,17.84,12.03
HDFCLIFE,HDFC Life Insurance Company Ltd,11.4,6.61,33360.23,61.1,11.85,0.1905,0.0098,19.4247,17.84,12.03
HDFCLIFE,HDFC Life Insurance Company Ltd,11.4,6.61,33360.23,61.1,11.85,0.2265,0.0098,23.045,17.84,12.03
HDFCLIFE,HDFC Life Insurance Company Ltd,11.4,6.61,33360.23,61.1,11.85,0.2318,0.0093,24.8555,17.84,12.03
HDFCLIFE,HDFC Life Insurance Company Ltd,11.4,6.61,33360.23,61.1,11.85,0.2353,0.01,23.482,17.84,12.03
HDFCLIFE,HDFC Life Insurance Company Ltd,11.4,6.61,33360.23,61.1,11.85,0.2633,0.0107,24.6677,17.84,12.03
HDFCLIFE,HDFC Life Insurance Company Ltd,11.4,6.61,33360.23,61.1,11.85,0.3093,0.0113,27.2763,17.84,12.03
HDFCLIFE,HDFC Life Insurance Company Ltd,11.4,6.61,33360.23,61.1,11.85,0.3343,0.0107,31.3523,17.84,12.03
HDFCLIFE,HDFC Life Insurance Company Ltd,11.4,6.61,33360.23,61.1,11.85,0.376,0.0139,27.1136,17.84,12.03
HDFCLIFE,HDFC Life Insurance Company Ltd,11.4,6.61,33844.59,53.97,3.58,0.085,0.0058,14.7774,17.84,12.03
HDFCLIFE,HDFC Life Insurance Company Ltd,11.4,6.61,33844.59,53.97,3.58,0.1053,0.0055,19.0925,17.84,12.03
HDFCLIFE,HDFC Life Insurance Company Ltd,11.4,6.61,33844.59,53.97,3.58,0.1073,0.0052,20.6387,17.84,12.03
HDFCLIFE,HDFC Life Insurance Company Ltd,11.4,6.61,33844.59,53.97,3.58,0.1575,0.0076,20.7934,17.84,12.03
HDFCLIFE,HDFC Life Insurance Company Ltd,11.4,6.61,33844.59,53.97,3.58,0.1905,0.0098,19.4247,17.84,12.03
HDFCLIFE,HDFC Life Insurance Company Ltd,11.4,6.61,33844.59,53.97,3.58,0.2265,0.0098,23.045,17.84,12.03
HDFCLIFE,HDFC Life Insurance Company Ltd,11.4,6.61,33844.59,53.97,3.58,0.2318,0.0093,24.8555,17.84,12.03
HDFCLIFE,HDFC Life Insurance Company Ltd,11.4,6.61,33844.59,53.97,3.58,0.2353,0.01,23.482,17.84,12.03
HDFCLIFE,HDFC Life Insurance Company Ltd,11.4,6.61,33844.59,53.97,3.58,0.2633,0.0107,24.6677,17.84,12.03
HDFCLIFE,HDFC Life Insurance Company Ltd,11.4,6.61,33844.59,53.97,3.58,0.3093,0.0113,27.2763,17.84,12.03
HDFCLIFE,HDFC Life Insurance Company Ltd,11.4,6.61,33844.59,53.97,3.58,0.3343,0.0107,31.3523,17.84,12.03
HDFCLIFE,HDFC Life Insurance Company Ltd,11.4,6.61,33844.59,53.97,3.58,0.376,0.0139,27.1136,17.84,12.03
HDFCLIFE,HDFC Life Insurance Company Ltd,11.4,6.61,35346.36,39.9,12.2,0.085,0.0058,14.7774,17.84,12.03
HDFCLIFE,HDFC Life Insurance Company Ltd,11.4,6.61,35346.36,39.9,12.2,0.1053,0.0055,19.0925,17.84,12.03
HDFCLIFE,HDFC Life Insurance Company Ltd,11.4,6.61,35346.36,39.9,12.2,0.1073,0.0052,20.6387,17.84,12.03
HDFCLIFE,HDFC Life Insurance Company Ltd,11.4,6.61,35346.36,39.9,12.2,0.1575,0.0076,20.7934,17.84,12.03
HDFCLIFE,HDFC Life Insurance Company Ltd,11.4,6.61,35346.36,39.9,12.2,0.1905,0.0098,19.4247,17.84,12.03
HDFCLIFE,HDFC Life Insurance Company Ltd,11.4,6.61,35346.36,39.9,12.2,0.2265,0.0098,23.045,17.84,12.03
HDFCLIFE,HDFC Life Insurance Company Ltd,11.4,6.61,35346.36,39.9,12.2,0.2318,0.0093,24.8555,17.84,12.03
HDFCLIFE,HDFC Life Insurance Company Ltd,11.4,6.61,35346.36,39.9,12.2,0.2353,0.01,23.482,17.84,12.03
HDFCLIFE,HDFC Life Insurance Company Ltd,11.4,6.61,35346.36,39.9,12.2,0.2633,0.0107,24.6677,17.84,12.03
HDFCLIFE,HDFC Life Insurance Company Ltd,11.4,6.61,35346.36,39.9,12.2,0.3093,0.0113,27.2763,17.84,12.03
HDFCLIFE,HDFC Life Insurance Company Ltd,11.4,6.61,35346.36,39.9,12.2,0.3343,0.0107,31.3523,17.84,12.03
HDFCLIFE,HDFC Life Insurance Company Ltd,11.4,6.61,35346.36,39.9,12.2,0.376,0.0139,27.1136,17.84,12.03
HDFCLIFE,HDFC Life Insurance Company Ltd,11.4,6.61,39084.76,41.01,14.89,0.085,0.0058,14.7774,17.84,12.03
HDFCLIFE,HDFC Life Insurance Company Ltd,11.4,6.61,39084.76,41.01,14.89,0.1053,0.0055,19.0925,17.84,12.03
HDFCLIFE,HDFC Life Insurance Company Ltd,11.4,6.61,39084.76,41.01,14.89,0.1073,0.0052,20.6387,17.84,12.03
HDFCLIFE,HDFC Life Insurance Company Ltd,11.4,6.61,39084.76,41.01,14.89,0.1575,0.0076,20.7934,17.84,12.03
HDFCLIFE,HDFC Life Insurance Company Ltd,11.4,6.61,39084.76,41.01,14.89,0.1905,0.0098,19.4247,17.84,12.03
HDFCLIFE,HDFC Life Insurance Company Ltd,11.4,6.61,39084.76,41.01,14.89,0.2265,0.0098,23.045,17.84,12.03
HDFCLIFE,HDFC Life Insurance Company Ltd,11.4,6.61,39084.76,41.01,14.89,0.2318,0.0093,24.8555,17.84,12.03
HDFCLIFE,HDFC Life Insurance Company Ltd,11.4,6.61,39084.76,41.01,14.89,0.2353,0.01,23.482,17.84,12.03
HDFCLIFE,HDFC Life Insurance Company Ltd,11.4,6.61,39084.76,41.01,14.89,0.2633,0.0107,24.6677,17.84,12.03
HDFCLIFE,HDFC Life Insurance Company Ltd,11.4,6.61,39084.76,41.01,14.89,0.3093,0.0113,27.2763,17.84,12.03
HDFCLIFE,HDFC Life Insurance Company Ltd,11.4,6.61,39084.76,41.01,14.89,0.3343,0.0107,31.3523,17.84,12.03
HDFCLIFE,HDFC Life Insurance Company Ltd,11.4,6.61,39084.76,41.01,14.89,0.376,0.0139,27.1136,17.84,12.03
HDFCLIFE,HDFC Life Insurance Company Ltd,11.4,6.61,43616.06,67.68,5.98,0.085,0.0058,14.7774,17.84,12.03
HDFCLIFE,HDFC Life Insurance Company Ltd,11.4,6.61,43616.06,67.68,5.98,0.1053,0.0055,19.0925,17.84,12.03
HDFCLIFE,HDFC Life Insurance Company Ltd,11.4,6.61,43616.06,67.68,5.98,0.1073,0.0052,20.6387,17.84,12.03
HDFCLIFE,HDFC Life Insurance Company Ltd,11.4,6.61,43616.06,67.68,5.98,0.1575,0.0076,20.7934,17.84,12.03
HDFCLIFE,HDFC Life Insurance Company Ltd,11.4,6.61,43616.06,67.68,5.98,0.1905,0.0098,19.4247,17.84,12.03
HDFCLIFE,HDFC Life Insurance Company Ltd,11.4,6.61,43616.06,67.68,5.98,0.2265,0.0098,23.045,17.84,12.03
HDFCLIFE,HDFC Life Insurance Company Ltd,11.4,6.61,43616.06,67.68,5.98,0.2318,0.0093,24.8555,17.84,12.03
HDFCLIFE,HDFC Life Insurance Company Ltd,11.4,6.61,43616.06,67.68,5.98,0.2353,0.01,23.482,17.84,12.03
HDFCLIFE,HDFC Life Insurance Company Ltd,11.4,6.61,43616.06,67.68,5.98,0.2633,0.0107,24.6677,17.84,12.03
HDFCLIFE,HDFC Life Insurance Company Ltd,11.4,6.61,43616.06,67.68,5.98,0.3093,0.0113,27.2763,17.84,12.03
HDFCLIFE,HDFC Life Insurance Company Ltd,11.4,6.61,43616.06,67.68,5.98,0.3343,0.0107,31.3523,17.84,12.03
HDFCLIFE,HDFC Life Insurance Company Ltd,11.4,6.61,43616.06,67.68,5.98,0.376,0.0139,27.1136,17.84,12.03
HDFCLIFE,HDFC Life Insurance Company Ltd,11.4,6.61,47027.6,50.59,11.28,0.085,0.0058,14.7774,17.84,12.03
HDFCLIFE,HDFC Life Insurance Company Ltd,11.4,6.61,47027.6,50.59,11.28,0.1053,0.0055,19.0925,17.84,12.03
HDFCLIFE,HDFC Life Insurance Company Ltd,11.4,6.61,47027.6,50.59,11.28,0.1073,0.0052,20.6387,17.84,12.03
HDFCLIFE,HDFC Life Insurance Company Ltd,11.4,6.61,47027.6,50.59,11.28,0.1575,0.0076,20.7934,17.84,12.03
HDFCLIFE,HDFC Life Insurance Company Ltd,11.4,6.61,47027.6,50.59,11.28,0.1905,0.0098,19.4247,17.84,12.03
HDFCLIFE,HDFC Life Insurance Company Ltd,11.4,6.61,47027.6,50.59,11.28,0.2265,0.0098,23.045,17.84,12.03
HDFCLIFE,HDFC Life Insurance Company Ltd,11.4,6.61,47027.6,50.59,11.28,0.2318,0.0093,24.8555,17.84,12.03
HDFCLIFE,HDFC Life Insurance Company Ltd,11.4,6.61,47027.6,50.59,11.28,0.2353,0.01,23.482,17.84,12.03
HDFCLIFE,HDFC Life Insurance Company Ltd,11.4,6.61,47027.6,50.59,11.28,0.2633,0.0107,24.6677,17.84,12.03
HDFCLIFE,HDFC Life Insurance Company Ltd,11.4,6.61,47027.6,50.59,11.28,0.3093,0.0113,27.2763,17.84,12.03
HDFCLIFE,HDFC Life Insurance Company Ltd,11.4,6.61,47027.6,50.59,11.28,0.3343,0.0107,31.3523,17.84,12.03
HDFCLIFE,HDFC Life Insurance Company Ltd,11.4,6.61,47027.6,50.59,11.28,0.376,0.0139,27.1136,17.84,12.03
HEROMOTOCO,"Hero MotoCorp Ltd
",22.0,29.1,959580.91,64.37,1.86,0.147,0.1036,1.4184,4.28,6.34
HEROMOTOCO,"Hero MotoCorp Ltd
",22.0,29.1,959580.91,64.37,1.86,0.1681,0.1171,1.4359,4.28,6.34
HEROMOTOCO,"Hero MotoCorp Ltd
",22.0,29.1,959580.91,64.37,1.86,0.1905,0.1271,1.4982,4.28,6.34
HEROMOTOCO,"Hero MotoCorp Ltd
",22.0,29.1,959580.91,64.37,1.86,0.2114,0.1431,1.4777,4.28,6.34
HEROMOTOCO,"Hero MotoCorp Ltd
",22.0,29.1,959580.91,64.37,1.86,0.254,0.186,1.3657,4.28,6.34
HEROMOTOCO,"Hero MotoCorp Ltd
",22.0,29.1,959580.91,64.37,1.86,0.2642,0.1873,1.4104,4.28,6.34
HEROMOTOCO,"Hero MotoCorp Ltd
",22.0,29.1,959580.91,64.37,1.86,0.3109,0.2139,1.4531,4.28,6.34
HEROMOTOCO,"Hero MotoCorp Ltd
",22.0,29.1,959580.91,64.37,1.86,0.3437,0.2316,1.4843,4.28,6.34
HEROMOTOCO,"Hero MotoCorp Ltd
",22.0,29.1,959580.91,64.37,1.86,0.3523,0.2413,1.4598,4.28,6.34
HEROMOTOCO,"Hero MotoCorp Ltd
",22.0,29.1,959580.91,64.37,1.86,0.3615,0.2219,1.6291,4.28,6.34
HEROMOTOCO,"Hero MotoCorp Ltd
",22.0,29.1,959580.91,64.37,1.86,0.3738,0.2077,1.8001,4.28,6.34
HEROMOTOCO,"Hero MotoCorp Ltd
",22.0,29.1,1157395.82,75.71,11.62,0.147,0.1036,1.4184,4.28,6.34
HEROMOTOCO,"Hero MotoCorp Ltd
",22.0,29.1,1157395.82,75.71,11.62,0.1681,0.1171,1.4359,4.28,6.34
HEROMOTOCO,"Hero MotoCorp Ltd
",22.0,29.1,1157395.82,75.71,11.62,0.1905,0.1271,1.4982,4.28,6.34
HEROMOTOCO,"Hero MotoCorp Ltd
",22.0,29.1,1157395.82,75.71,11.62,0.2114,0.1431,1.4777,4.28,6.34
HEROMOTOCO,"Hero MotoCorp Ltd
",22.0,29.1,1157395.82,75.71,11.62,0.254,0.186,1.3657,4.28,6.34
HEROMOTOCO,"Hero MotoCorp Ltd
",22.0,29.1,1157395.82,75.71,11.62,0.2642,0.1873,1.4104,4.28,6.34
HEROMOTOCO,"Hero MotoCorp Ltd
",22.0,29.1,1157395.82,75.71,11.62,0.3109,0.2139,1.4531,4.28,6.34
HEROMOTOCO,"Hero MotoCorp Ltd
",22.0,29.1,1157395.82,75.71,11.62,0.3437,0.2316,1.4843,4.28,6.34
HEROMOTOCO,"Hero MotoCorp Ltd
",22.0,29.1,1157395.82,75.71,11.62,0.3523,0.2413,1.4598,4.28,6.34
HEROMOTOCO,"Hero MotoCorp Ltd
",22.0,29.1,1157395.82,75.71,11.62,0.3615,0.2219,1.6291,4.28,6.34
HEROMOTOCO,"Hero MotoCorp Ltd
",22.0,29.1,1157395.82,75.71,11.62,0.3738,0.2077,1.8001,4.28,6.34
HEROMOTOCO,"Hero MotoCorp Ltd
",22.0,29.1,1220486.89,66.93,12.26,0.147,0.1036,1.4184,4.28,6.34
HEROMOTOCO,"Hero MotoCorp Ltd
",22.0,29.1,1220486.89,66.93,12.26,0.1681,0.1171,1.4359,4.28,6.34
HEROMOTOCO,"Hero MotoCorp Ltd
",22.0,29.1,1220486.89,66.93,12.26,0.1905,0.1271,1.4982,4.28,6.34
HEROMOTOCO,"Hero MotoCorp Ltd
",22.0,29.1,1220486.89,66.93,12.26,0.2114,0.1431,1.4777,4.28,6.34
HEROMOTOCO,"Hero MotoCorp Ltd
",22.0,29.1,1220486.89,66.93,12.26,0.254,0.186,1.3657,4.28,6.34
HEROMOTOCO,"Hero MotoCorp Ltd
",22.0,29.1,1220486.89,66.93,12.26,0.2642,0.1873,1.4104,4.28,6.34
HEROMOTOCO,"Hero MotoCorp Ltd
",22.0,29.1,1220486.89,66.93,12.26,0.3109,0.2139,1.4531,4.28,6.34
HEROMOTOCO,"Hero MotoCorp Ltd
",22.0,29.1,1220486.89,66.93,12.26,0.3437,0.2316,1.4843,4.28,6.34
HEROMOTOCO,"Hero MotoCorp Ltd
",22.0,29.1,1220486.89,66.93,12.26,0.3523,0.2413,1.4598,4.28,6.34
HEROMOTOCO,"Hero MotoCorp Ltd
",22.0,29.1,1220486.89,66.93,12.26,0.3615,0.2219,1.6291,4.28,6.34
HEROMOTOCO,"Hero MotoCorp Ltd
",22.0,29.1,1220486.89,66.93,12.26,0.3738,0.2077,1.8001,4.28,6.34
HEROMOTOCO,"Hero MotoCorp Ltd
",22.0,29.1,1262310.05,56.18,12.27,0.147,0.1036,1.4184,4.28,6.34
HEROMOTOCO,"Hero MotoCorp Ltd
",22.0,29.1,1262310.05,56.18,12.27,0.1681,0.1171,1.4359,4.28,6.34
HEROMOTOCO,"Hero MotoCorp Ltd
",22.0,29.1,1262310.05,56.18,12.27,0.1905,0.1271,1.4982,4.28,6.34
HEROMOTOCO,"Hero MotoCorp Ltd
",22.0,29.1,1262310.05,56.18,12.27,0.2114,0.1431,1.4777,4.28,6.34
HEROMOTOCO,"Hero MotoCorp Ltd
",22.0,29.1,1262310.05,56.18,12.27,0.254,0.186,1.3657,4.28,6.34
HEROMOTOCO,"Hero MotoCorp Ltd
",22.0,29.1,1262310.05,56.18,12.27,0.2642,0.1873,1.4104,4.28,6.34
HEROMOTOCO,"Hero MotoCorp Ltd
",22.0,29.1,1262310.05,56.18,12.27,0.3109,0.2139,1.4531,4.28,6.34
HEROMOTOCO,"Hero MotoCorp Ltd
",22.0,29.1,1262310.05,56.18,12.27,0.3437,0.2316,1.4843,4.28,6.34
HEROMOTOCO,"Hero MotoCorp Ltd
",22.0,29.1,1262310.05,56.18,12.27,0.3523,0.2413,1.4598,4.28,6.34
HEROMOTOCO,"Hero MotoCorp Ltd
",22.0,29.1,1262310.05,56.18,12.27,0.3615,0.2219,1.6291,4.28,6.34
HEROMOTOCO,"Hero MotoCorp Ltd
",22.0,29.1,1262310.05,56.18,12.27,0.3738,0.2077,1.8001,4.28,6.34
HEROMOTOCO,"Hero MotoCorp Ltd
",22.0,29.1,1542037.68,11.61,7.5,0.147,0.1036,1.4184,4.28,6.34
HEROMOTOCO,"Hero MotoCorp Ltd
",22.0,29.1,1542037.68,11.61,7.5,0.1681,0.1171,1.4359,4.28,6.34
HEROMOTOCO,"Hero MotoCorp Ltd
",22.0,29.1,1542037.68,11.61,7.5,0.1905,0.1271,1.4982,4.28,6.34
HEROMOTOCO,"Hero MotoCorp Ltd
",22.0,29.1,1542037.68,11.61,7.5,0.2114,0.1431,1.4777,4.28,6.34
HEROMOTOCO,"Hero MotoCorp Ltd
",22.0,29.1,1542037.68,11.61,7.5,0.254,0.186,1.3657,4.28,6.34
HEROMOTOCO,"Hero MotoCorp Ltd
",22.0,29.1,1542037.68,11.61,7.5,0.2642,0.1873,1.4104,4.28,6.34
HEROMOTOCO,"Hero MotoCorp Ltd
",22.0,29.1,1542037.68,11.61,7.5,0.3109,0.2139,1.4531,4.28,6.34
HEROMOTOCO,"Hero MotoCorp Ltd
",22.0,29.1,1542037.68,11.61,7.5,0.3437,0.2316,1.4843,4.28,6.34
HEROMOTOCO,"Hero MotoCorp Ltd
",22.0,29.1,1542037.68,11.61,7.5,0.3523,0.2413,1.4598,4.28,6.34
HEROMOTOCO,"Hero MotoCorp Ltd
",22.0,29.1,1542037.68,11.61,7.5,0.3615,0.2219,1.6291,4.28,6.34
HEROMOTOCO,"Hero MotoCorp Ltd
",22.0,29.1,1542037.68,11.61,7.5,0.3738,0.2077,1.8001,4.28,6.34
HEROMOTOCO,"Hero MotoCorp Ltd
",22.0,29.1,1593400.88,53.86,12.6,0.147,0.1036,1.4184,4.28,6.34
HEROMOTOCO,"Hero MotoCorp Ltd
",22.0,29.1,1593400.88,53.86,12.6,0.1681,0.1171,1.4359,4.28,6.34
HEROMOTOCO,"Hero MotoCorp Ltd
",22.0,29.1,1593400.88,53.86,12.6,0.1905,0.1271,1.4982,4.28,6.34
HEROMOTOCO,"Hero MotoCorp Ltd
",22.0,29.1,1593400.88,53.86,12.6,0.2114,0.1431,1.4777,4.28,6.34
HEROMOTOCO,"Hero MotoCorp Ltd
",22.0,29.1,1593400.88,53.86,12.6,0.254,0.186,1.3657,4.28,6.34
HEROMOTOCO,"Hero MotoCorp Ltd
",22.0,29.1,1593400.88,53.86,12.6,0.2642,0.1873,1.4104,4.28,6.34
HEROMOTOCO,"Hero MotoCorp Ltd
",22.0,29.1,1593400.88,53.86,12.6,0.3109,0.2139,1.4531,4.28,6.34
HEROMOTOCO,"Hero MotoCorp Ltd
",22.0,29.1,1593400.88,53.86,12.6,0.3437,0.2316,1.4843,4.28,6.34
HEROMOTOCO,"Hero MotoCorp Ltd
",22.0,29.1,1593400.88,53.86,12.6,0.3523,0.2413,1.4598,4.28,6.34
HEROMOTOCO,"Hero MotoCorp Ltd
",22.0,29.1,1593400.88,53.86,12.6,0.3615,0.2219,1.6291,4.28,6.34
HEROMOTOCO,"Hero MotoCorp Ltd
",22.0,29.1,1593400.88,53.86,12.6,0.3738,0.2077,1.8001,4.28,6.34
HINDALCO,Hindalco Industries Ltd,10.2,11.3,247258.14,24.15,12.33,-0.0173,-0.005,3.4757,8.94,12.6
HINDALCO,Hindalco Industries Ltd,10.2,11.3,247258.14,24.15,12.33,0.0068,0.0018,3.6981,8.94,12.6
HINDALCO,Hindalco Industries Ltd,10.2,11.3,247258.14,24.15,12.33,0.0409,0.0129,3.173,8.94,12.6
HINDALCO,Hindalco Industries Ltd,10.2,11.3,247258.14,24.15,12.33,0.0523,0.0184,2.838,8.94,12.6
HINDALCO,Hindalco Industries Ltd,10.2,11.3,247258.14,24.15,12.33,0.0541,0.0159,3.3982,8.94,12.6
HINDALCO,Hindalco Industries Ltd,10.2,11.3,247258.14,24.15,12.33,0.0646,0.0223,2.8914,8.94,12.6
HINDALCO,Hindalco Industries Ltd,10.2,11.3,247258.14,24.15,12.33,0.0851,0.0249,3.4132,8.94,12.6
HINDALCO,Hindalco Industries Ltd,10.2,11.3,247258.14,24.15,12.33,0.0956,0.0362,2.6429,8.94,12.6
HINDALCO,Hindalco Industries Ltd,10.2,11.3,247258.14,24.15,12.33,0.0957,0.044,2.1736,8.94,12.6
HINDALCO,Hindalco Industries Ltd,10.2,11.3,247258.14,24.15,12.33,0.1065,0.0452,2.3573,8.94,12.6
HINDALCO,Hindalco Industries Ltd,10.2,11.3,247258.14,24.15,12.33,0.1109,0.0414,2.6802,8.94,12.6
HINDALCO,Hindalco Industries Ltd,10.2,11.3,247258.14,24.15,12.33,0.1756,0.0619,2.8373,8.94,12.6
HINDALCO,Hindalco Industries Ltd,10.2,11.3,287414.16,9.47,3.28,-0.0173,-0.005,3.4757,8.94,12.6
HINDALCO,Hindalco Industries Ltd,10.2,11.3,287414.16,9.47,3.28,0.0068,0.0018,3.6981,8.94,12.6
HINDALCO,Hindalco Industries Ltd,10.2,11.3,287414.16,9.47,3.28,0.0409,0.0129,3.173,8.94,12.6
HINDALCO,Hindalco Industries Ltd,10.2,11.3,287414.16,9.47,3.28,0.0523,0.0184,2.838,8.94,12.6
HINDALCO,Hindalco Industries Ltd,10.2,11.3,287414.16,9.47,3.28,0.0541,0.0159,3.3982,8.94,12.6
HINDALCO,Hindalco Industries Ltd,10.2,11.3,287414.16,9.47,3.28,0.0646,0.0223,2.8914,8.94,12.6
HINDALCO,Hindalco Industries Ltd,10.2,11.3,287414.16,9.47,3.28,0.0851,0.0249,3.4132,8.94,12.6
HINDALCO,Hindalco Industries Ltd,10.2,11.3,287414.16,9.47,3.28,0.0956,0.0362,2.6429,8.94,12.6
HINDALCO,Hindalco Industries Ltd,10.2,11.3,287414.16,9.47,3.28,0.0957,0.044,2.1736,8.94,12.6
HINDALCO,Hindalco Industries Ltd,10.2,11.3,287414.16,9.47,3.28,0.1065,0.0452,2.3573,8.94,12.6
HINDALCO,Hindalco Industries Ltd,10.2,11.3,287414.16,9.47,3.28,0.1109,0.0414,2.6802,8.94,12.6
HINDALCO,Hindalco Industries Ltd,10.2,11.3,287414.16,9.47,3.28,0.1756,0.0619,2.8373,8.94,12.6
HINDALCO,Hindalco Industries Ltd,10.2,11.3,371315.5,45.59,7.92,-0.0173,-0.005,3.4757,8.94,12.6
HINDALCO,Hindalco Industries Ltd,10.2,11.3,371315.5,45.59,7.92,0.0068,0.0018,3.6981,8.94,12.6
HINDALCO,Hindalco Industries Ltd,10.2,11.3,371315.5,45.59,7.92,0.0409,0.0129,3.173,8.94,12.6
HINDALCO,Hindalco Industries Ltd,10.2,11.3,371315.5,45.59,7.92,0.0523,0.0184,2.838,8.94,12.6
HINDALCO,Hindalco Industries Ltd,10.2,11.3,371315.5,45.59,7.92,0.0541,0.0159,3.3982,8.94,12.6
HINDALCO,Hindalco Industries Ltd,10.2,11.3,371315.5,45.59,7.92,0.0646,0.0223,2.8914,8.94,12.6
HINDALCO,Hindalco Industries Ltd,10.2,11.3,371315.5,45.59,7.92,0.0851,0.0249,3.4132,8.94,12.6
HINDALCO,Hindalco Industries Ltd,10.2,11.3,371315.5,45.59,7.92,0.0956,0.0362,2.6429,8.94,12.6
HINDALCO,Hindalco Industries Ltd,10.2,11.3,371315.5,45.59,7.92,0.0957,0.044,2.1736,8.94,12.6
HINDALCO,Hindalco Industries Ltd,10.2,11.3,371315.5,45.59,7.92,0.1065,0.0452,2.3573,8.94,12.6
HINDALCO,Hindalco Industries Ltd,10.2,11.3,371315.5,45.59,7.92,0.1109,0.0414,2.6802,8.94,12.6
HINDALCO,Hindalco Industries Ltd,10.2,11.3,371315.5,45.59,7.92,0.1756,0.0619,2.8373,8.94,12.6
HINDALCO,Hindalco Industries Ltd,10.2,11.3,477796.57,58.41,9.72,-0.0173,-0.005,3.4757,8.94,12.6
HINDALCO,Hindalco Industries Ltd,10.2,11.3,477796.57,58.41,9.72,0.0068,0.0018,3.6981,8.94,12.6
HINDALCO,Hindalco Industries Ltd,10.2,11.3,477796.57,58.41,9.72,0.0409,0.0129,3.173,8.94,12.6
HINDALCO,Hindalco Industries Ltd,10.2,11.3,477796.57,58.41,9.72,0.0523,0.0184,2.838,8.94,12.6
HINDALCO,Hindalco Industries Ltd,10.2,11.3,477796.57,58.41,9.72,0.0541,0.0159,3.3982,8.94,12.6
HINDALCO,Hindalco Industries Ltd,10.2,11.3,477796.57,58.41,9.72,0.0646,0.0223,2.8914,8.94,12.6
HINDALCO,Hindalco Industries Ltd,10.2,11.3,477796.57,58.41,9.72,0.0851,0.0249,3.4132,8.94,12.6
HINDALCO,Hindalco Industries Ltd,10.2,11.3,477796.57,58.41,9.72,0.0956,0.0362,2.6429,8.94,12.6
HINDALCO,Hindalco Industries Ltd,10.2,11.3,477796.57,58.41,9.72,0.0957,0.044,2.1736,8.94,12.6
HINDALCO,Hindalco Industries Ltd,10.2,11.3,477796.57,58.41,9.72,0.1065,0.0452,2.3573,8.94,12.6
HINDALCO,Hindalco Industries Ltd,10.2,11.3,477796.57,58.41,9.72,0.1109,0.0414,2.6802,8.94,12.6
HINDALCO,Hindalco Industries Ltd,10.2,11.3,477796.57,58.41,9.72,0.1756,0.0619,2.8373,8.94,12.6
HINDALCO,Hindalco Industries Ltd,10.2,11.3,537689.01,71.42,2.69,-0.0173,-0.005,3.4757,8.94,12.6
HINDALCO,Hindalco Industries Ltd,10.2,11.3,537689.01,71.42,2.69,0.0068,0.0018,3.6981,8.94,12.6
HINDALCO,Hindalco Industries Ltd,10.2,11.3,537689.01,71.42,2.69,0.0409,0.0129,3.173,8.94,12.6
HINDALCO,Hindalco Industries Ltd,10.2,11.3,537689.01,71.42,2.69,0.0523,0.0184,2.838,8.94,12.6
HINDALCO,Hindalco Industries Ltd,10.2,11.3,537689.01,71.42,2.69,0.0541,0.0159,3.3982,8.94,12.6
HINDALCO,Hindalco Industries Ltd,10.2,11.3,537689.01,71.42,2.69,0.0646,0.0223,2.8914,8.94,12.6
HINDALCO,Hindalco Industries Ltd,10.2,11.3,537689.01,71.42,2.69,0.0851,0.0249,3.4132,8.94,12.6
HINDALCO,Hindalco Industries Ltd,10.2,11.3,537689.01,71.42,2.69,0.0956,0.0362,2.6429,8.94,12.6
HINDALCO,Hindalco Industries Ltd,10.2,11.3,537689.01,71.42,2.69,0.0957,0.044,2.1736,8.94,12.6
HINDALCO,Hindalco Industries Ltd,10.2,11.3,537689.01,71.42,2.69,0.1065,0.0452,2.3573,8.94,12.6
HINDALCO,Hindalco Industries Ltd,10.2,11.3,537689.01,71.42,2.69,0.1109,0.0414,2.6802,8.94,12.6
HINDALCO,Hindalco Industries Ltd,10.2,11.3,537689.01,71.42,2.69,0.1756,0.0619,2.8373,8.94,12.6
HINDALCO,Hindalco Industries Ltd,10.2,11.3,722281.1,56.45,9.32,-0.0173,-0.005,3.4757,8.94,12.6
HINDALCO,Hindalco Industries Ltd,10.2,11.3,722281.1,56.45,9.32,0.0068,0.0018,3.6981,8.94,12.6
HINDALCO,Hindalco Industries Ltd,10.2,11.3,722281.1,56.45,9.32,0.0409,0.0129,3.173,8.94,12.6
HINDALCO,Hindalco Industries Ltd,10.2,11.3,722281.1,56.45,9.32,0.0523,0.0184,2.838,8.94,12.6
HINDALCO,Hindalco Industries Ltd,10.2,11.3,722281.1,56.45,9.32,0.0541,0.0159,3.3982,8.94,12.6
HINDALCO,Hindalco Industries Ltd,10.2,11.3,722281.1,56.45,9.32,0.0646,0.0223,2.8914,8.94,12.6
HINDALCO,Hindalco Industries Ltd,10.2,11.3,722281.1,56.45,9.32,0.0851,0.0249,3.4132,8.94,12.6
HINDALCO,Hindalco Industries Ltd,10.2,11.3,722281.1,56.45,9.32,0.0956,0.0362,2.6429,8.94,12.6
HINDALCO,Hindalco Industries Ltd,10.2,11.3,722281.1,56.45,9.32,0.0957,0.044,2.1736,8.94,12.6
HINDALCO,Hindalco Industries Ltd,10.2,11.3,722281.1,56.45,9.32,0.1065,0.0452,2.3573,8.94,12.6
HINDALCO,Hindalco Industries Ltd,10.2,11.3,722281.1,56.45,9.32,0.1109,0.0414,2.6802,8.94,12.6
HINDALCO,Hindalco Industries Ltd,10.2,11.3,722281.1,56.45,9.32,0.1756,0.0619,2.8373,8.94,12.6
HINDUNILVR,"Hindustan Unilever Ltd
",20.2,27.2,333086.26,14.47,14.18,0.1678,0.1164,1.4419,7.27,8.97
HINDUNILVR,"Hindustan Unilever Ltd
",20.2,27.2,333086.26,14.47,14.18,0.1812,0.1261,1.4371,7.27,8.97
HINDUNILVR,"Hindustan Unilever Ltd
",20.2,27.2,333086.26,14.47,14.18,0.2007,0.131,1.5324,7.27,8.97
HINDUNILVR,"Hindustan Unilever Ltd
",20.2,27.2,333086.26,14.47,14.18,0.2016,0.1388,1.4527,7.27,8.97
HINDUNILVR,"Hindustan Unilever Ltd
",20.2,27.2,333086.26,14.47,14.18,0.6315,0.2806,2.2506,7.27,8.97
HINDUNILVR,"Hindustan Unilever Ltd
",20.2,27.2,333086.26,14.47,14.18,0.6658,0.2859,2.3289,7.27,8.97
HINDUNILVR,"Hindustan Unilever Ltd
",20.2,27.2,333086.26,14.47,14.18,0.7179,0.2926,2.4532,7.27,8.97
HINDUNILVR,"Hindustan Unilever Ltd
",20.2,27.2,333086.26,14.47,14.18,0.7703,0.3253,2.368,7.27,8.97
HINDUNILVR,"Hindustan Unilever Ltd
",20.2,27.2,333086.26,14.47,14.18,0.821,0.3352,2.449,7.27,8.97
HINDUNILVR,"Hindustan Unilever Ltd
",20.2,27.2,333086.26,14.47,14.18,1.0867,0.3033,3.5833,7.27,8.97
HINDUNILVR,"Hindustan Unilever Ltd
",20.2,27.2,333086.26,14.47,14.18,1.1185,0.2876,3.8886,7.27,8.97
HINDUNILVR,"Hindustan Unilever Ltd
",20.2,27.2,333086.26,14.47,14.18,1.34,0.3175,4.2206,7.27,8.97
HINDUNILVR,"Hindustan Unilever Ltd
",20.2,27.2,365239.67,22.92,6.47,0.1678,0.1164,1.4419,7.27,8.97
HINDUNILVR,"Hindustan Unilever Ltd
",20.2,27.2,365239.67,22.92,6.47,0.1812,0.1261,1.4371,7.27,8.97
HINDUNILVR,"Hindustan Unilever Ltd
",20.2,27.2,365239.67,22.92,6.47,0.2007,0.131,1.5324,7.27,8.97
HINDUNILVR,"Hindustan Unilever Ltd
",20.2,27.2,365239.67,22.92,6.47,0.2016,0.1388,1.4527,7.27,8.97
HINDUNILVR,"Hindustan Unilever Ltd
",20.2,27.2,365239.67,22.92,6.47,0.6315,0.2806,2.2506,7.27,8.97
HINDUNILVR,"Hindustan Unilever Ltd
",20.2,27.2,365239.67,22.92,6.47,0.6658,0.2859,2.3289,7.27,8.97
HINDUNILVR,"Hindustan Unilever Ltd
",20.2,27.2,365239.67,22.92,6.47,0.7179,0.2926,2.4532,7.27,8.97
HINDUNILVR,"Hindustan Unilever Ltd
",20.2,27.2,365239.67,22.92,6.47,0.7703,0.3253,2.368,7.27,8.97
HINDUNILVR,"Hindustan Unilever Ltd
",20.2,27.2,365239.67,22.92,6.47,0.821,0.3352,2.449,7.27,8.97
HINDUNILVR,"Hindustan Unilever Ltd
",20.2,27.2,365239.67,22.92,6.47,1.0867,0.3033,3.5833,7.27,8.97
HINDUNILVR,"Hindustan Unilever Ltd
",20.2,27.2,365239.67,22.92,6.47,1.1185,0.2876,3.8886,7.27,8.97
HINDUNILVR,"Hindustan Unilever Ltd
",20.2,27.2,365239.67,22.92,6.47,1.34,0.3175,4.2206,7.27,8.97
HINDUNILVR,"Hindustan Unilever Ltd
",20.2,27.2,366409.11,13.37,1.78,0.1678,0.1164,1.4419,7.27,8.97
HINDUNILVR,"Hindustan Unilever Ltd
",20.2,27.2,366409.11,13.37,1.78,0.1812,0.1261,1.4371,7.27,8.97
HINDUNILVR,"Hindustan Unilever Ltd
",20.2,27.2,366409.11,13.37,1.78,0.2007,0.131,1.5324,7.27,8.97
HINDUNILVR,"Hindustan Unilever Ltd
",20.2,27.2,366409.11,13.37,1.78,0.2016,0.1388,1.4527,7.27,8.97
HINDUNILVR,"Hindustan Unilever Ltd
",20.2,27.2,366409.11,13.37,1.78,0.6315,0.2806,2.2506,7.27,8.97
HINDUNILVR,"Hindustan Unilever Ltd
",20.2,27.2,366409.11,13.37,1.78,0.6658,0.2859,2.3289,7.27,8.97
HINDUNILVR,"Hindustan Unilever Ltd
",20.2,27.2,366409.11,13.37,1.78,0.7179,0.2926,2.4532,7.27,8.97
HINDUNILVR,"Hindustan Unilever Ltd
",20.2,27.2,366409.11,13.37,1.78,0.7703,0.3253,2.368,7.27,8.97
HINDUNILVR,"Hindustan Unilever Ltd
",20.2,27.2,366409.11,13.37,1.78,0.821,0.3352,2.449,7.27,8.97
HINDUNILVR,"Hindustan Unilever Ltd
",20.2,27.2,366409.11,13.37,1.78,1.0867,0.3033,3.5833,7.27,8.97
HINDUNILVR,"Hindustan Unilever Ltd
",20.2,27.2,366409.11,13.37,1.78,1.1185,0.2876,3.8886,7.27,8.97
HINDUNILVR,"Hindustan Unilever Ltd
",20.2,27.2,366409.11,13.37,1.78,1.34,0.3175,4.2206,7.27,8.97
HINDUNILVR,"Hindustan Unilever Ltd
",20.2,27.2,435060.89,20.69,4.16,0.1678,0.1164,1.4419,7.27,8.97
HINDUNILVR,"Hindustan Unilever Ltd
",20.2,27.2,435060.89,20.69,4.16,0.1812,0.1261,1.4371,7.27,8.97
HINDUNILVR,"Hindustan Unilever Ltd
",20.2,27.2,435060.89,20.69,4.16,0.2007,0.131,1.5324,7.27,8.97
HINDUNILVR,"Hindustan Unilever Ltd
",20.2,27.2,435060.89,20.69,4.16,0.2016,0.1388,1.4527,7.27,8.97
HINDUNILVR,"Hindustan Unilever Ltd
",20.2,27.2,435060.89,20.69,4.16,0.6315,0.2806,2.2506,7.27,8.97
HINDUNILVR,"Hindustan Unilever Ltd
",20.2,27.2,435060.89,20.69,4.16,0.6658,0.2859,2.3289,7.27,8.97
HINDUNILVR,"Hindustan Unilever Ltd
",20.2,27.2,435060.89,20.69,4.16,0.7179,0.2926,2.4532,7.27,8.97
HINDUNILVR,"Hindustan Unilever Ltd
",20.2,27.2,435060.89,20.69,4.16,0.7703,0.3253,2.368,7.27,8.97
HINDUNILVR,"Hindustan Unilever Ltd
",20.2,27.2,435060.89,20.69,4.16,0.821,0.3352,2.449,7.27,8.97
HINDUNILVR,"Hindustan Unilever Ltd
",20.2,27.2,435060.89,20.69,4.16,1.0867,0.3033,3.5833,7.27,8.97
HINDUNILVR,"Hindustan Unilever Ltd
",20.2,27.2,435060.89,20.69,4.16,1.1185,0.2876,3.8886,7.27,8.97
HINDUNILVR,"Hindustan Unilever Ltd
",20.2,27.2,435060.89,20.69,4.16,1.34,0.3175,4.2206,7.27,8.97
HINDUNILVR,"Hindustan Unilever Ltd
",20.2,27.2,495019.01,35.52,4.07,0.1678,0.1164,1.4419,7.27,8.97
HINDUNILVR,"Hindustan Unilever Ltd
",20.2,27.2,495019.01,35.52,4.07,0.1812,0.1261,1.4371,7.27,8.97
HINDUNILVR,"Hindustan Unilever Ltd
",20.2,27.2,495019.01,35.52,4.07,0.2007,0.131,1.5324,7.27,8.97
HINDUNILVR,"Hindustan Unilever Ltd
",20.2,27.2,495019.01,35.52,4.07,0.2016,0.1388,1.4527,7.27,8.97
HINDUNILVR,"Hindustan Unilever Ltd
",20.2,27.2,495019.01,35.52,4.07,0.6315,0.2806,2.2506,7.27,8.97
HINDUNILVR,"Hindustan Unilever Ltd
",20.2,27.2,495019.01,35.52,4.07,0.6658,0.2859,2.3289,7.27,8.97
HINDUNILVR,"Hindustan Unilever Ltd
",20.2,27.2,495019.01,35.52,4.07,0.7179,0.2926,2.4532,7.27,8.97
HINDUNILVR,"Hindustan Unilever Ltd
",20.2,27.2,495019.01,35.52,4.07,0.7703,0.3253,2.368,7.27,8.97
HINDUNILVR,"Hindustan Unilever Ltd
",20.2,27.2,495019.01,35.52,4.07,0.821,0.3352,2.449,7.27,8.97
HINDUNILVR,"Hindustan Unilever Ltd
",20.2,27.2,495019.01,35.52,4.07,1.0867,0.3033,3.5833,7.27,8.97
HINDUNILVR,"Hindustan Unilever Ltd
",20.2,27.2,495019.01,35.52,4.07,1.1185,0.2876,3.8886,7.27,8.97
HINDUNILVR,"Hindustan Unilever Ltd
",20.2,27.2,495019.01,35.52,4.07,1.34,0.3175,4.2206,7.27,8.97
HINDUNILVR,"Hindustan Unilever Ltd
",20.2,27.2,548890.59,34.51,11.88,0.1678,0.1164,1.4419,7.27,8.97
HINDUNILVR,"Hindustan Unilever Ltd
",20.2,27.2,548890.59,34.51,11.88,0.1812,0.1261,1.4371,7.27,8.97
HINDUNILVR,"Hindustan Unilever Ltd
",20.2,27.2,548890.59,34.51,11.88,0.2007,0.131,1.5324,7.27,8.97
HINDUNILVR,"Hindustan Unilever Ltd
",20.2,27.2,548890.59,34.51,11.88,0.2016,0.1388,1.4527,7.27,8.97
HINDUNILVR,"Hindustan Unilever Ltd
",20.2,27.2,548890.59,34.51,11.88,0.6315,0.2806,2.2506,7.27,8.97
HINDUNILVR,"Hindustan Unilever Ltd
",20.2,27.2,548890.59,34.51,11.88,0.6658,0.2859,2.3289,7.27,8.97
HINDUNILVR,"Hindustan Unilever Ltd
",20.2,27.2,548890.59,34.51,11.88,0.7179,0.2926,2.4532,7.27,8.97
HINDUNILVR,"Hindustan Unilever Ltd
",20.2,27.2,548890.59,34.51,11.88,0.7703,0.3253,2.368,7.27,8.97
HINDUNILVR,"Hindustan Unilever Ltd
",20.2,27.2,548890.59,34.51,11.88,0.821,0.3352,2.449,7.27,8.97
HINDUNILVR,"Hindustan Unilever Ltd
",20.2,27.2,548890.59,34.51,11.88,1.0867,0.3033,3.5833,7.27,8.97
HINDUNILVR,"Hindustan Unilever Ltd
",20.2,27.2,548890.59,34.51,11.88,1.1185,0.2876,3.8886,7.27,8.97
HINDUNILVR,"Hindustan Unilever Ltd
",20.2,27.2,548890.59,34.51,11.88,1.34,0.3175,4.2206,7.27,8.97
ICICIBANK,ICICI Bank Ltd,18.8,7.6,634101.51,75.38,9.81,0.0498,0.0046,10.8426,12.3,14.68
ICICIBANK,ICICI Bank Ltd,18.8,7.6,634101.51,75.38,9.81,0.0823,0.0081,10.1625,12.3,14.68
ICICIBANK,ICICI Bank Ltd,18.8,7.6,634101.51,75.38,9.81,0.0913,0.0082,11.2011,12.3,14.68
ICICIBANK,ICICI Bank Ltd,18.8,7.6,634101.51,75.38,9.81,0.1084,0.0115,9.4209,12.3,14.68
ICICIBANK,ICICI Bank Ltd,18.8,7.6,634101.51,75.38,9.81,0.1161,0.0119,9.7625,12.3,14.68
ICICIBANK,ICICI Bank Ltd,18.8,7.6,634101.51,75.38,9.81,0.1292,0.0129,9.9869,12.3,14.68
ICICIBANK,ICICI Bank Ltd,18.8,7.6,634101.51,75.38,9.81,0.1458,0.0151,9.6271,12.3,14.68
ICICIBANK,ICICI Bank Ltd,18.8,7.6,634101.51,75.38,9.81,0.1473,0.015,9.8137,12.3,14.68
ICICIBANK,ICICI Bank Ltd,18.8,7.6,634101.51,75.38,9.81,0.1528,0.0156,9.7836,12.3,14.68
ICICIBANK,ICICI Bank Ltd,18.8,7.6,634101.51,75.38,9.81,0.1528,0.0157,9.7524,12.3,14.68
ICICIBANK,ICICI Bank Ltd,18.8,7.6,634101.51,75.38,9.81,0.1653,0.0181,9.1306,12.3,14.68
ICICIBANK,ICICI Bank Ltd,18.8,7.6,634101.51,75.38,9.81,0.1799,0.0195,9.2294,12.3,14.68
ICICIBANK,ICICI Bank Ltd,18.8,7.6,645375.01,19.43,8.09,0.0498,0.0046,10.8426,12.3,14.68
ICICIBANK,ICICI Bank Ltd,18.8,7.6,645375.01,19.43,8.09,0.0823,0.0081,10.1625,12.3,14.68
ICICIBANK,ICICI Bank Ltd,18.8,7.6,645375.01,19.43,8.09,0.0913,0.0082,11.2011,12.3,14.68
ICICIBANK,ICICI Bank Ltd,18.8,7.6,645375.01,19.43,8.09,0.1084,0.0115,9.4209,12.3,14.68
ICICIBANK,ICICI Bank Ltd,18.8,7.6,645375.01,19.43,8.09,0.1161,0.0119,9.7625,12.3,14.68
ICICIBANK,ICICI Bank Ltd,18.8,7.6,645375.01,19.43,8.09,0.1292,0.0129,9.9869,12.3,14.68
ICICIBANK,ICICI Bank Ltd,18.8,7.6,645375.01,19.43,8.09,0.1458,0.0151,9.6271,12.3,14.68
ICICIBANK,ICICI Bank Ltd,18.8,7.6,645375.01,19.43,8.09,0.1473,0.015,9.8137,12.3,14.68
ICICIBANK,ICICI Bank Ltd,18.8,7.6,645375.01,19.43,8.09,0.1528,0.0156,9.7836,12.3,14.68
ICICIBANK,ICICI Bank Ltd,18.8,7.6,645375.01,19.43,8.09,0.1528,0.0157,9.7524,12.3,14.68
ICICIBANK,ICICI Bank Ltd,18.8,7.6,645375.01,19.43,8.09,0.1653,0.0181,9.1306,12.3,14.68
ICICIBANK,ICICI Bank Ltd,18.8,7.6,645375.01,19.43,8.09,0.1799,0.0195,9.2294,12.3,14.68
ICICIBANK,ICICI Bank Ltd,18.8,7.6,851486.14,12.77,9.84,0.0498,0.0046,10.8426,12.3,14.68
ICICIBANK,ICICI Bank Ltd,18.8,7.6,851486.14,12.77,9.84,0.0823,0.0081,10.1625,12.3,14.68
ICICIBANK,ICICI Bank Ltd,18.8,7.6,851486.14,12.77,9.84,0.0913,0.0082,11.2011,12.3,14.68
ICICIBANK,ICICI Bank Ltd,18.8,7.6,851486.14,12.77,9.84,0.1084,0.0115,9.4209,12.3,14.68
ICICIBANK,ICICI Bank Ltd,18.8,7.6,851486.14,12.77,9.84,0.1161,0.0119,9.7625,12.3,14.68
ICICIBANK,ICICI Bank Ltd,18.8,7.6,851486.14,12.77,9.84,0.1292,0.0129,9.9869,12.3,14.68
ICICIBANK,ICICI Bank Ltd,18.8,7.6,851486.14,12.77,9.84,0.1458,0.0151,9.6271,12.3,14.68
ICICIBANK,ICICI Bank Ltd,18.8,7.6,851486.14,12.77,9.84,0.1473,0.015,9.8137,12.3,14.68
ICICIBANK,ICICI Bank Ltd,18.8,7.6,851486.14,12.77,9.84,0.1528,0.0156,9.7836,12.3,14.68
ICICIBANK,ICICI Bank Ltd,18.8,7.6,851486.14,12.77,9.84,0.1528,0.0157,9.7524,12.3,14.68
ICICIBANK,ICICI Bank Ltd,18.8,7.6,851486.14,12.77,9.84,0.1653,0.0181,9.1306,12.3,14.68
ICICIBANK,ICICI Bank Ltd,18.8,7.6,851486.14,12.77,9.84,0.1799,0.0195,9.2294,12.3,14.68
ICICIBANK,ICICI Bank Ltd,18.8,7.6,1050380.96,78.39,13.83,0.0498,0.0046,10.8426,12.3,14.68
ICICIBANK,ICICI Bank Ltd,18.8,7.6,1050380.96,78.39,13.83,0.0823,0.0081,10.1625,12.3,14.68
ICICIBANK,ICICI Bank Ltd,18.8,7.6,1050380.96,78.39,13.83,0.0913,0.0082,11.2011,12.3,14.68
ICICIBANK,ICICI Bank Ltd,18.8,7.6,1050380.96,78.39,13.83,0.1084,0.0115,9.4209,12.3,14.68
ICICIBANK,ICICI Bank Ltd,18.8,7.6,1050380.96,78.39,13.83,0.1161,0.0119,9.7625,12.3,14.68
ICICIBANK,ICICI Bank Ltd,18.8,7.6,1050380.96,78.39,13.83,0.1292,0.0129,9.9869,12.3,14.68
ICICIBANK,ICICI Bank Ltd,18.8,7.6,1050380.96,78.39,13.83,0.1458,0.0151,9.6271,12.3,14.68
ICICIBANK,ICICI Bank Ltd,18.8,7.6,1050380.96,78.39,13.83,0.1473,0.015,9.8137,12.3,14.68
ICICIBANK,ICICI Bank Ltd,18.8,7.6,1050380.96,78.39,13.83,0.1528,0.0156,9.7836,12.3,14.68
ICICIBANK,ICICI Bank Ltd,18.8,7.6,1050380.96,78.39,13.83,0.1528,0.0157,9.7524,12.3,14.68
ICICIBANK,ICICI Bank Ltd,18.8,7.6,1050380.96,78.39,13.83,0.1653,0.0181,9.1306,12.3,14.68
ICICIBANK,ICICI Bank Ltd,18.8,7.6,1050380.96,78.39,13.83,0.1799,0.0195,9.2294,12.3,14.68
ICICIBANK,ICICI Bank Ltd,18.8,7.6,1184576.28,78.87,1.36,0.0498,0.0046,10.8426,12.3,14.68
ICICIBANK,ICICI Bank Ltd,18.8,7.6,1184576.28,78.87,1.36,0.0823,0.0081,10.1625,12.3,14.68
ICICIBANK,ICICI Bank Ltd,18.8,7.6,1184576.28,78.87,1.36,0.0913,0.0082,11.2011,12.3,14.68
ICICIBANK,ICICI Bank Ltd,18.8,7.6,1184576.28,78.87,1.36,0.1084,0.0115,9.4209,12.3,14.68
ICICIBANK,ICICI Bank Ltd,18.8,7.6,1184576.28,78.87,1.36,0.1161,0.0119,9.7625,12.3,14.68
ICICIBANK,ICICI Bank Ltd,18.8,7.6,1184576.28,78.87,1.36,0.1292,0.0129,9.9869,12.3,14.68
ICICIBANK,ICICI Bank Ltd,18.8,7.6,1184576.28,78.87,1.36,0.1458,0.0151,9.6271,12.3,14.68
ICICIBANK,ICICI Bank Ltd,18.8,7.6,1184576.28,78.87,1.36,0.1473,0.015,9.8137,12.3,14.68
ICICIBANK,ICICI Bank Ltd,18.8,7.6,1184576.28,78.87,1.36,0.1528,0.0156,9.7836,12.3,14.68
ICICIBANK,ICICI Bank Ltd,18.8,7.6,1184576.28,78.87,1.36,0.1528,0.0157,9.7524,12.3,14.68
ICICIBANK,ICICI Bank Ltd,18.8,7.6,1184576.28,78.87,1.36,0.1653,0.0181,9.1306,12.3,14.68
ICICIBANK,ICICI Bank Ltd,18.8,7.6,1184576.28,78.87,1.36,0.1799,0.0195,9.2294,12.3,14.68
ICICIBANK,ICICI Bank Ltd,18.8,7.6,1319221.86,25.76,6.2,0.0498,0.0046,10.8426,12.3,14.68
ICICIBANK,ICICI Bank Ltd,18.8,7.6,1319221.86,25.76,6.2,0.0823,0.0081,10.1625,12.3,14.68
ICICIBANK,ICICI Bank Ltd,18.8,7.6,1319221.86,25.76,6.2,0.0913,0.0082,11.2011,12.3,14.68
ICICIBANK,ICICI Bank Ltd,18.8,7.6,1319221.86,25.76,6.2,0.1084,0.0115,9.4209,12.3,14.68
ICICIBANK,ICICI Bank Ltd,18.8,7.6,1319221.86,25.76,6.2,0.1161,0.0119,9.7625,12.3,14.68
ICICIBANK,ICICI Bank Ltd,18.8,7.6,1319221.86,25.76,6.2,0.1292,0.0129,9.9869,12.3,14.68
ICICIBANK,ICICI Bank Ltd,18.8,7.6,1319221.86,25.76,6.2,0.1458,0.0151,9.6271,12.3,14.68
ICICIBANK,ICICI Bank Ltd,18.8,7.6,1319221.86,25.76,6.2,0.1473,0.015,9.8137,12.3,14.68
ICICIBANK,ICICI Bank Ltd,18.8,7.6,1319221.86,25.76,6.2,0.1528,0.0156,9.7836,12.3,14.68
ICICIBANK,ICICI Bank Ltd,18.8,7.6,1319221.86,25.76,6.2,0.1528,0.0157,9.7524,12.3,14.68
ICICIBANK,ICICI Bank Ltd,18.8,7.6,1319221.86,25.76,6.2,0.1653,0.0181,9.1306,12.3,14.68
ICICIBANK,ICICI Bank Ltd,18.8,7.6,1319221.86,25.76,6.2,0.1799,0.0195,9.2294,12.3,14.68
ICICIGI,ICICI Lombard General Insurance Company Ltd,17.0,22.5,742801.33,47.5,3.75,0.1383,0.025,5.5312,15.79,17.79
ICICIGI,ICICI Lombard General Insurance Company Ltd,17.0,22.5,742801.33,47.5,3.75,0.1566,0.0323,4.8428,15.79,17.79
ICICIGI,ICICI Lombard General Insurance Company Ltd,17.0,22.5,742801.33,47.5,3.75,0.1572,0.0303,5.1871,15.79,17.79
ICICIGI,ICICI Lombard General Insurance Company Ltd,17.0,22.5,742801.33,47.5,3.75,0.1655,0.0314,5.2744,15.79,17.79
ICICIGI,ICICI Lombard General Insurance Company Ltd,17.0,22.5,742801.33,47.5,3.75,0.18,0.0301,5.9859,15.79,17.79
ICICIGI,ICICI Lombard General Insurance Company Ltd,17.0,22.5,742801.33,47.5,3.75,0.1888,0.0279,6.7578,15.79,17.79
ICICIGI,ICICI Lombard General Insurance Company Ltd,17.0,22.5,742801.33,47.5,3.75,0.1898,0.029,6.5514,15.79,17.79
ICICIGI,ICICI Lombard General Insurance Company Ltd,17.0,22.5,742801.33,47.5,3.75,0.1938,0.0375,5.1715,15.79,17.79
ICICIGI,ICICI Lombard General Insurance Company Ltd,17.0,22.5,742801.33,47.5,3.75,0.1943,0.0314,6.1857,15.79,17.79
ICICIGI,ICICI Lombard General Insurance Company Ltd,17.0,22.5,742801.33,47.5,3.75,0.1947,0.0322,6.0388,15.79,17.79
ICICIGI,ICICI Lombard General Insurance Company Ltd,17.0,22.5,742801.33,47.5,3.75,0.2027,0.0399,5.0748,15.79,17.79
ICICIGI,ICICI Lombard General Insurance Company Ltd,17.0,22.5,742801.33,47.5,3.75,0.2172,0.0353,6.1587,15.79,17.79
ICICIGI,ICICI Lombard General Insurance Company Ltd,17.0,22.5,816329.22,55.8,11.08,0.1383,0.025,5.5312,15.79,17.79
ICICIGI,ICICI Lombard General Insurance Company Ltd,17.0,22.5,816329.22,55.8,11.08,0.1566,0.0323,4.8428,15.79,17.79
ICICIGI,ICICI Lombard General Insurance Company Ltd,17.0,22.5,816329.22,55.8,11.08,0.1572,0.0303,5.1871,15.79,17.79
ICICIGI,ICICI Lombard General Insurance Company Ltd,17.0,22.5,816329.22,55.8,11.08,0.1655,0.0314,5.2744,15.79,17.79
ICICIGI,ICICI Lombard General Insurance Company Ltd,17.0,22.5,816329.22,55.8,11.08,0.18,0.0301,5.9859,15.79,17.79
ICICIGI,ICICI Lombard General Insurance Company Ltd,17.0,22.5,816329.22,55.8,11.08,0.1888,0.0279,6.7578,15.79,17.79
ICICIGI,ICICI Lombard General Insurance Company Ltd,17.0,22.5,816329.22,55.8,11.08,0.1898,0.029,6.5514,15.79,17.79
ICICIGI,ICICI Lombard General Insurance Company Ltd,17.0,22.5,816329.22,55.8,11.08,0.1938,0.0375,5.1715,15.79,17.79
ICICIGI,ICICI Lombard General Insurance Company Ltd,17.0,22.5,816329.22,55.8,11.08,0.1943,0.0314,6.1857,15.79,17.79
ICICIGI,ICICI Lombard General Insurance Company Ltd,17.0,22.5,816329.22,55.8,11.08,0.1947,0.0322,6.0388,15.79,17.79
ICICIGI,ICICI Lombard General Insurance Company Ltd,17.0,22.5,816329.22,55.8,11.08,0.2027,0.0399,5.0748,15.79,17.79
ICICIGI,ICICI Lombard General Insurance Company Ltd,17.0,22.5,816329.22,55.8,11.08,0.2172,0.0353,6.1587,15.79,17.79
ICICIGI,ICICI Lombard General Insurance Company Ltd,17.0,22.5,827632.41,63.73,12.4,0.1383,0.025,5.5312,15.79,17.79
ICICIGI,ICICI Lombard General Insurance Company Ltd,17.0,22.5,827632.41,63.73,12.4,0.1566,0.0323,4.8428,15.79,17.79
ICICIGI,ICICI Lombard General Insurance Company Ltd,17.0,22.5,827632.41,63.73,12.4,0.1572,0.0303,5.1871,15.79,17.79
ICICIGI,ICICI Lombard General Insurance Company Ltd,17.0,22.5,827632.41,63.73,12.4,0.1655,0.0314,5.2744,15.79,17.79
ICICIGI,ICICI Lombard General Insurance Company Ltd,17.0,22.5,827632.41,63.73,12.4,0.18,0.0301,5.9859,15.79,17.79
ICICIGI,ICICI Lombard General Insurance Company Ltd,17.0,22.5,827632.41,63.73,12.4,0.1888,0.0279,6.7578,15.79,17.79
ICICIGI,ICICI Lombard General Insurance Company Ltd,17.0,22.5,827632.41,63.73,12.4,0.1898,0.029,6.5514,15.79,17.79
ICICIGI,ICICI Lombard General Insurance Company Ltd,17.0,22.5,827632.41,63.73,12.4,0.1938,0.0375,5.1715,15.79,17.79
ICICIGI,ICICI Lombard General Insurance Company Ltd,17.0,22.5,827632.41,63.73,12.4,0.1943,0.0314,6.1857,15.79,17.79
ICICIGI,ICICI Lombard General Insurance Company Ltd,17.0,22.5,827632.41,63.73,12.4,0.1947,0.0322,6.0388,15.79,17.79
ICICIGI,ICICI Lombard General Insurance Company Ltd,17.0,22.5,827632.41,63.73,12.4,0.2027,0.0399,5.0748,15.79,17.79
ICICIGI,ICICI Lombard General Insurance Company Ltd,17.0,22.5,827632.41,63.73,12.4,0.2172,0.0353,6.1587,15.79,17.79
ICICIGI,ICICI Lombard General Insurance Company Ltd,17.0,22.5,939135.7,66.71,8.08,0.1383,0.025,5.5312,15.79,17.79
ICICIGI,ICICI Lombard General Insurance Company Ltd,17.0,22.5,939135.7,66.71,8.08,0.1566,0.0323,4.8428,15.79,17.79
ICICIGI,ICICI Lombard General Insurance Company Ltd,17.0,22.5,939135.7,66.71,8.08,0.1572,0.0303,5.1871,15.79,17.79
ICICIGI,ICICI Lombard General Insurance Company Ltd,17.0,22.5,939135.7,66.71,8.08,0.1655,0.0314,5.2744,15.79,17.79
ICICIGI,ICICI Lombard General Insurance Company Ltd,17.0,22.5,939135.7,66.71,8.08,0.18,0.0301,5.9859,15.79,17.79
ICICIGI,ICICI Lombard General Insurance Company Ltd,17.0,22.5,939135.7,66.71,8.08,0.1888,0.0279,6.7578,15.79,17.79
ICICIGI,ICICI Lombard General Insurance Company Ltd,17.0,22.5,939135.7,66.71,8.08,0.1898,0.029,6.5514,15.79,17.79
ICICIGI,ICICI Lombard General Insurance Company Ltd,17.0,22.5,939135.7,66.71,8.08,0.1938,0.0375,5.1715,15.79,17.79
ICICIGI,ICICI Lombard General Insurance Company Ltd,17.0,22.5,939135.7,66.71,8.08,0.1943,0.0314,6.1857,15.79,17.79
ICICIGI,ICICI Lombard General Insurance Company Ltd,17.0,22.5,939135.7,66.71,8.08,0.1947,0.0322,6.0388,15.79,17.79
ICICIGI,ICICI Lombard General Insurance Company Ltd,17.0,22.5,939135.7,66.71,8.08,0.2027,0.0399,5.0748,15.79,17.79
ICICIGI,ICICI Lombard General Insurance Company Ltd,17.0,22.5,939135.7,66.71,8.08,0.2172,0.0353,6.1587,15.79,17.79
ICICIGI,ICICI Lombard General Insurance Company Ltd,17.0,22.5,1242023.75,15.87,12.74,0.1383,0.025,5.5312,15.79,17.79
ICICIGI,ICICI Lombard General Insurance Company Ltd,17.0,22.5,1242023.75,15.87,12.74,0.1566,0.0323,4.8428,15.79,17.79
ICICIGI,ICICI Lombard General Insurance Company Ltd,17.0,22.5,1242023.75,15.87,12.74,0.1572,0.0303,5.1871,15.79,17.79
ICICIGI,ICICI Lombard General Insurance Company Ltd,17.0,22.5,1242023.75,15.87,12.74,0.1655,0.0314,5.2744,15.79,17.79
ICICIGI,ICICI Lombard General Insurance Company Ltd,17.0,22.5,1242023.75,15.87,12.74,0.18,0.0301,5.9859,15.79,17.79
ICICIGI,ICICI Lombard General Insurance Company Ltd,17.0,22.5,1242023.75,15.87,12.74,0.1888,0.0279,6.7578,15.79,17.79
ICICIGI,ICICI Lombard General Insurance Company Ltd,17.0,22.5,1242023.75,15.87,12.74,0.1898,0.029,6.5514,15.79,17.79
ICICIGI,ICICI Lombard General Insurance Company Ltd,17.0,22.5,1242023.75,15.87,12.74,0.1938,0.0375,5.1715,15.79,17.79
ICICIGI,ICICI Lombard General Insurance Company Ltd,17.0,22.5,1242023.75,15.87,12.74,0.1943,0.0314,6.1857,15.79,17.79
ICICIGI,ICICI Lombard General Insurance Company Ltd,17.0,22.5,1242023.75,15.87,12.74,0.1947,0.0322,6.0388,15.79,17.79
ICICIGI,ICICI Lombard General Insurance Company Ltd,17.0,22.5,1242023.75,15.87,12.74,0.2027,0.0399,5.0748,15.79,17.79
ICICIGI,ICICI Lombard General Insurance Company Ltd,17.0,22.5,1242023.75,15.87,12.74,0.2172,0.0353,6.1587,15.79,17.79
ICICIGI,ICICI Lombard General Insurance Company Ltd,17.0,22.5,1271789.21,49.0,7.86,0.1383,0.025,5.5312,15.79,17.79
ICICIGI,ICICI Lombard General Insurance Company Ltd,17.0,22.5,1271789.21,49.0,7.86,0.1566,0.0323,4.8428,15.79,17.79
ICICIGI,ICICI Lombard General Insurance Company Ltd,17.0,22.5,1271789.21,49.0,7.86,0.1572,0.0303,5.1871,15.79,17.79
ICICIGI,ICICI Lombard General Insurance Company Ltd,17.0,22.5,1271789.21,49.0,7.86,0.1655,0.0314,5.2744,15.79,17.79
ICICIGI,ICICI Lombard General Insurance Company Ltd,17.0,22.5,1271789.21,49.0,7.86,0.18,0.0301,5.9859,15.79,17.79
ICICIGI,ICICI Lombard General Insurance Company Ltd,17.0,22.5,1271789.21,49.0,7.86,0.1888,0.0279,6.7578,15.79,17.79
ICICIGI,ICICI Lombard General Insurance Company Ltd,17.0,22.5,1271789.21,49.0,7.86,0.1898,0.029,6.5514,15.79,17.79
ICICIGI,ICICI Lombard General Insurance Company Ltd,17.0,22.5,1271789.21,49.0,7.86,0.1938,0.0375,5.1715,15.79,17.79
ICICIGI,ICICI Lombard General Insurance Company Ltd,17.0,22.5,1271789.21,49.0,7.86,0.1943,0.0314,6.1857,15.79,17.79
ICICIGI,ICICI Lombard General Insurance Company Ltd,17.0,22.5,1271789.21,49.0,7.86,0.1947,0.0322,6.0388,15.79,17.79
ICICIGI,ICICI Lombard General Insurance Company Ltd,17.0,22.5,1271789.21,49.0,7.86,0.2027,0.0399,5.0748,15.79,17.79
ICICIGI,ICICI Lombard General Insurance Company Ltd,17.0,22.5,1271789.21,49.0,7.86,0.2172,0.0353,6.1587,15.79,17.79
ICICIPRULI,ICICI Prudential Life Insurance Company Ltd,8.07,8.75,1596987.55,20.83,12.38,0.0773,0.0028,27.1696,11.95,-3.61
ICICIPRULI,ICICI Prudential Life Insurance Company Ltd,8.07,8.75,1596987.55,20.83,12.38,0.0806,0.0032,25.3569,11.95,-3.61
ICICIPRULI,ICICI Prudential Life Insurance Company Ltd,8.07,8.75,1596987.55,20.83,12.38,0.0829,0.0031,26.6911,11.95,-3.61
ICICIPRULI,ICICI Prudential Life Insurance Company Ltd,8.07,8.75,1596987.55,20.83,12.38,0.105,0.0044,23.8467,11.95,-3.61
ICICIPRULI,ICICI Prudential Life Insurance Company Ltd,8.07,8.75,1596987.55,20.83,12.38,0.1479,0.0068,21.6319,11.95,-3.61
ICICIPRULI,ICICI Prudential Life Insurance Company Ltd,8.07,8.75,1596987.55,20.83,12.38,0.1658,0.007,23.7354,11.95,-3.61
ICICIPRULI,ICICI Prudential Life Insurance Company Ltd,8.07,8.75,1596987.55,20.83,12.38,0.2463,0.0114,21.5727,11.95,-3.61
ICICIPRULI,ICICI Prudential Life Insurance Company Ltd,8.07,8.75,1596987.55,20.83,12.38,0.2626,0.0135,19.4725,11.95,-3.61
ICICIPRULI,ICICI Prudential Life Insurance Company Ltd,8.07,8.75,1596987.55,20.83,12.38,0.31,0.0157,19.6816,11.95,-3.61
ICICIPRULI,ICICI Prudential Life Insurance Company Ltd,8.07,8.75,1596987.55,20.83,12.38,0.3115,0.0162,19.2241,11.95,-3.61
ICICIPRULI,ICICI Prudential Life Insurance Company Ltd,8.07,8.75,1596987.55,20.83,12.38,0.3561,0.0192,18.5886,11.95,-3.61
ICICIPRULI,ICICI Prudential Life Insurance Company Ltd,8.07,8.75,1596987.55,20.83,12.38,0.3825,0.0201,18.9902,11.95,-3.61
ICICIPRULI,ICICI Prudential Life Insurance Company Ltd,8.07,8.75,1603509.84,52.59,3.98,0.0773,0.0028,27.1696,11.95,-3.61
ICICIPRULI,ICICI Prudential Life Insurance Company Ltd,8.07,8.75,1603509.84,52.59,3.98,0.0806,0.0032,25.3569,11.95,-3.61
ICICIPRULI,ICICI Prudential Life Insurance Company Ltd,8.07,8.75,1603509.84,52.59,3.98,0.0829,0.0031,26.6911,11.95,-3.61
ICICIPRULI,ICICI Prudential Life Insurance Company Ltd,8.07,8.75,1603509.84,52.59,3.98,0.105,0.0044,23.8467,11.95,-3.61
ICICIPRULI,ICICI Prudential Life Insurance Company Ltd,8.07,8.75,1603509.84,52.59,3.98,0.1479,0.0068,21.6319,11.95,-3.61
ICICIPRULI,ICICI Prudential Life Insurance Company Ltd,8.07,8.75,1603509.84,52.59,3.98,0.1658,0.007,23.7354,11.95,-3.61
ICICIPRULI,ICICI Prudential Life Insurance Company Ltd,8.07,8.75,1603509.84,52.59,3.98,0.2463,0.0114,21.5727,11.95,-3.61
ICICIPRULI,ICICI Prudential Life Insurance Company Ltd,8.07,8.75,1603509.84,52.59,3.98,0.2626,0.0135,19.4725,11.95,-3.61
ICICIPRULI,ICICI Prudential Life Insurance Company Ltd,8.07,8.75,1603509.84,52.59,3.98,0.31,0.0157,19.6816,11.95,-3.61
ICICIPRULI,ICICI Prudential Life Insurance Company Ltd,8.07,8.75,1603509.84,52.59,3.98,0.3115,0.0162,19.2241,11.95,-3.61
ICICIPRULI,ICICI Prudential Life Insurance Company Ltd,8.07,8.75,1603509.84,52.59,3.98,0.3561,0.0192,18.5886,11.95,-3.61
ICICIPRULI,ICICI Prudential Life Insurance Company Ltd,8.07,8.75,1603509.84,52.59,3.98,0.3825,0.0201,18.9902,11.95,-3.61
ICICIPRULI,ICICI Prudential Life Insurance Company Ltd,8.07,8.75,1606002.47,76.8,0.56,0.0773,0.0028,27.1696,11.95,-3.61
ICICIPRULI,ICICI Prudential Life Insurance Company Ltd,8.07,8.75,1606002.47,76.8,0.56,0.0806,0.0032,25.3569,11.95,-3.61
ICICIPRULI,ICICI Prudential Life Insurance Company Ltd,8.07,8.75,1606002.47,76.8,0.56,0.0829,0.0031,26.6911,11.95,-3.61
ICICIPRULI,ICICI Prudential Life Insurance Company Ltd,8.07,8.75,1606002.47,76.8,0.56,0.105,0.0044,23.8467,11.95,-3.61
ICICIPRULI,ICICI Prudential Life Insurance Company Ltd,8.07,8.75,1606002.47,76.8,0.56,0.1479,0.0068,21.6319,11.95,-3.61
ICICIPRULI,ICICI Prudential Life Insurance Company Ltd,8.07,8.75,1606002.47,76.8,0.56,0.1658,0.007,23.7354,11.95,-3.61
ICICIPRULI,ICICI Prudential Life Insurance Company Ltd,8.07,8.75,1606002.47,76.8,0.56,0.2463,0.0114,21.5727,11.95,-3.61
ICICIPRULI,ICICI Prudential Life Insurance Company Ltd,8.07,8.75,1606002.47,76.8,0.56,0.2626,0.0135,19.4725,11.95,-3.61
ICICIPRULI,ICICI Prudential Life Insurance Company Ltd,8.07,8.75,1606002.47,76.8,0.56,0.31,0.0157,19.6816,11.95,-3.61
ICICIPRULI,ICICI Prudential Life Insurance Company Ltd,8.07,8.75,1606002.47,76.8,0.56,0.3115,0.0162,19.2241,11.95,-3.61
ICICIPRULI,ICICI Prudential Life Insurance Company Ltd,8.07,8.75,1606002.47,76.8,0.56,0.3561,0.0192,18.5886,11.95,-3.61
ICICIPRULI,ICICI Prudential Life Insurance Company Ltd,8.07,8.75,1606002.47,76.8,0.56,0.3825,0.0201,18.9902,11.95,-3.61
ICICIPRULI,ICICI Prudential Life Insurance Company Ltd,8.07,8.75,1702653.91,71.57,4.53,0.0773,0.0028,27.1696,11.95,-3.61
ICICIPRULI,ICICI Prudential Life Insurance Company Ltd,8.07,8.75,1702653.91,71.57,4.53,0.0806,0.0032,25.3569,11.95,-3.61
ICICIPRULI,ICICI Prudential Life Insurance Company Ltd,8.07,8.75,1702653.91,71.57,4.53,0.0829,0.0031,26.6911,11.95,-3.61
ICICIPRULI,ICICI Prudential Life Insurance Company Ltd,8.07,8.75,1702653.91,71.57,4.53,0.105,0.0044,23.8467,11.95,-3.61
ICICIPRULI,ICICI Prudential Life Insurance Company Ltd,8.07,8.75,1702653.91,71.57,4.53,0.1479,0.0068,21.6319,11.95,-3.61
ICICIPRULI,ICICI Prudential Life Insurance Company Ltd,8.07,8.75,1702653.91,71.57,4.53,0.1658,0.007,23.7354,11.95,-3.61
ICICIPRULI,ICICI Prudential Life Insurance Company Ltd,8.07,8.75,1702653.91,71.57,4.53,0.2463,0.0114,21.5727,11.95,-3.61
ICICIPRULI,ICICI Prudential Life Insurance Company Ltd,8.07,8.75,1702653.91,71.57,4.53,0.2626,0.0135,19.4725,11.95,-3.61
ICICIPRULI,ICICI Prudential Life Insurance Company Ltd,8.07,8.75,1702653.91,71.57,4.53,0.31,0.0157,19.6816,11.95,-3.61
ICICIPRULI,ICICI Prudential Life Insurance Company Ltd,8.07,8.75,1702653.91,71.57,4.53,0.3115,0.0162,19.2241,11.95,-3.61
ICICIPRULI,ICICI Prudential Life Insurance Company Ltd,8.07,8.75,1702653.91,71.57,4.53,0.3561,0.0192,18.5886,11.95,-3.61
ICICIPRULI,ICICI Prudential Life Insurance Company Ltd,8.07,8.75,1702653.91,71.57,4.53,0.3825,0.0201,18.9902,11.95,-3.61
ICICIPRULI,ICICI Prudential Life Insurance Company Ltd,8.07,8.75,1848771.31,34.52,5.19,0.0773,0.0028,27.1696,11.95,-3.61
ICICIPRULI,ICICI Prudential Life Insurance Company Ltd,8.07,8.75,1848771.31,34.52,5.19,0.0806,0.0032,25.3569,11.95,-3.61
ICICIPRULI,ICICI Prudential Life Insurance Company Ltd,8.07,8.75,1848771.31,34.52,5.19,0.0829,0.0031,26.6911,11.95,-3.61
ICICIPRULI,ICICI Prudential Life Insurance Company Ltd,8.07,8.75,1848771.31,34.52,5.19,0.105,0.0044,23.8467,11.95,-3.61
ICICIPRULI,ICICI Prudential Life Insurance Company Ltd,8.07,8.75,1848771.31,34.52,5.19,0.1479,0.0068,21.6319,11.95,-3.61
ICICIPRULI,ICICI Prudential Life Insurance Company Ltd,8.07,8.75,1848771.31,34.52,5.19,0.1658,0.007,23.7354,11.95,-3.61
ICICIPRULI,ICICI Prudential Life Insurance Company Ltd,8.07,8.75,1848771.31,34.52,5.19,0.2463,0.0114,21.5727,11.95,-3.61
ICICIPRULI,ICICI Prudential Life Insurance Company Ltd,8.07,8.75,1848771.31,34.52,5.19,0.2626,0.0135,19.4725,11.95,-3.61
ICICIPRULI,ICICI Prudential Life Insurance Company Ltd,8.07,8.75,1848771.31,34.52,5.19,0.31,0.0157,19.6816,11.95,-3.61
ICICIPRULI,ICICI Prudential Life Insurance Company Ltd,8.07,8.75,1848771.31,34.52,5.19,0.3115,0.0162,19.2241,11.95,-3.61
ICICIPRULI,ICICI Prudential Life Insurance Company Ltd,8.07,8.75,1848771.31,34.52,5.19,0.3561,0.0192,18.5886,11.95,-3.61
ICICIPRULI,ICICI Prudential Life Insurance Company Ltd,8.07,8.75,1848771.31,34.52,5.19,0.3825,0.0201,18.9902,11.95,-3.61
ICICIPRULI,ICICI Prudential Life Insurance Company Ltd,8.07,8.75,1976358.03,36.03,3.99,0.0773,0.0028,27.1696,11.95,-3.61
ICICIPRULI,ICICI Prudential Life Insurance Company Ltd,8.07,8.75,1976358.03,36.03,3.99,0.0806,0.0032,25.3569,11.95,-3.61
ICICIPRULI,ICICI Prudential Life Insurance Company Ltd,8.07,8.75,1976358.03,36.03,3.99,0.0829,0.0031,26.6911,11.95,-3.61
ICICIPRULI,ICICI Prudential Life Insurance Company Ltd,8.07,8.75,1976358.03,36.03,3.99,0.105,0.0044,23.8467,11.95,-3.61
ICICIPRULI,ICICI Prudential Life Insurance Company Ltd,8.07,8.75,1976358.03,36.03,3.99,0.1479,0.0068,21.6319,11.95,-3.61
ICICIPRULI,ICICI Prudential Life Insurance Company Ltd,8.07,8.75,1976358.03,36.03,3.99,0.1658,0.007,23.7354,11.95,-3.61
ICICIPRULI,ICICI Prudential Life Insurance Company Ltd,8.07,8.75,1976358.03,36.03,3.99,0.2463,0.0114,21.5727,11.95,-3.61
ICICIPRULI,ICICI Prudential Life Insurance Company Ltd,8.07,8.75,1976358.03,36.03,3.99,0.2626,0.0135,19.4725,11.95,-3.61
ICICIPRULI,ICICI Prudential Life Insurance Company Ltd,8.07,8.75,1976358.03,36.03,3.99,0.31,0.0157,19.6816,11.95,-3.61
ICICIPRULI,ICICI Prudential Life Insurance Company Ltd,8.07,8.75,1976358.03,36.03,3.99,0.3115,0.0162,19.2241,11.95,-3.61
ICICIPRULI,ICICI Prudential Life Insurance Company Ltd,8.07,8.75,1976358.03,36.03,3.99,0.3561,0.0192,18.5886,11.95,-3.61
ICICIPRULI,ICICI Prudential Life Insurance Company Ltd,8.07,8.75,1976358.03,36.03,3.99,0.3825,0.0201,18.9902,11.95,-3.61
INDIGO,Interglobe Aviation Ltd,,24.5,997429.81,55.98,3.2,-10.9415,-7.6091,1.4379,19.3,18.57
INDIGO,Interglobe Aviation Ltd,,24.5,997429.81,55.98,3.2,-1.3855,-0.5877,2.3575,19.3,18.57
INDIGO,Interglobe Aviation Ltd,,24.5,997429.81,55.98,3.2,-0.4877,-0.3446,1.4154,19.3,18.57
INDIGO,Interglobe Aviation Ltd,,24.5,997429.81,55.98,3.2,-0.408,-0.2985,1.3668,19.3,18.57
INDIGO,Interglobe Aviation Ltd,,24.5,997429.81,55.98,3.2,1.2093,0.4182,2.8915,19.3,18.57
INDIGO,Interglobe Aviation Ltd,,24.5,997429.81,55.98,3.2,8.9257,6.6833,1.3355,19.3,18.57
INDIGO,Interglobe Aviation Ltd,,24.5,997429.81,55.98,3.2,15.3478,10.1327,1.5147,19.3,18.57
INDIGO,Interglobe Aviation Ltd,,24.5,997429.81,55.98,3.2,16.9286,6.7439,2.5102,19.3,18.57
INDIGO,Interglobe Aviation Ltd,,24.5,997429.81,55.98,3.2,22.42,8.0358,2.79,19.3,18.57
INDIGO,Interglobe Aviation Ltd,,24.5,997429.81,55.98,3.2,49.3939,21.377,2.3106,19.3,18.57
INDIGO,Interglobe Aviation Ltd,,24.5,997429.81,55.98,3.2,107.7273,13.5429,7.9545,19.3,18.57
INDIGO,Interglobe Aviation Ltd,,24.5,997429.81,55.98,3.2,178.8636,30.2692,5.9091,19.3,18.57
INDIGO,Interglobe Aviation Ltd,,24.5,1034978.53,19.25,10.95,-10.9415,-7.6091,1.4379,19.3,18.57
INDIGO,Interglobe Aviation Ltd,,24.5,1034978.53,19.25,10.95,-1.3855,-0.5877,2.3575,19.3,18.57
INDIGO,Interglobe Aviation Ltd,,24.5,1034978.53,19.25,10.95,-0.4877,-0.3446,1.4154,19.3,18.57
INDIGO,Interglobe Aviation Ltd,,24.5,1034978.53,19.25,10.95,-0.408,-0.2985,1.3668,19.3,18.57
INDIGO,Interglobe Aviation Ltd,,24.5,1034978.53,19.25,10.95,1.2093,0.4182,2.8915,19.3,18.57
INDIGO,Interglobe Aviation Ltd,,24.5,1034978.53,19.25,10.95,8.9257,6.6833,1.3355,19.3,18.57
INDIGO,Interglobe Aviation Ltd,,24.5,1034978.53,19.25,10.95,15.3478,10.1327,1.5147,19.3,18.57
INDIGO,Interglobe Aviation Ltd,,24.5,1034978.53,19.25,10.95,16.9286,6.7439,2.5102,19.3,18.57
INDIGO,Interglobe Aviation Ltd,,24.5,1034978.53,19.25,10.95,22.42,8.0358,2.79,19.3,18.57
INDIGO,Interglobe Aviation Ltd,,24.5,1034978.53,19.25,10.95,49.3939,21.377,2.3106,19.3,18.57
INDIGO,Interglobe Aviation Ltd,,24.5,1034978.53,19.25,10.95,107.7273,13.5429,7.9545,19.3,18.57
INDIGO,Interglobe Aviation Ltd,,24.5,1034978.53,19.25,10.95,178.8636,30.2692,5.9091,19.3,18.57
INDIGO,Interglobe Aviation Ltd,,24.5,1040632.92,76.23,7.87,-10.9415,-7.6091,1.4379,19.3,18.57
INDIGO,Interglobe Aviation Ltd,,24.5,1040632.92,76.23,7.87,-1.3855,-0.5877,2.3575,19.3,18.57
INDIGO,Interglobe Aviation Ltd,,24.5,1040632.92,76.23,7.87,-0.4877,-0.3446,1.4154,19.3,18.57
INDIGO,Interglobe Aviation Ltd,,24.5,1040632.92,76.23,7.87,-0.408,-0.2985,1.3668,19.3,18.57
INDIGO,Interglobe Aviation Ltd,,24.5,1040632.92,76.23,7.87,1.2093,0.4182,2.8915,19.3,18.57
INDIGO,Interglobe Aviation Ltd,,24.5,1040632.92,76.23,7.87,8.9257,6.6833,1.3355,19.3,18.57
INDIGO,Interglobe Aviation Ltd,,24.5,1040632.92,76.23,7.87,15.3478,10.1327,1.5147,19.3,18.57
INDIGO,Interglobe Aviation Ltd,,24.5,1040632.92,76.23,7.87,16.9286,6.7439,2.5102,19.3,18.57
INDIGO,Interglobe Aviation Ltd,,24.5,1040632.92,76.23,7.87,22.42,8.0358,2.79,19.3,18.57
INDIGO,Interglobe Aviation Ltd,,24.5,1040632.92,76.23,7.87,49.3939,21.377,2.3106,19.3,18.57
INDIGO,Interglobe Aviation Ltd,,24.5,1040632.92,76.23,7.87,107.7273,13.5429,7.9545,19.3,18.57
INDIGO,Interglobe Aviation Ltd,,24.5,1040632.92,76.23,7.87,178.8636,30.2692,5.9091,19.3,18.57
INDIGO,Interglobe Aviation Ltd,,24.5,1055244.71,51.42,10.87,-10.9415,-7.6091,1.4379,19.3,18.57
INDIGO,Interglobe Aviation Ltd,,24.5,1055244.71,51.42,10.87,-1.3855,-0.5877,2.3575,19.3,18.57
INDIGO,Interglobe Aviation Ltd,,24.5,1055244.71,51.42,10.87,-0.4877,-0.3446,1.4154,19.3,18.57
INDIGO,Interglobe Aviation Ltd,,24.5,1055244.71,51.42,10.87,-0.408,-0.2985,1.3668,19.3,18.57
INDIGO,Interglobe Aviation Ltd,,24.5,1055244.71,51.42,10.87,1.2093,0.4182,2.8915,19.3,18.57
INDIGO,Interglobe Aviation Ltd,,24.5,1055244.71,51.42,10.87,8.9257,6.6833,1.3355,19.3,18.57
INDIGO,Interglobe Aviation Ltd,,24.5,1055244.71,51.42,10.87,15.3478,10.1327,1.5147,19.3,18.57
INDIGO,Interglobe Aviation Ltd,,24.5,1055244.71,51.42,10.87,16.9286,6.7439,2.5102,19.3,18.57
INDIGO,Interglobe Aviation Ltd,,24.5,1055244.71,51.42,10.87,22.42,8.0358,2.79,19.3,18.57
INDIGO,Interglobe Aviation Ltd,,24.5,1055244.71,51.42,10.87,49.3939,21.377,2.3106,19.3,18.57
INDIGO,Interglobe Aviation Ltd,,24.5,1055244.71,51.42,10.87,107.7273,13.5429,7.9545,19.3,18.57
INDIGO,Interglobe Aviation Ltd,,24.5,1055244.71,51.42,10.87,178.8636,30.2692,5.9091,19.3,18.57
INDIGO,Interglobe Aviation Ltd,,24.5,1232702.22,41.91,14.04,-10.9415,-7.6091,1.4379,19.3,18.57
INDIGO,Interglobe Aviation Ltd,,24.5,1232702.22,41.91,14.04,-1.3855,-0.5877,2.3575,19.3,18.57
INDIGO,Interglobe Aviation Ltd,,24.5,1232702.22,41.91,14.04,-0.4877,-0.3446,1.4154,19.3,18.57
INDIGO,Interglobe Aviation Ltd,,24.5,1232702.22,41.91,14.04,-0.408,-0.2985,1.3668,19.3,18.57
INDIGO,Interglobe Aviation Ltd,,24.5,1232702.22,41.91,14.04,1.2093,0.4182,2.8915,19.3,18.57
INDIGO,Interglobe Aviation Ltd,,24.5,1232702.22,41.91,14.04,8.9257,6.6833,1.3355,19.3,18.57
INDIGO,Interglobe Aviation Ltd,,24.5,1232702.22,41.91,14.04,15.3478,10.1327,1.5147,19.3,18.57
INDIGO,Interglobe Aviation Ltd,,24.5,1232702.22,41.91,14.04,16.9286,6.7439,2.5102,19.3,18.57
INDIGO,Interglobe Aviation Ltd,,24.5,1232702.22,41.91,14.04,22.42,8.0358,2.79,19.3,18.57
INDIGO,Interglobe Aviation Ltd,,24.5,1232702.22,41.91,14.04,49.3939,21.377,2.3106,19.3,18.57
INDIGO,Interglobe Aviation Ltd,,24.5,1232702.22,41.91,14.04,107.7273,13.5429,7.9545,19.3,18.57
INDIGO,Interglobe Aviation Ltd,,24.5,1232702.22,41.91,14.04,178.8636,30.2692,5.9091,19.3,18.57
INDIGO,Interglobe Aviation Ltd,,24.5,1427895.35,60.24,6.95,-10.9415,-7.6091,1.4379,19.3,18.57
INDIGO,Interglobe Aviation Ltd,,24.5,1427895.35,60.24,6.95,-1.3855,-0.5877,2.3575,19.3,18.57
INDIGO,Interglobe Aviation Ltd,,24.5,1427895.35,60.24,6.95,-0.4877,-0.3446,1.4154,19.3,18.57
INDIGO,Interglobe Aviation Ltd,,24.5,1427895.35,60.24,6.95,-0.408,-0.2985,1.3668,19.3,18.57
INDIGO,Interglobe Aviation Ltd,,24.5,1427895.35,60.24,6.95,1.2093,0.4182,2.8915,19.3,18.57
INDIGO,Interglobe Aviation Ltd,,24.5,1427895.35,60.24,6.95,8.9257,6.6833,1.3355,19.3,18.57
INDIGO,Interglobe Aviation Ltd,,24.5,1427895.35,60.24,6.95,15.3478,10.1327,1.5147,19.3,18.57
INDIGO,Interglobe Aviation Ltd,,24.5,1427895.35,60.24,6.95,16.9286,6.7439,2.5102,19.3,18.57
INDIGO,Interglobe Aviation Ltd,,24.5,1427895.35,60.24,6.95,22.42,8.0358,2.79,19.3,18.57
INDIGO,Interglobe Aviation Ltd,,24.5,1427895.35,60.24,6.95,49.3939,21.377,2.3106,19.3,18.57
INDIGO,Interglobe Aviation Ltd,,24.5,1427895.35,60.24,6.95,107.7273,13.5429,7.9545,19.3,18.57
INDIGO,Interglobe Aviation Ltd,,24.5,1427895.35,60.24,6.95,178.8636,30.2692,5.9091,19.3,18.57
INDUSINDBK,IndusInd Bank Ltd,15.2,7.93,1287117.57,60.27,1.94,0.0654,0.0078,8.3702,17.63,18.48
INDUSINDBK,IndusInd Bank Ltd,15.2,7.93,1287117.57,60.27,1.94,0.0967,0.0115,8.4275,17.63,18.48
INDUSINDBK,IndusInd Bank Ltd,15.2,7.93,1287117.57,60.27,1.94,0.1237,0.0119,10.4107,17.63,18.48
INDUSINDBK,IndusInd Bank Ltd,15.2,7.93,1287117.57,60.27,1.94,0.1273,0.0144,8.8471,17.63,18.48
INDUSINDBK,IndusInd Bank Ltd,15.2,7.93,1287117.57,60.27,1.94,0.1292,0.016,8.0751,17.63,18.48
INDUSINDBK,IndusInd Bank Ltd,15.2,7.93,1287117.57,60.27,1.94,0.1353,0.0161,8.3813,17.63,18.48
INDUSINDBK,IndusInd Bank Ltd,15.2,7.93,1287117.57,60.27,1.94,0.1389,0.0161,8.6529,17.63,18.48
INDUSINDBK,IndusInd Bank Ltd,15.2,7.93,1287117.57,60.27,1.94,0.1391,0.0145,9.6077,17.63,18.48
INDUSINDBK,IndusInd Bank Ltd,15.2,7.93,1287117.57,60.27,1.94,0.1425,0.0174,8.2,17.63,18.48
INDUSINDBK,IndusInd Bank Ltd,15.2,7.93,1287117.57,60.27,1.94,0.1513,0.0163,9.296,17.63,18.48
INDUSINDBK,IndusInd Bank Ltd,15.2,7.93,1287117.57,60.27,1.94,0.1557,0.0162,9.6236,17.63,18.48
INDUSINDBK,IndusInd Bank Ltd,15.2,7.93,1287117.57,60.27,1.94,0.1685,0.016,10.5023,17.63,18.48
INDUSINDBK,IndusInd Bank Ltd,15.2,7.93,1305732.17,68.96,5.36,0.0654,0.0078,8.3702,17.63,18.48
INDUSINDBK,IndusInd Bank Ltd,15.2,7.93,1305732.17,68.96,5.36,0.0967,0.0115,8.4275,17.63,18.48
INDUSINDBK,IndusInd Bank Ltd,15.2,7.93,1305732.17,68.96,5.36,0.1237,0.0119,10.4107,17.63,18.48
INDUSINDBK,IndusInd Bank Ltd,15.2,7.93,1305732.17,68.96,5.36,0.1273,0.0144,8.8471,17.63,18.48
INDUSINDBK,IndusInd Bank Ltd,15.2,7.93,1305732.17,68.96,5.36,0.1292,0.016,8.0751,17.63,18.48
INDUSINDBK,IndusInd Bank Ltd,15.2,7.93,1305732.17,68.96,5.36,0.1353,0.0161,8.3813,17.63,18.48
INDUSINDBK,IndusInd Bank Ltd,15.2,7.93,1305732.17,68.96,5.36,0.1389,0.0161,8.6529,17.63,18.48
INDUSINDBK,IndusInd Bank Ltd,15.2,7.93,1305732.17,68.96,5.36,0.1391,0.0145,9.6077,17.63,18.48
INDUSINDBK,IndusInd Bank Ltd,15.2,7.93,1305732.17,68.96,5.36,0.1425,0.0174,8.2,17.63,18.48
INDUSINDBK,IndusInd Bank Ltd,15.2,7.93,1305732.17,68.96,5.36,0.1513,0.0163,9.296,17.63,18.48
INDUSINDBK,IndusInd Bank Ltd,15.2,7.93,1305732.17,68.96,5.36,0.1557,0.0162,9.6236,17.63,18.48
INDUSINDBK,IndusInd Bank Ltd,15.2,7.93,1305732.17,68.96,5.36,0.1685,0.016,10.5023,17.63,18.48
INDUSINDBK,IndusInd Bank Ltd,15.2,7.93,1682555.96,49.44,2.2,0.0654,0.0078,8.3702,17.63,18.48
INDUSINDBK,IndusInd Bank Ltd,15.2,7.93,1682555.96,49.44,2.2,0.0967,0.0115,8.4275,17.63,18.48
INDUSINDBK,IndusInd Bank Ltd,15.2,7.93,1682555.96,49.44,2.2,0.1237,0.0119,10.4107,17.63,18.48
INDUSINDBK,IndusInd Bank Ltd,15.2,7.93,1682555.96,49.44,2.2,0.1273,0.0144,8.8471,17.63,18.48
INDUSINDBK,IndusInd Bank Ltd,15.2,7.93,1682555.96,49.44,2.2,0.1292,0.016,8.0751,17.63,18.48
INDUSINDBK,IndusInd Bank Ltd,15.2,7.93,1682555.96,49.44,2.2,0.1353,0.0161,8.3813,17.63,18.48
INDUSINDBK,IndusInd Bank Ltd,15.2,7.93,1682555.96,49.44,2.2,0.1389,0.0161,8.6529,17.63,18.48
INDUSINDBK,IndusInd Bank Ltd,15.2,7.93,1682555.96,49.44,2.2,0.1391,0.0145,9.6077,17.63,18.48
INDUSINDBK,IndusInd Bank Ltd,15.2,7.93,1682555.96,49.44,2.2,0.1425,0.0174,8.2,17.63,18.48
INDUSINDBK,IndusInd Bank Ltd,15.2,7.93,1682555.96,49.44,2.2,0.1513,0.0163,9.296,17.63,18.48
INDUSINDBK,IndusInd Bank Ltd,15.2,7.93,1682555.96,49.44,2.2,0.1557,0.0162,9.6236,17.63,18.48
INDUSINDBK,IndusInd Bank Ltd,15.2,7.93,1682555.96,49.44,2.2,0.1685,0.016,10.5023,17.63,18.48
INDUSINDBK,IndusInd Bank Ltd,15.2,7.93,1807433.12,8.99,3.7,0.0654,0.0078,8.3702,17.63,18.48
INDUSINDBK,IndusInd Bank Ltd,15.2,7.93,1807433.12,8.99,3.7,0.0967,0.0115,8.4275,17.63,18.48
INDUSINDBK,IndusInd Bank Ltd,15.2,7.93,1807433.12,8.99,3.7,0.1237,0.0119,10.4107,17.63,18.48
INDUSINDBK,IndusInd Bank Ltd,15.2,7.93,1807433.12,8.99,3.7,0.1273,0.0144,8.8471,17.63,18.48
INDUSINDBK,IndusInd Bank Ltd,15.2,7.93,1807433.12,8.99,3.7,0.1292,0.016,8.0751,17.63,18.48
INDUSINDBK,IndusInd Bank Ltd,15.2,7.93,1807433.12,8.99,3.7,0.1353,0.0161,8.3813,17.63,18.48
INDUSINDBK,IndusInd Bank Ltd,15.2,7.93,1807433.12,8.99,3.7,0.1389,0.0161,8.6529,17.63,18.48
INDUSINDBK,IndusInd Bank Ltd,15.2,7.93,1807433.12,8.99,3.7,0.1391,0.0145,9.6077,17.63,18.48
INDUSINDBK,IndusInd Bank Ltd,15.2,7.93,1807433.12,8.99,3.7,0.1425,0.0174,8.2,17.63,18.48
INDUSINDBK,IndusInd Bank Ltd,15.2,7.93,1807433.12,8.99,3.7,0.1513,0.0163,9.296,17.63,18.48
INDUSINDBK,IndusInd Bank Ltd,15.2,7.93,1807433.12,8.99,3.7,0.1557,0.0162,9.6236,17.63,18.48
INDUSINDBK,IndusInd Bank Ltd,15.2,7.93,1807433.12,8.99,3.7,0.1685,0.016,10.5023,17.63,18.48
INDUSINDBK,IndusInd Bank Ltd,15.2,7.93,1839916.06,71.98,0.61,0.0654,0.0078,8.3702,17.63,18.48
INDUSINDBK,IndusInd Bank Ltd,15.2,7.93,1839916.06,71.98,0.61,0.0967,0.0115,8.4275,17.63,18.48
INDUSINDBK,IndusInd Bank Ltd,15.2,7.93,1839916.06,71.98,0.61,0.1237,0.0119,10.4107,17.63,18.48
INDUSINDBK,IndusInd Bank Ltd,15.2,7.93,1839916.06,71.98,0.61,0.1273,0.0144,8.8471,17.63,18.48
INDUSINDBK,IndusInd Bank Ltd,15.2,7.93,1839916.06,71.98,0.61,0.1292,0.016,8.0751,17.63,18.48
INDUSINDBK,IndusInd Bank Ltd,15.2,7.93,1839916.06,71.98,0.61,0.1353,0.0161,8.3813,17.63,18.48
INDUSINDBK,IndusInd Bank Ltd,15.2,7.93,1839916.06,71.98,0.61,0.1389,0.0161,8.6529,17.63,18.48
INDUSINDBK,IndusInd Bank Ltd,15.2,7.93,1839916.06,71.98,0.61,0.1391,0.0145,9.6077,17.63,18.48
INDUSINDBK,IndusInd Bank Ltd,15.2,7.93,1839916.06,71.98,0.61,0.1425,0.0174,8.2,17.63,18.48
INDUSINDBK,IndusInd Bank Ltd,15.2,7.93,1839916.06,71.98,0.61,0.1513,0.0163,9.296,17.63,18.48
INDUSINDBK,IndusInd Bank Ltd,15.2,7.93,1839916.06,71.98,0.61,0.1557,0.0162,9.6236,17.63,18.48
INDUSINDBK,IndusInd Bank Ltd,15.2,7.93,1839916.06,71.98,0.61,0.1685,0.016,10.5023,17.63,18.48
INDUSINDBK,IndusInd Bank Ltd,15.2,7.93,2045876.29,51.73,8.29,0.0654,0.0078,8.3702,17.63,18.48
INDUSINDBK,IndusInd Bank Ltd,15.2,7.93,2045876.29,51.73,8.29,0.0967,0.0115,8.4275,17.63,18.48
INDUSINDBK,IndusInd Bank Ltd,15.2,7.93,2045876.29,51.73,8.29,0.1237,0.0119,10.4107,17.63,18.48
INDUSINDBK,IndusInd Bank Ltd,15.2,7.93,2045876.29,51.73,8.29,0.1273,0.0144,8.8471,17.63,18.48
INDUSINDBK,IndusInd Bank Ltd,15.2,7.93,2045876.29,51.73,8.29,0.1292,0.016,8.0751,17.63,18.48
INDUSINDBK,IndusInd Bank Ltd,15.2,7.93,2045876.29,51.73,8.29,0.1353,0.0161,8.3813,17.63,18.48
INDUSINDBK,IndusInd Bank Ltd,15.2,7.93,2045876.29,51.73,8.29,0.1389,0.0161,8.6529,17.63,18.48
INDUSINDBK,IndusInd Bank Ltd,15.2,7.93,2045876.29,51.73,8.29,0.1391,0.0145,9.6077,17.63,18.48
INDUSINDBK,IndusInd Bank Ltd,15.2,7.93,2045876.29,51.73,8.29,0.1425,0.0174,8.2,17.63,18.48
INDUSINDBK,IndusInd Bank Ltd,15.2,7.93,2045876.29,51.73,8.29,0.1513,0.0163,9.296,17.63,18.48
INDUSINDBK,IndusInd Bank Ltd,15.2,7.93,2045876.29,51.73,8.29,0.1557,0.0162,9.6236,17.63,18.48
INDUSINDBK,IndusInd Bank Ltd,15.2,7.93,2045876.29,51.73,8.29,0.1685,0.016,10.5023,17.63,18.48
INFY,Infosys Ltd,31.8,40.0,468232.33,26.14,13.59,0.2081,0.1726,1.2054,12.16,9.39
INFY,Infosys Ltd,31.8,40.0,468232.33,26.14,13.59,0.2185,0.1796,1.2163,12.16,9.39
INFY,Infosys Ltd,31.8,40.0,468232.33,26.14,13.59,0.2373,0.1833,1.2944,12.16,9.39
INFY,Infosys Ltd,31.8,40.0,468232.33,26.14,13.59,0.2393,0.1871,1.2793,12.16,9.39
INFY,Infosys Ltd,31.8,40.0,468232.33,26.14,13.59,0.2439,0.1866,1.3065,12.16,9.39
INFY,Infosys Ltd,31.8,40.0,468232.33,26.14,13.59,0.2469,0.202,1.2222,12.16,9.39
INFY,Infosys Ltd,31.8,40.0,468232.33,26.14,13.59,0.2482,0.2038,1.218,12.16,9.39
INFY,Infosys Ltd,31.8,40.0,468232.33,26.14,13.59,0.2542,0.1813,1.4026,12.16,9.39
INFY,Infosys Ltd,31.8,40.0,468232.33,26.14,13.59,0.2544,0.1807,1.4081,12.16,9.39
INFY,Infosys Ltd,31.8,40.0,468232.33,26.14,13.59,0.2939,0.1897,1.5492,12.16,9.39
INFY,Infosys Ltd,31.8,40.0,468232.33,26.14,13.59,0.2979,0.193,1.5436,12.16,9.39
INFY,Infosys Ltd,31.8,40.0,468232.33,26.14,13.59,0.3197,0.1935,1.6523,12.16,9.39
INFY,Infosys Ltd,31.8,40.0,473902.69,32.63,10.31,0.2081,0.1726,1.2054,12.16,9.39
INFY,Infosys Ltd,31.8,40.0,473902.69,32.63,10.31,0.2185,0.1796,1.2163,12.16,9.39
INFY,Infosys Ltd,31.8,40.0,473902.69,32.63,10.31,0.2373,0.1833,1.2944,12.16,9.39
INFY,Infosys Ltd,31.8,40.0,473902.69,32.63,10.31,0.2393,0.1871,1.2793,12.16,9.39
INFY,Infosys Ltd,31.8,40.0,473902.69,32.63,10.31,0.2439,0.1866,1.3065,12.16,9.39
INFY,Infosys Ltd,31.8,40.0,473902.69,32.63,10.31,0.2469,0.202,1.2222,12.16,9.39
INFY,Infosys Ltd,31.8,40.0,473902.69,32.63,10.31,0.2482,0.2038,1.218,12.16,9.39
INFY,Infosys Ltd,31.8,40.0,473902.69,32.63,10.31,0.2542,0.1813,1.4026,12.16,9.39
INFY,Infosys Ltd,31.8,40.0,473902.69,32.63,10.31,0.2544,0.1807,1.4081,12.16,9.39
INFY,Infosys Ltd,31.8,40.0,473902.69,32.63,10.31,0.2939,0.1897,1.5492,12.16,9.39
INFY,Infosys Ltd,31.8,40.0,473902.69,32.63,10.31,0.2979,0.193,1.5436,12.16,9.39
INFY,Infosys Ltd,31.8,40.0,473902.69,32.63,10.31,0.3197,0.1935,1.6523,12.16,9.39
INFY,Infosys Ltd,31.8,40.0,624026.61,31.65,1.88,0.2081,0.1726,1.2054,12.16,9.39
INFY,Infosys Ltd,31.8,40.0,624026.61,31.65,1.88,0.2185,0.1796,1.2163,12.16,9.39
INFY,Infosys Ltd,31.8,40.0,624026.61,31.65,1.88,0.2373,0.1833,1.2944,12.16,9.39
INFY,Infosys Ltd,31.8,40.0,624026.61,31.65,1.88,0.2393,0.1871,1.2793,12.16,9.39
INFY,Infosys Ltd,31.8,40.0,624026.61,31.65,1.88,0.2439,0.1866,1.3065,12.16,9.39
INFY,Infosys Ltd,31.8,40.0,624026.61,31.65,1.88,0.2469,0.202,1.2222,12.16,9.39
INFY,Infosys Ltd,31.8,40.0,624026.61,31.65,1.88,0.2482,0.2038,1.218,12.16,9.39
INFY,Infosys Ltd,31.8,40.0,624026.61,31.65,1.88,0.2542,0.1813,1.4026,12.16,9.39
INFY,Infosys Ltd,31.8,40.0,624026.61,31.65,1.88,0.2544,0.1807,1.4081,12.16,9.39
INFY,Infosys Ltd,31.8,40.0,624026.61,31.65,1.88,0.2939,0.1897,1.5492,12.16,9.39
INFY,Infosys Ltd,31.8,40.0,624026.61,31.65,1.88,0.2979,0.193,1.5436,12.16,9.39
INFY,Infosys Ltd,31.8,40.0,624026.61,31.65,1.88,0.3197,0.1935,1.6523,12.16,9.39
INFY,Infosys Ltd,31.8,40.0,800850.39,36.33,9.93,0.2081,0.1726,1.2054,12.16,9.39
INFY,Infosys Ltd,31.8,40.0,800850.39,36.33,9.93,0.2185,0.1796,1.2163,12.16,9.39
INFY,Infosys Ltd,31.8,40.0,800850.39,36.33,9.93,0.2373,0.1833,1.2944,12.16,9.39
INFY,Infosys Ltd,31.8,40.0,800850.39,36.33,9.93,0.2393,0.1871,1.2793,12.16,9.39
INFY,Infosys Ltd,31.8,40.0,800850.39,36.33,9.93,0.2439,0.1866,1.3065,12.16,9.39
INFY,Infosys Ltd,31.8,40.0,800850.39,36.33,9.93,0.2469,0.202,1.2222,12.16,9.39
INFY,Infosys Ltd,31.8,40.0,800850.39,36.33,9.93,0.2482,0.2038,1.218,12.16,9.39
INFY,Infosys Ltd,31.8,40.0,800850.39,36.33,9.93,0.2542,0.1813,1.4026,12.16,9.39
INFY,Infosys Ltd,31.8,40.0,800850.39,36.33,9.93,0.2544,0.1807,1.4081,12.16,9.39
INFY,Infosys Ltd,31.8,40.0,800850.39,36.33,9.93,0.2939,0.1897,1.5492,12.16,9.39
INFY,Infosys Ltd,31.8,40.0,800850.39,36.33,9.93,0.2979,0.193,1.5436,12.16,9.39
INFY,Infosys Ltd,31.8,40.0,800850.39,36.33,9.93,0.3197,0.1935,1.6523,12.16,9.39
INFY,Infosys Ltd,31.8,40.0,871427.0,71.12,11.97,0.2081,0.1726,1.2054,12.16,9.39
INFY,Infosys Ltd,31.8,40.0,871427.0,71.12,11.97,0.2185,0.1796,1.2163,12.16,9.39
INFY,Infosys Ltd,31.8,40.0,871427.0,71.12,11.97,0.2373,0.1833,1.2944,12.16,9.39
INFY,Infosys Ltd,31.8,40.0,871427.0,71.12,11.97,0.2393,0.1871,1.2793,12.16,9.39
INFY,Infosys Ltd,31.8,40.0,871427.0,71.12,11.97,0.2439,0.1866,1.3065,12.16,9.39
INFY,Infosys Ltd,31.8,40.0,871427.0,71.12,11.97,0.2469,0.202,1.2222,12.16,9.39
INFY,Infosys Ltd,31.8,40.0,871427.0,71.12,11.97,0.2482,0.2038,1.218,12.16,9.39
INFY,Infosys Ltd,31.8,40.0,871427.0,71.12,11.97,0.2542,0.1813,1.4026,12.16,9.39
INFY,Infosys Ltd,31.8,40.0,871427.0,71.12,11.97,0.2544,0.1807,1.4081,12.16,9.39
INFY,Infosys Ltd,31.8,40.0,871427.0,71.12,11.97,0.2939,0.1897,1.5492,12.16,9.39
INFY,Infosys Ltd,31.8,40.0,871427.0,71.12,11.97,0.2979,0.193,1.5436,12.16,9.39
INFY,Infosys Ltd,31.8,40.0,871427.0,71.12,11.97,0.3197,0.1935,1.6523,12.16,9.39
INFY,Infosys Ltd,31.8,40.0,1112279.92,35.99,8.97,0.2081,0.1726,1.2054,12.16,9.39
INFY,Infosys Ltd,31.8,40.0,1112279.92,35.99,8.97,0.2185,0.1796,1.2163,12.16,9.39
INFY,Infosys Ltd,31.8,40.0,1112279.92,35.99,8.97,0.2373,0.1833,1.2944,12.16,9.39
INFY,Infosys Ltd,31.8,40.0,1112279.92,35.99,8.97,0.2393,0.1871,1.2793,12.16,9.39
INFY,Infosys Ltd,31.8,40.0,1112279.92,35.99,8.97,0.2439,0.1866,1.3065,12.16,9.39
INFY,Infosys Ltd,31.8,40.0,1112279.92,35.99,8.97,0.2469,0.202,1.2222,12.16,9.39
INFY,Infosys Ltd,31.8,40.0,1112279.92,35.99,8.97,0.2482,0.2038,1.218,12.16,9.39
INFY,Infosys Ltd,31.8,40.0,1112279.92,35.99,8.97,0.2542,0.1813,1.4026,12.16,9.39
INFY,Infosys Ltd,31.8,40.0,1112279.92,35.99,8.97,0.2544,0.1807,1.4081,12.16,9.39
INFY,Infosys Ltd,31.8,40.0,1112279.92,35.99,8.97,0.2939,0.1897,1.5492,12.16,9.39
INFY,Infosys Ltd,31.8,40.0,1112279.92,35.99,8.97,0.2979,0.193,1.5436,12.16,9.39
INFY,Infosys Ltd,31.8,40.0,1112279.92,35.99,8.97,0.3197,0.1935,1.6523,12.16,9.39
IOC,"Indian Oil Corporation
",25.44,21.31,1122574.59,15.28,13.46,-0.0197,-0.0057,3.4588,4.26,9.61
IOC,"Indian Oil Corporation
",25.44,21.31,1122574.59,15.28,13.46,0.0575,0.015,3.8371,4.26,9.61
IOC,"Indian Oil Corporation
",25.44,21.31,1122574.59,15.28,13.46,0.0708,0.0208,3.3979,4.26,9.61
IOC,"Indian Oil Corporation
",25.44,21.31,1122574.59,15.28,13.46,0.0838,0.0265,3.1634,4.26,9.61
IOC,"Indian Oil Corporation
",25.44,21.31,1122574.59,15.28,13.46,0.1026,0.0262,3.9161,4.26,9.61
IOC,"Indian Oil Corporation
",25.44,21.31,1122574.59,15.28,13.46,0.138,0.0536,2.5752,4.26,9.61
IOC,"Indian Oil Corporation
",25.44,21.31,1122574.59,15.28,13.46,0.1536,0.0515,2.9818,4.26,9.61
IOC,"Indian Oil Corporation
",25.44,21.31,1122574.59,15.28,13.46,0.1927,0.0626,3.077,4.26,9.61
IOC,"Indian Oil Corporation
",25.44,21.31,1122574.59,15.28,13.46,0.1946,0.0613,3.1755,4.26,9.61
IOC,"Indian Oil Corporation
",25.44,21.31,1122574.59,15.28,13.46,0.1987,0.0765,2.5981,4.26,9.61
IOC,"Indian Oil Corporation
",25.44,21.31,1122574.59,15.28,13.46,0.1997,0.0745,2.681,4.26,9.61
IOC,"Indian Oil Corporation
",25.44,21.31,1122574.59,15.28,13.46,0.2353,0.0894,2.6316,4.26,9.61
IOC,"Indian Oil Corporation
",25.44,21.31,1296710.19,47.71,1.36,-0.0197,-0.0057,3.4588,4.26,9.61
IOC,"Indian Oil Corporation
",25.44,21.31,1296710.19,47.71,1.36,0.0575,0.015,3.8371,4.26,9.61
IOC,"Indian Oil Corporation
",25.44,21.31,1296710.19,47.71,1.36,0.0708,0.0208,3.3979,4.26,9.61
IOC,"Indian Oil Corporation
",25.44,21.31,1296710.19,47.71,1.36,0.0838,0.0265,3.1634,4.26,9.61
IOC,"Indian Oil Corporation
",25.44,21.31,1296710.19,47.71,1.36,0.1026,0.0262,3.9161,4.26,9.61
IOC,"Indian Oil Corporation
",25.44,21.31,1296710.19,47.71,1.36,0.138,0.0536,2.5752,4.26,9.61
IOC,"Indian Oil Corporation
",25.44,21.31,1296710.19,47.71,1.36,0.1536,0.0515,2.9818,4.26,9.61
IOC,"Indian Oil Corporation
",25.44,21.31,1296710.19,47.71,1.36,0.1927,0.0626,3.077,4.26,9.61
IOC,"Indian Oil Corporation
",25.44,21.31,1296710.19,47.71,1.36,0.1946,0.0613,3.1755,4.26,9.61
IOC,"Indian Oil Corporation
",25.44,21.31,1296710.19,47.71,1.36,0.1987,0.0765,2.5981,4.26,9.61
IOC,"Indian Oil Corporation
",25.44,21.31,1296710.19,47.71,1.36,0.1997,0.0745,2.681,4.26,9.61
IOC,"Indian Oil Corporation
",25.44,21.31,1296710.19,47.71,1.36,0.2353,0.0894,2.6316,4.26,9.61
IOC,"Indian Oil Corporation
",25.44,21.31,1309862.08,50.51,10.81,-0.0197,-0.0057,3.4588,4.26,9.61
IOC,"Indian Oil Corporation
",25.44,21.31,1309862.08,50.51,10.81,0.0575,0.015,3.8371,4.26,9.61
IOC,"Indian Oil Corporation
",25.44,21.31,1309862.08,50.51,10.81,0.0708,0.0208,3.3979,4.26,9.61
IOC,"Indian Oil Corporation
",25.44,21.31,1309862.08,50.51,10.81,0.0838,0.0265,3.1634,4.26,9.61
IOC,"Indian Oil Corporation
",25.44,21.31,1309862.08,50.51,10.81,0.1026,0.0262,3.9161,4.26,9.61
IOC,"Indian Oil Corporation
",25.44,21.31,1309862.08,50.51,10.81,0.138,0.0536,2.5752,4.26,9.61
IOC,"Indian Oil Corporation
",25.44,21.31,1309862.08,50.51,10.81,0.1536,0.0515,2.9818,4.26,9.61
IOC,"Indian Oil Corporation
",25.44,21.31,1309862.08,50.51,10.81,0.1927,0.0626,3.077,4.26,9.61
IOC,"Indian Oil Corporation
",25.44,21.31,1309862.08,50.51,10.81,0.1946,0.0613,3.1755,4.26,9.61
IOC,"Indian Oil Corporation
",25.44,21.31,1309862.08,50.51,10.81,0.1987,0.0765,2.5981,4.26,9.61
IOC,"Indian Oil Corporation
",25.44,21.31,1309862.08,50.51,10.81,0.1997,0.0745,2.681,4.26,9.61
IOC,"Indian Oil Corporation
",25.44,21.31,1309862.08,50.51,10.81,0.2353,0.0894,2.6316,4.26,9.61
IOC,"Indian Oil Corporation
",25.44,21.31,1418164.33,28.61,4.24,-0.0197,-0.0057,3.4588,4.26,9.61
IOC,"Indian Oil Corporation
",25.44,21.31,1418164.33,28.61,4.24,0.0575,0.015,3.8371,4.26,9.61
IOC,"Indian Oil Corporation
",25.44,21.31,1418164.33,28.61,4.24,0.0708,0.0208,3.3979,4.26,9.61
IOC,"Indian Oil Corporation
",25.44,21.31,1418164.33,28.61,4.24,0.0838,0.0265,3.1634,4.26,9.61
IOC,"Indian Oil Corporation
",25.44,21.31,1418164.33,28.61,4.24,0.1026,0.0262,3.9161,4.26,9.61
IOC,"Indian Oil Corporation
",25.44,21.31,1418164.33,28.61,4.24,0.138,0.0536,2.5752,4.26,9.61
IOC,"Indian Oil Corporation
",25.44,21.31,1418164.33,28.61,4.24,0.1536,0.0515,2.9818,4.26,9.61
IOC,"Indian Oil Corporation
",25.44,21.31,1418164.33,28.61,4.24,0.1927,0.0626,3.077,4.26,9.61
IOC,"Indian Oil Corporation
",25.44,21.31,1418164.33,28.61,4.24,0.1946,0.0613,3.1755,4.26,9.61
IOC,"Indian Oil Corporation
",25.44,21.31,1418164.33,28.61,4.24,0.1987,0.0765,2.5981,4.26,9.61
IOC,"Indian Oil Corporation
",25.44,21.31,1418164.33,28.61,4.24,0.1997,0.0745,2.681,4.26,9.61
IOC,"Indian Oil Corporation
",25.44,21.31,1418164.33,28.61,4.24,0.2353,0.0894,2.6316,4.26,9.61
IOC,"Indian Oil Corporation
",25.44,21.31,1605938.54,79.84,7.17,-0.0197,-0.0057,3.4588,4.26,9.61
IOC,"Indian Oil Corporation
",25.44,21.31,1605938.54,79.84,7.17,0.0575,0.015,3.8371,4.26,9.61
IOC,"Indian Oil Corporation
",25.44,21.31,1605938.54,79.84,7.17,0.0708,0.0208,3.3979,4.26,9.61
IOC,"Indian Oil Corporation
",25.44,21.31,1605938.54,79.84,7.17,0.0838,0.0265,3.1634,4.26,9.61
IOC,"Indian Oil Corporation
",25.44,21.31,1605938.54,79.84,7.17,0.1026,0.0262,3.9161,4.26,9.61
IOC,"Indian Oil Corporation
",25.44,21.31,1605938.54,79.84,7.17,0.138,0.0536,2.5752,4.26,9.61
IOC,"Indian Oil Corporation
",25.44,21.31,1605938.54,79.84,7.17,0.1536,0.0515,2.9818,4.26,9.61
IOC,"Indian Oil Corporation
",25.44,21.31,1605938.54,79.84,7.17,0.1927,0.0626,3.077,4.26,9.61
IOC,"Indian Oil Corporation
",25.44,21.31,1605938.54,79.84,7.17,0.1946,0.0613,3.1755,4.26,9.61
IOC,"Indian Oil Corporation
",25.44,21.31,1605938.54,79.84,7.17,0.1987,0.0765,2.5981,4.26,9.61
IOC,"Indian Oil Corporation
",25.44,21.31,1605938.54,79.84,7.17,0.1997,0.0745,2.681,4.26,9.61
IOC,"Indian Oil Corporation
",25.44,21.31,1605938.54,79.84,7.17,0.2353,0.0894,2.6316,4.26,9.61
IOC,"Indian Oil Corporation
",25.44,21.31,1666992.08,77.78,0.97,-0.0197,-0.0057,3.4588,4.26,9.61
IOC,"Indian Oil Corporation
",25.44,21.31,1666992.08,77.78,0.97,0.0575,0.015,3.8371,4.26,9.61
IOC,"Indian Oil Corporation
",25.44,21.31,1666992.08,77.78,0.97,0.0708,0.0208,3.3979,4.26,9.61
IOC,"Indian Oil Corporation
",25.44,21.31,1666992.08,77.78,0.97,0.0838,0.0265,3.1634,4.26,9.61
IOC,"Indian Oil Corporation
",25.44,21.31,1666992.08,77.78,0.97,0.1026,0.0262,3.9161,4.26,9.61
IOC,"Indian Oil Corporation
",25.44,21.31,1666992.08,77.78,0.97,0.138,0.0536,2.5752,4.26,9.61
IOC,"Indian Oil Corporation
",25.44,21.31,1666992.08,77.78,0.97,0.1536,0.0515,2.9818,4.26,9.61
IOC,"Indian Oil Corporation
",25.44,21.31,1666992.08,77.78,0.97,0.1927,0.0626,3.077,4.26,9.61
IOC,"Indian Oil Corporation
",25.44,21.31,1666992.08,77.78,0.97,0.1946,0.0613,3.1755,4.26,9.61
IOC,"Indian Oil Corporation
",25.44,21.31,1666992.08,77.78,0.97,0.1987,0.0765,2.5981,4.26,9.61
IOC,"Indian Oil Corporation
",25.44,21.31,1666992.08,77.78,0.97,0.1997,0.0745,2.681,4.26,9.61
IOC,"Indian Oil Corporation
",25.44,21.31,1666992.08,77.78,0.97,0.2353,0.0894,2.6316,4.26,9.61
IRCTC,Indian Railway Catering & Tourism Corporation Ltd,40.4,53.8,1081327.44,36.42,8.58,0.1284,0.0593,2.1655,15.45,24.79
IRCTC,Indian Railway Catering & Tourism Corporation Ltd,40.4,53.8,1081327.44,36.42,8.58,0.2314,0.0953,2.4283,15.45,24.79
IRCTC,Indian Railway Catering & Tourism Corporation Ltd,40.4,53.8,1081327.44,36.42,8.58,0.2885,0.1191,2.422,15.45,24.79
IRCTC,Indian Railway Catering & Tourism Corporation Ltd,40.4,53.8,1081327.44,36.42,8.58,0.291,0.1254,2.3202,15.45,24.79
IRCTC,Indian Railway Catering & Tourism Corporation Ltd,40.4,53.8,1081327.44,36.42,8.58,0.295,0.1127,2.6171,15.45,24.79
IRCTC,Indian Railway Catering & Tourism Corporation Ltd,40.4,53.8,1081327.44,36.42,8.58,0.344,0.1824,1.8858,15.45,24.79
IRCTC,Indian Railway Catering & Tourism Corporation Ltd,40.4,53.8,1081327.44,36.42,8.58,0.3487,0.1315,2.6513,15.45,24.79
IRCTC,Indian Railway Catering & Tourism Corporation Ltd,40.4,53.8,1081327.44,36.42,8.58,0.3529,0.1699,2.077,15.45,24.79
IRCTC,Indian Railway Catering & Tourism Corporation Ltd,40.4,53.8,1081327.44,36.42,8.58,0.3904,0.1583,2.4665,15.45,24.79
IRCTC,Indian Railway Catering & Tourism Corporation Ltd,40.4,53.8,1081327.44,36.42,8.58,0.406,0.1977,2.0537,15.45,24.79
IRCTC,Indian Railway Catering & Tourism Corporation Ltd,40.4,53.8,1100112.67,54.75,10.26,0.1284,0.0593,2.1655,15.45,24.79
IRCTC,Indian Railway Catering & Tourism Corporation Ltd,40.4,53.8,1100112.67,54.75,10.26,0.2314,0.0953,2.4283,15.45,24.79
IRCTC,Indian Railway Catering & Tourism Corporation Ltd,40.4,53.8,1100112.67,54.75,10.26,0.2885,0.1191,2.422,15.45,24.79
IRCTC,Indian Railway Catering & Tourism Corporation Ltd,40.4,53.8,1100112.67,54.75,10.26,0.291,0.1254,2.3202,15.45,24.79
IRCTC,Indian Railway Catering & Tourism Corporation Ltd,40.4,53.8,1100112.67,54.75,10.26,0.295,0.1127,2.6171,15.45,24.79
IRCTC,Indian Railway Catering & Tourism Corporation Ltd,40.4,53.8,1100112.67,54.75,10.26,0.344,0.1824,1.8858,15.45,24.79
IRCTC,Indian Railway Catering & Tourism Corporation Ltd,40.4,53.8,1100112.67,54.75,10.26,0.3487,0.1315,2.6513,15.45,24.79
IRCTC,Indian Railway Catering & Tourism Corporation Ltd,40.4,53.8,1100112.67,54.75,10.26,0.3529,0.1699,2.077,15.45,24.79
IRCTC,Indian Railway Catering & Tourism Corporation Ltd,40.4,53.8,1100112.67,54.75,10.26,0.3904,0.1583,2.4665,15.45,24.79
IRCTC,Indian Railway Catering & Tourism Corporation Ltd,40.4,53.8,1100112.67,54.75,10.26,0.406,0.1977,2.0537,15.45,24.79
IRCTC,Indian Railway Catering & Tourism Corporation Ltd,40.4,53.8,1245806.34,64.3,1.79,0.1284,0.0593,2.1655,15.45,24.79
IRCTC,Indian Railway Catering & Tourism Corporation Ltd,40.4,53.8,1245806.34,64.3,1.79,0.2314,0.0953,2.4283,15.45,24.79
IRCTC,Indian Railway Catering & Tourism Corporation Ltd,40.4,53.8,1245806.34,64.3,1.79,0.2885,0.1191,2.422,15.45,24.79
IRCTC,Indian Railway Catering & Tourism Corporation Ltd,40.4,53.8,1245806.34,64.3,1.79,0.291,0.1254,2.3202,15.45,24.79
IRCTC,Indian Railway Catering & Tourism Corporation Ltd,40.4,53.8,1245806.34,64.3,1.79,0.295,0.1127,2.6171,15.45,24.79
IRCTC,Indian Railway Catering & Tourism Corporation Ltd,40.4,53.8,1245806.34,64.3,1.79,0.344,0.1824,1.8858,15.45,24.79
IRCTC,Indian Railway Catering & Tourism Corporation Ltd,40.4,53.8,1245806.34,64.3,1.79,0.3487,0.1315,2.6513,15.45,24.79
IRCTC,Indian Railway Catering & Tourism Corporation Ltd,40.4,53.8,1245806.34,64.3,1.79,0.3529,0.1699,2.077,15.45,24.79
IRCTC,Indian Railway Catering & Tourism Corporation Ltd,40.4,53.8,1245806.34,64.3,1.79,0.3904,0.1583,2.4665,15.45,24.79
IRCTC,Indian Railway Catering & Tourism Corporation Ltd,40.4,53.8,1245806.34,64.3,1.79,0.406,0.1977,2.0537,15.45,24.79
IRCTC,Indian Railway Catering & Tourism Corporation Ltd,40.4,53.8,1258520.29,60.44,5.74,0.1284,0.0593,2.1655,15.45,24.79
IRCTC,Indian Railway Catering & Tourism Corporation Ltd,40.4,53.8,1258520.29,60.44,5.74,0.2314,0.0953,2.4283,15.45,24.79
IRCTC,Indian Railway Catering & Tourism Corporation Ltd,40.4,53.8,1258520.29,60.44,5.74,0.2885,0.1191,2.422,15.45,24.79
IRCTC,Indian Railway Catering & Tourism Corporation Ltd,40.4,53.8,1258520.29,60.44,5.74,0.291,0.1254,2.3202,15.45,24.79
IRCTC,Indian Railway Catering & Tourism Corporation Ltd,40.4,53.8,1258520.29,60.44,5.74,0.295,0.1127,2.6171,15.45,24.79
IRCTC,Indian Railway Catering & Tourism Corporation Ltd,40.4,53.8,1258520.29,60.44,5.74,0.344,0.1824,1.8858,15.45,24.79
IRCTC,Indian Railway Catering & Tourism Corporation Ltd,40.4,53.8,1258520.29,60.44,5.74,0.3487,0.1315,2.6513,15.45,24.79
IRCTC,Indian Railway Catering & Tourism Corporation Ltd,40.4,53.8,1258520.29,60.44,5.74,0.3529,0.1699,2.077,15.45,24.79
IRCTC,Indian Railway Catering & Tourism Corporation Ltd,40.4,53.8,1258520.29,60.44,5.74,0.3904,0.1583,2.4665,15.45,24.79
IRCTC,Indian Railway Catering & Tourism Corporation Ltd,40.4,53.8,1258520.29,60.44,5.74,0.406,0.1977,2.0537,15.45,24.79
IRCTC,Indian Railway Catering & Tourism Corporation Ltd,40.4,53.8,1322589.51,12.08,2.09,0.1284,0.0593,2.1655,15.45,24.79
IRCTC,Indian Railway Catering & Tourism Corporation Ltd,40.4,53.8,1322589.51,12.08,2.09,0.2314,0.0953,2.4283,15.45,24.79
IRCTC,Indian Railway Catering & Tourism Corporation Ltd,40.4,53.8,1322589.51,12.08,2.09,0.2885,0.1191,2.422,15.45,24.79
IRCTC,Indian Railway Catering & Tourism Corporation Ltd,40.4,53.8,1322589.51,12.08,2.09,0.291,0.1254,2.3202,15.45,24.79
IRCTC,Indian Railway Catering & Tourism Corporation Ltd,40.4,53.8,1322589.51,12.08,2.09,0.295,0.1127,2.6171,15.45,24.79
IRCTC,Indian Railway Catering & Tourism Corporation Ltd,40.4,53.8,1322589.51,12.08,2.09,0.344,0.1824,1.8858,15.45,24.79
IRCTC,Indian Railway Catering & Tourism Corporation Ltd,40.4,53.8,1322589.51,12.08,2.09,0.3487,0.1315,2.6513,15.45,24.79
IRCTC,Indian Railway Catering & Tourism Corporation Ltd,40.4,53.8,1322589.51,12.08,2.09,0.3529,0.1699,2.077,15.45,24.79
IRCTC,Indian Railway Catering & Tourism Corporation Ltd,40.4,53.8,1322589.51,12.08,2.09,0.3904,0.1583,2.4665,15.45,24.79
IRCTC,Indian Railway Catering & Tourism Corporation Ltd,40.4,53.8,1322589.51,12.08,2.09,0.406,0.1977,2.0537,15.45,24.79
IRCTC,Indian Railway Catering & Tourism Corporation Ltd,40.4,53.8,1359334.39,22.05,11.74,0.1284,0.0593,2.1655,15.45,24.79
IRCTC,Indian Railway Catering & Tourism Corporation Ltd,40.4,53.8,1359334.39,22.05,11.74,0.2314,0.0953,2.4283,15.45,24.79
IRCTC,Indian Railway Catering & Tourism Corporation Ltd,40.4,53.8,1359334.39,22.05,11.74,0.2885,0.1191,2.422,15.45,24.79
IRCTC,Indian Railway Catering & Tourism Corporation Ltd,40.4,53.8,1359334.39,22.05,11.74,0.291,0.1254,2.3202,15.45,24.79
IRCTC,Indian Railway Catering & Tourism Corporation Ltd,40.4,53.8,1359334.39,22.05,11.74,0.295,0.1127,2.6171,15.45,24.79
IRCTC,Indian Railway Catering & Tourism Corporation Ltd,40.4,53.8,1359334.39,22.05,11.74,0.344,0.1824,1.8858,15.45,24.79
IRCTC,Indian Railway Catering & Tourism Corporation Ltd,40.4,53.8,1359334.39,22.05,11.74,0.3487,0.1315,2.6513,15.45,24.79
IRCTC,Indian Railway Catering & Tourism Corporation Ltd,40.4,53.8,1359334.39,22.05,11.74,0.3529,0.1699,2.077,15.45,24.79
IRCTC,Indian Railway Catering & Tourism Corporation Ltd,40.4,53.8,1359334.39,22.05,11.74,0.3904,0.1583,2.4665,15.45,24.79
IRCTC,Indian Railway Catering & Tourism Corporation Ltd,40.4,53.8,1359334.39,22.05,11.74,0.406,0.1977,2.0537,15.45,24.79
IRFC,Indian Railway Finance Corporation Ltd,13.7,5.73,1180569.92,37.81,13.6,0.0737,0.0078,9.4056,14.06,23.45
IRFC,Indian Railway Finance Corporation Ltd,13.7,5.73,1180569.92,37.81,13.6,0.0778,0.0072,10.7961,14.06,23.45
IRFC,Indian Railway Finance Corporation Ltd,13.7,5.73,1180569.92,37.81,13.6,0.0816,0.0074,11.0658,14.06,23.45
IRFC,Indian Railway Finance Corporation Ltd,13.7,5.73,1180569.92,37.81,13.6,0.0873,0.0086,10.0953,14.06,23.45
IRFC,Indian Railway Finance Corporation Ltd,13.7,5.73,1180569.92,37.81,13.6,0.0901,0.0109,8.2549,14.06,23.45
IRFC,Indian Railway Finance Corporation Ltd,13.7,5.73,1180569.92,37.81,13.6,0.0927,0.0084,11.0989,14.06,23.45
IRFC,Indian Railway Finance Corporation Ltd,13.7,5.73,1180569.92,37.81,13.6,0.1054,0.0116,9.0928,14.06,23.45
IRFC,Indian Railway Finance Corporation Ltd,13.7,5.73,1180569.92,37.81,13.6,0.123,0.0116,10.5943,14.06,23.45
IRFC,Indian Railway Finance Corporation Ltd,13.7,5.73,1180569.92,37.81,13.6,0.1304,0.0132,9.8636,14.06,23.45
IRFC,Indian Railway Finance Corporation Ltd,13.7,5.73,1180569.92,37.81,13.6,0.138,0.0126,10.9747,14.06,23.45
IRFC,Indian Railway Finance Corporation Ltd,13.7,5.73,1180569.92,37.81,13.6,0.1475,0.0127,11.593,14.06,23.45
IRFC,Indian Railway Finance Corporation Ltd,13.7,5.73,1180569.92,37.81,13.6,0.1485,0.0135,10.9759,14.06,23.45
IRFC,Indian Railway Finance Corporation Ltd,13.7,5.73,1262848.07,24.73,1.86,0.0737,0.0078,9.4056,14.06,23.45
IRFC,Indian Railway Finance Corporation Ltd,13.7,5.73,1262848.07,24.73,1.86,0.0778,0.0072,10.7961,14.06,23.45
IRFC,Indian Railway Finance Corporation Ltd,13.7,5.73,1262848.07,24.73,1.86,0.0816,0.0074,11.0658,14.06,23.45
IRFC,Indian Railway Finance Corporation Ltd,13.7,5.73,1262848.07,24.73,1.86,0.0873,0.0086,10.0953,14.06,23.45
IRFC,Indian Railway Finance Corporation Ltd,13.7,5.73,1262848.07,24.73,1.86,0.0901,0.0109,8.2549,14.06,23.45
IRFC,Indian Railway Finance Corporation Ltd,13.7,5.73,1262848.07,24.73,1.86,0.0927,0.0084,11.0989,14.06,23.45
IRFC,Indian Railway Finance Corporation Ltd,13.7,5.73,1262848.07,24.73,1.86,0.1054,0.0116,9.0928,14.06,23.45
IRFC,Indian Railway Finance Corporation Ltd,13.7,5.73,1262848.07,24.73,1.86,0.123,0.0116,10.5943,14.06,23.45
IRFC,Indian Railway Finance Corporation Ltd,13.7,5.73,1262848.07,24.73,1.86,0.1304,0.0132,9.8636,14.06,23.45
IRFC,Indian Railway Finance Corporation Ltd,13.7,5.73,1262848.07,24.73,1.86,0.138,0.0126,10.9747,14.06,23.45
IRFC,Indian Railway Finance Corporation Ltd,13.7,5.73,1262848.07,24.73,1.86,0.1475,0.0127,11.593,14.06,23.45
IRFC,Indian Railway Finance Corporation Ltd,13.7,5.73,1262848.07,24.73,1.86,0.1485,0.0135,10.9759,14.06,23.45
IRFC,Indian Railway Finance Corporation Ltd,13.7,5.73,1481705.69,74.92,11.42,0.0737,0.0078,9.4056,14.06,23.45
IRFC,Indian Railway Finance Corporation Ltd,13.7,5.73,1481705.69,74.92,11.42,0.0778,0.0072,10.7961,14.06,23.45
IRFC,Indian Railway Finance Corporation Ltd,13.7,5.73,1481705.69,74.92,11.42,0.0816,0.0074,11.0658,14.06,23.45
IRFC,Indian Railway Finance Corporation Ltd,13.7,5.73,1481705.69,74.92,11.42,0.0873,0.0086,10.0953,14.06,23.45
IRFC,Indian Railway Finance Corporation Ltd,13.7,5.73,1481705.69,74.92,11.42,0.0901,0.0109,8.2549,14.06,23.45
IRFC,Indian Railway Finance Corporation Ltd,13.7,5.73,1481705.69,74.92,11.42,0.0927,0.0084,11.0989,14.06,23.45
IRFC,Indian Railway Finance Corporation Ltd,13.7,5.73,1481705.69,74.92,11.42,0.1054,0.0116,9.0928,14.06,23.45
IRFC,Indian Railway Finance Corporation Ltd,13.7,5.73,1481705.69,74.92,11.42,0.123,0.0116,10.5943,14.06,23.45
IRFC,Indian Railway Finance Corporation Ltd,13.7,5.73,1481705.69,74.92,11.42,0.1304,0.0132,9.8636,14.06,23.45
IRFC,Indian Railway Finance Corporation Ltd,13.7,5.73,1481705.69,74.92,11.42,0.138,0.0126,10.9747,14.06,23.45
IRFC,Indian Railway Finance Corporation Ltd,13.7,5.73,1481705.69,74.92,11.42,0.1475,0.0127,11.593,14.06,23.45
IRFC,Indian Railway Finance Corporation Ltd,13.7,5.73,1481705.69,74.92,11.42,0.1485,0.0135,10.9759,14.06,23.45
IRFC,Indian Railway Finance Corporation Ltd,13.7,5.73,1637618.34,35.23,1.11,0.0737,0.0078,9.4056,14.06,23.45
IRFC,Indian Railway Finance Corporation Ltd,13.7,5.73,1637618.34,35.23,1.11,0.0778,0.0072,10.7961,14.06,23.45
IRFC,Indian Railway Finance Corporation Ltd,13.7,5.73,1637618.34,35.23,1.11,0.0816,0.0074,11.0658,14.06,23.45
IRFC,Indian Railway Finance Corporation Ltd,13.7,5.73,1637618.34,35.23,1.11,0.0873,0.0086,10.0953,14.06,23.45
IRFC,Indian Railway Finance Corporation Ltd,13.7,5.73,1637618.34,35.23,1.11,0.0901,0.0109,8.2549,14.06,23.45
IRFC,Indian Railway Finance Corporation Ltd,13.7,5.73,1637618.34,35.23,1.11,0.0927,0.0084,11.0989,14.06,23.45
IRFC,Indian Railway Finance Corporation Ltd,13.7,5.73,1637618.34,35.23,1.11,0.1054,0.0116,9.0928,14.06,23.45
IRFC,Indian Railway Finance Corporation Ltd,13.7,5.73,1637618.34,35.23,1.11,0.123,0.0116,10.5943,14.06,23.45
IRFC,Indian Railway Finance Corporation Ltd,13.7,5.73,1637618.34,35.23,1.11,0.1304,0.0132,9.8636,14.06,23.45
IRFC,Indian Railway Finance Corporation Ltd,13.7,5.73,1637618.34,35.23,1.11,0.138,0.0126,10.9747,14.06,23.45
IRFC,Indian Railway Finance Corporation Ltd,13.7,5.73,1637618.34,35.23,1.11,0.1475,0.0127,11.593,14.06,23.45
IRFC,Indian Railway Finance Corporation Ltd,13.7,5.73,1637618.34,35.23,1.11,0.1485,0.0135,10.9759,14.06,23.45
IRFC,Indian Railway Finance Corporation Ltd,13.7,5.73,2059203.5,52.73,4.09,0.0737,0.0078,9.4056,14.06,23.45
IRFC,Indian Railway Finance Corporation Ltd,13.7,5.73,2059203.5,52.73,4.09,0.0778,0.0072,10.7961,14.06,23.45
IRFC,Indian Railway Finance Corporation Ltd,13.7,5.73,2059203.5,52.73,4.09,0.0816,0.0074,11.0658,14.06,23.45
IRFC,Indian Railway Finance Corporation Ltd,13.7,5.73,2059203.5,52.73,4.09,0.0873,0.0086,10.0953,14.06,23.45
IRFC,Indian Railway Finance Corporation Ltd,13.7,5.73,2059203.5,52.73,4.09,0.0901,0.0109,8.2549,14.06,23.45
IRFC,Indian Railway Finance Corporation Ltd,13.7,5.73,2059203.5,52.73,4.09,0.0927,0.0084,11.0989,14.06,23.45
IRFC,Indian Railway Finance Corporation Ltd,13.7,5.73,2059203.5,52.73,4.09,0.1054,0.0116,9.0928,14.06,23.45
IRFC,Indian Railway Finance Corporation Ltd,13.7,5.73,2059203.5,52.73,4.09,0.123,0.0116,10.5943,14.06,23.45
IRFC,Indian Railway Finance Corporation Ltd,13.7,5.73,2059203.5,52.73,4.09,0.1304,0.0132,9.8636,14.06,23.45
IRFC,Indian Railway Finance Corporation Ltd,13.7,5.73,2059203.5,52.73,4.09,0.138,0.0126,10.9747,14.06,23.45
IRFC,Indian Railway Finance Corporation Ltd,13.7,5.73,2059203.5,52.73,4.09,0.1475,0.0127,11.593,14.06,23.45
IRFC,Indian Railway Finance Corporation Ltd,13.7,5.73,2059203.5,52.73,4.09,0.1485,0.0135,10.9759,14.06,23.45
IRFC,Indian Railway Finance Corporation Ltd,13.7,5.73,2618348.58,9.81,3.91,0.0737,0.0078,9.4056,14.06,23.45
IRFC,Indian Railway Finance Corporation Ltd,13.7,5.73,2618348.58,9.81,3.91,0.0778,0.0072,10.7961,14.06,23.45
IRFC,Indian Railway Finance Corporation Ltd,13.7,5.73,2618348.58,9.81,3.91,0.0816,0.0074,11.0658,14.06,23.45
IRFC,Indian Railway Finance Corporation Ltd,13.7,5.73,2618348.58,9.81,3.91,0.0873,0.0086,10.0953,14.06,23.45
IRFC,Indian Railway Finance Corporation Ltd,13.7,5.73,2618348.58,9.81,3.91,0.0901,0.0109,8.2549,14.06,23.45
IRFC,Indian Railway Finance Corporation Ltd,13.7,5.73,2618348.58,9.81,3.91,0.0927,0.0084,11.0989,14.06,23.45
IRFC,Indian Railway Finance Corporation Ltd,13.7,5.73,2618348.58,9.81,3.91,0.1054,0.0116,9.0928,14.06,23.45
IRFC,Indian Railway Finance Corporation Ltd,13.7,5.73,2618348.58,9.81,3.91,0.123,0.0116,10.5943,14.06,23.45
IRFC,Indian Railway Finance Corporation Ltd,13.7,5.73,2618348.58,9.81,3.91,0.1304,0.0132,9.8636,14.06,23.45
IRFC,Indian Railway Finance Corporation Ltd,13.7,5.73,2618348.58,9.81,3.91,0.138,0.0126,10.9747,14.06,23.45
IRFC,Indian Railway Finance Corporation Ltd,13.7,5.73,2618348.58,9.81,3.91,0.1475,0.0127,11.593,14.06,23.45
IRFC,Indian Railway Finance Corporation Ltd,13.7,5.73,2618348.58,9.81,3.91,0.1485,0.0135,10.9759,14.06,23.45
ITC,"ITC Ltd
",29.47,34.76,215793.67,69.58,1.15,0.217,0.1789,1.213,7.48,8.64
ITC,"ITC Ltd
",29.47,34.76,215793.67,69.58,1.15,0.2189,0.1789,1.2234,7.48,8.64
ITC,"ITC Ltd
",29.47,34.76,215793.67,69.58,1.15,0.2218,0.1814,1.2223,7.48,8.64
ITC,"ITC Ltd
",29.47,34.76,215793.67,69.58,1.15,0.2226,0.1839,1.2102,7.48,8.64
ITC,"ITC Ltd
",29.47,34.76,215793.67,69.58,1.15,0.2257,0.1874,1.2044,7.48,8.64
ITC,"ITC Ltd
",29.47,34.76,215793.67,69.58,1.15,0.2389,0.2017,1.1844,7.48,8.64
ITC,"ITC Ltd
",29.47,34.76,215793.67,69.58,1.15,0.2482,0.2008,1.236,7.48,8.64
ITC,"ITC Ltd
",29.47,34.76,215793.67,69.58,1.15,0.2785,0.2262,1.2315,7.48,8.64
ITC,"ITC Ltd
",29.47,34.76,215793.67,69.58,1.15,0.2816,0.2269,1.2411,7.48,8.64
ITC,"ITC Ltd
",29.47,34.76,215793.67,69.58,1.15,0.3081,0.2128,1.4479,7.48,8.64
ITC,"ITC Ltd
",29.47,34.76,215793.67,69.58,1.15,0.3305,0.2204,1.4997,7.48,8.64
ITC,"ITC Ltd
",29.47,34.76,215793.67,69.58,1.15,0.3327,0.2181,1.5256,7.48,8.64
ITC,"ITC Ltd
",29.47,34.76,281943.95,72.45,1.41,0.217,0.1789,1.213,7.48,8.64
ITC,"ITC Ltd
",29.47,34.76,281943.95,72.45,1.41,0.2189,0.1789,1.2234,7.48,8.64
ITC,"ITC Ltd
",29.47,34.76,281943.95,72.45,1.41,0.2218,0.1814,1.2223,7.48,8.64
ITC,"ITC Ltd
",29.47,34.76,281943.95,72.45,1.41,0.2226,0.1839,1.2102,7.48,8.64
ITC,"ITC Ltd
",29.47,34.76,281943.95,72.45,1.41,0.2257,0.1874,1.2044,7.48,8.64
ITC,"ITC Ltd
",29.47,34.76,281943.95,72.45,1.41,0.2389,0.2017,1.1844,7.48,8.64
ITC,"ITC Ltd
",29.47,34.76,281943.95,72.45,1.41,0.2482,0.2008,1.236,7.48,8.64
ITC,"ITC Ltd
",29.47,34.76,281943.95,72.45,1.41,0.2785,0.2262,1.2315,7.48,8.64
ITC,"ITC Ltd
",29.47,34.76,281943.95,72.45,1.41,0.2816,0.2269,1.2411,7.48,8.64
ITC,"ITC Ltd
",29.47,34.76,281943.95,72.45,1.41,0.3081,0.2128,1.4479,7.48,8.64
ITC,"ITC Ltd
",29.47,34.76,281943.95,72.45,1.41,0.3305,0.2204,1.4997,7.48,8.64
ITC,"ITC Ltd
",29.47,34.76,281943.95,72.45,1.41,0.3327,0.2181,1.5256,7.48,8.64
ITC,"ITC Ltd
",29.47,34.76,332245.58,47.85,3.24,0.217,0.1789,1.213,7.48,8.64
ITC,"ITC Ltd
",29.47,34.76,332245.58,47.85,3.24,0.2189,0.1789,1.2234,7.48,8.64
ITC,"ITC Ltd
",29.47,34.76,332245.58,47.85,3.24,0.2218,0.1814,1.2223,7.48,8.64
ITC,"ITC Ltd
",29.47,34.76,332245.58,47.85,3.24,0.2226,0.1839,1.2102,7.48,8.64
ITC,"ITC Ltd
",29.47,34.76,332245.58,47.85,3.24,0.2257,0.1874,1.2044,7.48,8.64
ITC,"ITC Ltd
",29.47,34.76,332245.58,47.85,3.24,0.2389,0.2017,1.1844,7.48,8.64
ITC,"ITC Ltd
",29.47,34.76,332245.58,47.85,3.24,0.2482,0.2008,1.236,7.48,8.64
ITC,"ITC Ltd
",29.47,34.76,332245.58,47.85,3.24,0.2785,0.2262,1.2315,7.48,8.64
ITC,"ITC Ltd
",29.47,34.76,332245.58,47.85,3.24,0.2816,0.2269,1.2411,7.48,8.64
ITC,"ITC Ltd
",29.47,34.76,332245.58,47.85,3.24,0.3081,0.2128,1.4479,7.48,8.64
ITC,"ITC Ltd
",29.47,34.76,332245.58,47.85,3.24,0.3305,0.2204,1.4997,7.48,8.64
ITC,"ITC Ltd
",29.47,34.76,332245.58,47.85,3.24,0.3327,0.2181,1.5256,7.48,8.64
ITC,"ITC Ltd
",29.47,34.76,366869.92,73.65,6.34,0.217,0.1789,1.213,7.48,8.64
ITC,"ITC Ltd
",29.47,34.76,366869.92,73.65,6.34,0.2189,0.1789,1.2234,7.48,8.64
ITC,"ITC Ltd
",29.47,34.76,366869.92,73.65,6.34,0.2218,0.1814,1.2223,7.48,8.64
ITC,"ITC Ltd
",29.47,34.76,366869.92,73.65,6.34,0.2226,0.1839,1.2102,7.48,8.64
ITC,"ITC Ltd
",29.47,34.76,366869.92,73.65,6.34,0.2257,0.1874,1.2044,7.48,8.64
ITC,"ITC Ltd
",29.47,34.76,366869.92,73.65,6.34,0.2389,0.2017,1.1844,7.48,8.64
ITC,"ITC Ltd
",29.47,34.76,366869.92,73.65,6.34,0.2482,0.2008,1.236,7.48,8.64
ITC,"ITC Ltd
",29.47,34.76,366869.92,73.65,6.34,0.2785,0.2262,1.2315,7.48,8.64
ITC,"ITC Ltd
",29.47,34.76,366869.92,73.65,6.34,0.2816,0.2269,1.2411,7.48,8.64
ITC,"ITC Ltd
",29.47,34.76,366869.92,73.65,6.34,0.3081,0.2128,1.4479,7.48,8.64
ITC,"ITC Ltd
",29.47,34.76,366869.92,73.65,6.34,0.3305,0.2204,1.4997,7.48,8.64
ITC,"ITC Ltd
",29.47,34.76,366869.92,73.65,6.34,0.3327,0.2181,1.5256,7.48,8.64
ITC,"ITC Ltd
",29.47,34.76,376827.06,55.53,3.36,0.217,0.1789,1.213,7.48,8.64
ITC,"ITC Ltd
",29.47,34.76,376827.06,55.53,3.36,0.2189,0.1789,1.2234,7.48,8.64
ITC,"ITC Ltd
",29.47,34.76,376827.06,55.53,3.36,0.2218,0.1814,1.2223,7.48,8.64
ITC,"ITC Ltd
",29.47,34.76,376827.06,55.53,3.36,0.2226,0.1839,1.2102,7.48,8.64
ITC,"ITC Ltd
",29.47,34.76,376827.06,55.53,3.36,0.2257,0.1874,1.2044,7.48,8.64
ITC,"ITC Ltd
",29.47,34.76,376827.06,55.53,3.36,0.2389,0.2017,1.1844,7.48,8.64
ITC,"ITC Ltd
",29.47,34.76,376827.06,55.53,3.36,0.2482,0.2008,1.236,7.48,8.64
ITC,"ITC Ltd
",29.47,34.76,376827.06,55.53,3.36,0.2785,0.2262,1.2315,7.48,8.64
ITC,"ITC Ltd
",29.47,34.76,376827.06,55.53,3.36,0.2816,0.2269,1.2411,7.48,8.64
ITC,"ITC Ltd
",29.47,34.76,376827.06,55.53,3.36,0.3081,0.2128,1.4479,7.48,8.64
ITC,"ITC Ltd
",29.47,34.76,376827.06,55.53,3.36,0.3305,0.2204,1.4997,7.48,8.64
ITC,"ITC Ltd
",29.47,34.76,376827.06,55.53,3.36,0.3327,0.2181,1.5256,7.48,8.64
ITC,"ITC Ltd
",29.47,34.76,390285.11,33.63,11.99,0.217,0.1789,1.213,7.48,8.64
ITC,"ITC Ltd
",29.47,34.76,390285.11,33.63,11.99,0.2189,0.1789,1.2234,7.48,8.64
ITC,"ITC Ltd
",29.47,34.76,390285.11,33.63,11.99,0.2218,0.1814,1.2223,7.48,8.64
ITC,"ITC Ltd
",29.47,34.76,390285.11,33.63,11.99,0.2226,0.1839,1.2102,7.48,8.64
ITC,"ITC Ltd
",29.47,34.76,390285.11,33.63,11.99,0.2257,0.1874,1.2044,7.48,8.64
ITC,"ITC Ltd
",29.47,34.76,390285.11,33.63,11.99,0.2389,0.2017,1.1844,7.48,8.64
ITC,"ITC Ltd
",29.47,34.76,390285.11,33.63,11.99,0.2482,0.2008,1.236,7.48,8.64
ITC,"ITC Ltd
",29.47,34.76,390285.11,33.63,11.99,0.2785,0.2262,1.2315,7.48,8.64
ITC,"ITC Ltd
",29.47,34.76,390285.11,33.63,11.99,0.2816,0.2269,1.2411,7.48,8.64
ITC,"ITC Ltd
",29.47,34.76,390285.11,33.63,11.99,0.3081,0.2128,1.4479,7.48,8.64
ITC,"ITC Ltd
",29.47,34.76,390285.11,33.63,11.99,0.3305,0.2204,1.4997,7.48,8.64
ITC,"ITC Ltd
",29.47,34.76,390285.11,33.63,11.99,0.3327,0.2181,1.5256,7.48,8.64
JINDALSTEL,Jindal Steel & Power Ltd,14.1,13.2,349306.1,47.36,3.25,-0.0952,-0.0334,2.8486,8.03,4.59
JINDALSTEL,Jindal Steel & Power Ltd,14.1,13.2,349306.1,47.36,3.25,-0.0845,-0.028,3.014,8.03,4.59
JINDALSTEL,Jindal Steel & Power Ltd,14.1,13.2,349306.1,47.36,3.25,-0.0752,-0.0271,2.7739,8.03,4.59
JINDALSTEL,Jindal Steel & Power Ltd,14.1,13.2,349306.1,47.36,3.25,-0.069,-0.0192,3.5898,8.03,4.59
JINDALSTEL,Jindal Steel & Power Ltd,14.1,13.2,349306.1,47.36,3.25,-0.0532,-0.0181,2.9366,8.03,4.59
JINDALSTEL,Jindal Steel & Power Ltd,14.1,13.2,349306.1,47.36,3.25,-0.0124,-0.0045,2.7925,8.03,4.59
JINDALSTEL,Jindal Steel & Power Ltd,14.1,13.2,349306.1,47.36,3.25,0.0839,0.0275,3.0479,8.03,4.59
JINDALSTEL,Jindal Steel & Power Ltd,14.1,13.2,349306.1,47.36,3.25,0.1027,0.0572,1.7937,8.03,4.59
JINDALSTEL,Jindal Steel & Power Ltd,14.1,13.2,349306.1,47.36,3.25,0.1341,0.0548,2.4466,8.03,4.59
JINDALSTEL,Jindal Steel & Power Ltd,14.1,13.2,349306.1,47.36,3.25,0.1341,0.0755,1.7753,8.03,4.59
JINDALSTEL,Jindal Steel & Power Ltd,14.1,13.2,349306.1,47.36,3.25,0.1389,0.0517,2.6855,8.03,4.59
JINDALSTEL,Jindal Steel & Power Ltd,14.1,13.2,349306.1,47.36,3.25,0.1899,0.0883,2.1514,8.03,4.59
JINDALSTEL,Jindal Steel & Power Ltd,14.1,13.2,375828.8,35.51,9.13,-0.0952,-0.0334,2.8486,8.03,4.59
JINDALSTEL,Jindal Steel & Power Ltd,14.1,13.2,375828.8,35.51,9.13,-0.0845,-0.028,3.014,8.03,4.59
JINDALSTEL,Jindal Steel & Power Ltd,14.1,13.2,375828.8,35.51,9.13,-0.0752,-0.0271,2.7739,8.03,4.59
JINDALSTEL,Jindal Steel & Power Ltd,14.1,13.2,375828.8,35.51,9.13,-0.069,-0.0192,3.5898,8.03,4.59
JINDALSTEL,Jindal Steel & Power Ltd,14.1,13.2,375828.8,35.51,9.13,-0.0532,-0.0181,2.9366,8.03,4.59
JINDALSTEL,Jindal Steel & Power Ltd,14.1,13.2,375828.8,35.51,9.13,-0.0124,-0.0045,2.7925,8.03,4.59
JINDALSTEL,Jindal Steel & Power Ltd,14.1,13.2,375828.8,35.51,9.13,0.0839,0.0275,3.0479,8.03,4.59
JINDALSTEL,Jindal Steel & Power Ltd,14.1,13.2,375828.8,35.51,9.13,0.1027,0.0572,1.7937,8.03,4.59
JINDALSTEL,Jindal Steel & Power Ltd,14.1,13.2,375828.8,35.51,9.13,0.1341,0.0548,2.4466,8.03,4.59
JINDALSTEL,Jindal Steel & Power Ltd,14.1,13.2,375828.8,35.51,9.13,0.1341,0.0755,1.7753,8.03,4.59
JINDALSTEL,Jindal Steel & Power Ltd,14.1,13.2,375828.8,35.51,9.13,0.1389,0.0517,2.6855,8.03,4.59
JINDALSTEL,Jindal Steel & Power Ltd,14.1,13.2,375828.8,35.51,9.13,0.1899,0.0883,2.1514,8.03,4.59
JINDALSTEL,Jindal Steel & Power Ltd,14.1,13.2,396587.97,77.64,5.73,-0.0952,-0.0334,2.8486,8.03,4.59
JINDALSTEL,Jindal Steel & Power Ltd,14.1,13.2,396587.97,77.64,5.73,-0.0845,-0.028,3.014,8.03,4.59
JINDALSTEL,Jindal Steel & Power Ltd,14.1,13.2,396587.97,77.64,5.73,-0.0752,-0.0271,2.7739,8.03,4.59
JINDALSTEL,Jindal Steel & Power Ltd,14.1,13.2,396587.97,77.64,5.73,-0.069,-0.0192,3.5898,8.03,4.59
JINDALSTEL,Jindal Steel & Power Ltd,14.1,13.2,396587.97,77.64,5.73,-0.0532,-0.0181,2.9366,8.03,4.59
JINDALSTEL,Jindal Steel & Power Ltd,14.1,13.2,396587.97,77.64,5.73,-0.0124,-0.0045,2.7925,8.03,4.59
JINDALSTEL,Jindal Steel & Power Ltd,14.1,13.2,396587.97,77.64,5.73,0.0839,0.0275,3.0479,8.03,4.59
JINDALSTEL,Jindal Steel & Power Ltd,14.1,13.2,396587.97,77.64,5.73,0.1027,0.0572,1.7937,8.03,4.59
JINDALSTEL,Jindal Steel & Power Ltd,14.1,13.2,396587.97,77.64,5.73,0.1341,0.0548,2.4466,8.03,4.59
JINDALSTEL,Jindal Steel & Power Ltd,14.1,13.2,396587.97,77.64,5.73,0.1341,0.0755,1.7753,8.03,4.59
JINDALSTEL,Jindal Steel & Power Ltd,14.1,13.2,396587.97,77.64,5.73,0.1389,0.0517,2.6855,8.03,4.59
JINDALSTEL,Jindal Steel & Power Ltd,14.1,13.2,396587.97,77.64,5.73,0.1899,0.0883,2.1514,8.03,4.59
JINDALSTEL,Jindal Steel & Power Ltd,14.1,13.2,399948.98,29.77,10.36,-0.0952,-0.0334,2.8486,8.03,4.59
JINDALSTEL,Jindal Steel & Power Ltd,14.1,13.2,399948.98,29.77,10.36,-0.0845,-0.028,3.014,8.03,4.59
JINDALSTEL,Jindal Steel & Power Ltd,14.1,13.2,399948.98,29.77,10.36,-0.0752,-0.0271,2.7739,8.03,4.59
JINDALSTEL,Jindal Steel & Power Ltd,14.1,13.2,399948.98,29.77,10.36,-0.069,-0.0192,3.5898,8.03,4.59
JINDALSTEL,Jindal Steel & Power Ltd,14.1,13.2,399948.98,29.77,10.36,-0.0532,-0.0181,2.9366,8.03,4.59
JINDALSTEL,Jindal Steel & Power Ltd,14.1,13.2,399948.98,29.77,10.36,-0.0124,-0.0045,2.7925,8.03,4.59
JINDALSTEL,Jindal Steel & Power Ltd,14.1,13.2,399948.98,29.77,10.36,0.0839,0.0275,3.0479,8.03,4.59
JINDALSTEL,Jindal Steel & Power Ltd,14.1,13.2,399948.98,29.77,10.36,0.1027,0.0572,1.7937,8.03,4.59
JINDALSTEL,Jindal Steel & Power Ltd,14.1,13.2,399948.98,29.77,10.36,0.1341,0.0548,2.4466,8.03,4.59
JINDALSTEL,Jindal Steel & Power Ltd,14.1,13.2,399948.98,29.77,10.36,0.1341,0.0755,1.7753,8.03,4.59
JINDALSTEL,Jindal Steel & Power Ltd,14.1,13.2,399948.98,29.77,10.36,0.1389,0.0517,2.6855,8.03,4.59
JINDALSTEL,Jindal Steel & Power Ltd,14.1,13.2,399948.98,29.77,10.36,0.1899,0.0883,2.1514,8.03,4.59
JINDALSTEL,Jindal Steel & Power Ltd,14.1,13.2,417203.18,39.16,8.97,-0.0952,-0.0334,2.8486,8.03,4.59
JINDALSTEL,Jindal Steel & Power Ltd,14.1,13.2,417203.18,39.16,8.97,-0.0845,-0.028,3.014,8.03,4.59
JINDALSTEL,Jindal Steel & Power Ltd,14.1,13.2,417203.18,39.16,8.97,-0.0752,-0.0271,2.7739,8.03,4.59
JINDALSTEL,Jindal Steel & Power Ltd,14.1,13.2,417203.18,39.16,8.97,-0.069,-0.0192,3.5898,8.03,4.59
JINDALSTEL,Jindal Steel & Power Ltd,14.1,13.2,417203.18,39.16,8.97,-0.0532,-0.0181,2.9366,8.03,4.59
JINDALSTEL,Jindal Steel & Power Ltd,14.1,13.2,417203.18,39.16,8.97,-0.0124,-0.0045,2.7925,8.03,4.59
JINDALSTEL,Jindal Steel & Power Ltd,14.1,13.2,417203.18,39.16,8.97,0.0839,0.0275,3.0479,8.03,4.59
JINDALSTEL,Jindal Steel & Power Ltd,14.1,13.2,417203.18,39.16,8.97,0.1027,0.0572,1.7937,8.03,4.59
JINDALSTEL,Jindal Steel & Power Ltd,14.1,13.2,417203.18,39.16,8.97,0.1341,0.0548,2.4466,8.03,4.59
JINDALSTEL,Jindal Steel & Power Ltd,14.1,13.2,417203.18,39.16,8.97,0.1341,0.0755,1.7753,8.03,4.59
JINDALSTEL,Jindal Steel & Power Ltd,14.1,13.2,417203.18,39.16,8.97,0.1389,0.0517,2.6855,8.03,4.59
JINDALSTEL,Jindal Steel & Power Ltd,14.1,13.2,417203.18,39.16,8.97,0.1899,0.0883,2.1514,8.03,4.59
JINDALSTEL,Jindal Steel & Power Ltd,14.1,13.2,421683.82,73.96,8.84,-0.0952,-0.0334,2.8486,8.03,4.59
JINDALSTEL,Jindal Steel & Power Ltd,14.1,13.2,421683.82,73.96,8.84,-0.0845,-0.028,3.014,8.03,4.59
JINDALSTEL,Jindal Steel & Power Ltd,14.1,13.2,421683.82,73.96,8.84,-0.0752,-0.0271,2.7739,8.03,4.59
JINDALSTEL,Jindal Steel & Power Ltd,14.1,13.2,421683.82,73.96,8.84,-0.069,-0.0192,3.5898,8.03,4.59
JINDALSTEL,Jindal Steel & Power Ltd,14.1,13.2,421683.82,73.96,8.84,-0.0532,-0.0181,2.9366,8.03,4.59
JINDALSTEL,Jindal Steel & Power Ltd,14.1,13.2,421683.82,73.96,8.84,-0.0124,-0.0045,2.7925,8.03,4.59
JINDALSTEL,Jindal Steel & Power Ltd,14.1,13.2,421683.82,73.96,8.84,0.0839,0.0275,3.0479,8.03,4.59
JINDALSTEL,Jindal Steel & Power Ltd,14.1,13.2,421683.82,73.96,8.84,0.1027,0.0572,1.7937,8.03,4.59
JINDALSTEL,Jindal Steel & Power Ltd,14.1,13.2,421683.82,73.96,8.84,0.1341,0.0548,2.4466,8.03,4.59
JINDALSTEL,Jindal Steel & Power Ltd,14.1,13.2,421683.82,73.96,8.84,0.1341,0.0755,1.7753,8.03,4.59
JINDALSTEL,Jindal Steel & Power Ltd,14.1,13.2,421683.82,73.96,8.84,0.1389,0.0517,2.6855,8.03,4.59
JINDALSTEL,Jindal Steel & Power Ltd,14.1,13.2,421683.82,73.96,8.84,0.1899,0.0883,2.1514,8.03,4.59
JIOFIN,Jio Financial Services Ltd,1.82,2.16,538148.59,12.61,12.66,0.0003,0.0003,1.0071,561.31,619.99
JIOFIN,Jio Financial Services Ltd,1.82,2.16,538148.59,12.61,12.66,0.0115,0.0111,1.0411,561.31,619.99
JIOFIN,Jio Financial Services Ltd,1.82,2.16,558776.67,13.6,5.5,0.0003,0.0003,1.0071,561.31,619.99
JIOFIN,Jio Financial Services Ltd,1.82,2.16,558776.67,13.6,5.5,0.0115,0.0111,1.0411,561.31,619.99
JIOFIN,Jio Financial Services Ltd,1.82,2.16,727695.83,74.86,14.75,0.0003,0.0003,1.0071,561.31,619.99
JIOFIN,Jio Financial Services Ltd,1.82,2.16,727695.83,74.86,14.75,0.0115,0.0111,1.0411,561.31,619.99
JIOFIN,Jio Financial Services Ltd,1.82,2.16,922325.59,70.04,9.08,0.0003,0.0003,1.0071,561.31,619.99
JIOFIN,Jio Financial Services Ltd,1.82,2.16,922325.59,70.04,9.08,0.0115,0.0111,1.0411,561.31,619.99
JIOFIN,Jio Financial Services Ltd,1.82,2.16,1137314.0,65.98,7.88,0.0003,0.0003,1.0071,561.31,619.99
JIOFIN,Jio Financial Services Ltd,1.82,2.16,1137314.0,65.98,7.88,0.0115,0.0111,1.0411,561.31,619.99
JIOFIN,Jio Financial Services Ltd,1.82,2.16,1401774.99,34.24,9.91,0.0003,0.0003,1.0071,561.31,619.99
JIOFIN,Jio Financial Services Ltd,1.82,2.16,1401774.99,34.24,9.91,0.0115,0.0111,1.0411,561.31,619.99
JSWENERGY,JSW Energy Ltd,8.4,8.59,62025.39,38.52,14.43,0.0077,0.0032,2.4051,2.13,6.82
JSWENERGY,JSW Energy Ltd,8.4,8.59,62025.39,38.52,14.43,0.0567,0.0314,1.8065,2.13,6.82
JSWENERGY,JSW Energy Ltd,8.4,8.59,62025.39,38.52,14.43,0.0579,0.0264,2.193,2.13,6.82
JSWENERGY,JSW Energy Ltd,8.4,8.59,62025.39,38.52,14.43,0.0601,0.0219,2.7379,2.13,6.82
JSWENERGY,JSW Energy Ltd,8.4,8.59,62025.39,38.52,14.43,0.0794,0.0306,2.599,2.13,6.82
JSWENERGY,JSW Energy Ltd,8.4,8.59,62025.39,38.52,14.43,0.0828,0.0299,2.773,2.13,6.82
JSWENERGY,JSW Energy Ltd,8.4,8.59,62025.39,38.52,14.43,0.0928,0.0434,2.1407,2.13,6.82
JSWENERGY,JSW Energy Ltd,8.4,8.59,62025.39,38.52,14.43,0.1001,0.0571,1.7522,2.13,6.82
JSWENERGY,JSW Energy Ltd,8.4,8.59,62025.39,38.52,14.43,0.1157,0.0395,2.9286,2.13,6.82
JSWENERGY,JSW Energy Ltd,8.4,8.59,62025.39,38.52,14.43,0.1452,0.0442,3.2847,2.13,6.82
JSWENERGY,JSW Energy Ltd,8.4,8.59,62025.39,38.52,14.43,0.1505,0.0512,2.941,2.13,6.82
JSWENERGY,JSW Energy Ltd,8.4,8.59,62025.39,38.52,14.43,0.1806,0.0699,2.5831,2.13,6.82
JSWENERGY,JSW Energy Ltd,8.4,8.59,66726.89,71.29,3.09,0.0077,0.0032,2.4051,2.13,6.82
JSWENERGY,JSW Energy Ltd,8.4,8.59,66726.89,71.29,3.09,0.0567,0.0314,1.8065,2.13,6.82
JSWENERGY,JSW Energy Ltd,8.4,8.59,66726.89,71.29,3.09,0.0579,0.0264,2.193,2.13,6.82
JSWENERGY,JSW Energy Ltd,8.4,8.59,66726.89,71.29,3.09,0.0601,0.0219,2.7379,2.13,6.82
JSWENERGY,JSW Energy Ltd,8.4,8.59,66726.89,71.29,3.09,0.0794,0.0306,2.599,2.13,6.82
JSWENERGY,JSW Energy Ltd,8.4,8.59,66726.89,71.29,3.09,0.0828,0.0299,2.773,2.13,6.82
JSWENERGY,JSW Energy Ltd,8.4,8.59,66726.89,71.29,3.09,0.0928,0.0434,2.1407,2.13,6.82
JSWENERGY,JSW Energy Ltd,8.4,8.59,66726.89,71.29,3.09,0.1001,0.0571,1.7522,2.13,6.82
JSWENERGY,JSW Energy Ltd,8.4,8.59,66726.89,71.29,3.09,0.1157,0.0395,2.9286,2.13,6.82
JSWENERGY,JSW Energy Ltd,8.4,8.59,66726.89,71.29,3.09,0.1452,0.0442,3.2847,2.13,6.82
JSWENERGY,JSW Energy Ltd,8.4,8.59,66726.89,71.29,3.09,0.1505,0.0512,2.941,2.13,6.82
JSWENERGY,JSW Energy Ltd,8.4,8.59,66726.89,71.29,3.09,0.1806,0.0699,2.5831,2.13,6.82
JSWENERGY,JSW Energy Ltd,8.4,8.59,74355.45,36.57,13.65,0.0077,0.0032,2.4051,2.13,6.82
JSWENERGY,JSW Energy Ltd,8.4,8.59,74355.45,36.57,13.65,0.0567,0.0314,1.8065,2.13,6.82
JSWENERGY,JSW Energy Ltd,8.4,8.59,74355.45,36.57,13.65,0.0579,0.0264,2.193,2.13,6.82
JSWENERGY,JSW Energy Ltd,8.4,8.59,74355.45,36.57,13.65,0.0601,0.0219,2.7379,2.13,6.82
JSWENERGY,JSW Energy Ltd,8.4,8.59,74355.45,36.57,13.65,0.0794,0.0306,2.599,2.13,6.82
JSWENERGY,JSW Energy Ltd,8.4,8.59,74355.45,36.57,13.65,0.0828,0.0299,2.773,2.13,6.82
JSWENERGY,JSW Energy Ltd,8.4,8.59,74355.45,36.57,13.65,0.0928,0.0434,2.1407,2.13,6.82
JSWENERGY,JSW Energy Ltd,8.4,8.59,74355.45,36.57,13.65,0.1001,0.0571,1.7522,2.13,6.82
JSWENERGY,JSW Energy Ltd,8.4,8.59,74355.45,36.57,13.65,0.1157,0.0395,2.9286,2.13,6.82
JSWENERGY,JSW Energy Ltd,8.4,8.59,74355.45,36.57,13.65,0.1452,0.0442,3.2847,2.13,6.82
JSWENERGY,JSW Energy Ltd,8.4,8.59,74355.45,36.57,13.65,0.1505,0.0512,2.941,2.13,6.82
JSWENERGY,JSW Energy Ltd,8.4,8.59,74355.45,36.57,13.65,0.1806,0.0699,2.5831,2.13,6.82
JSWENERGY,JSW Energy Ltd,8.4,8.59,87619.18,33.5,2.05,0.0077,0.0032,2.4051,2.13,6.82
JSWENERGY,JSW Energy Ltd,8.4,8.59,87619.18,33.5,2.05,0.0567,0.0314,1.8065,2.13,6.82
JSWENERGY,JSW Energy Ltd,8.4,8.59,87619.18,33.5,2.05,0.0579,0.0264,2.193,2.13,6.82
JSWENERGY,JSW Energy Ltd,8.4,8.59,87619.18,33.5,2.05,0.0601,0.0219,2.7379,2.13,6.82
JSWENERGY,JSW Energy Ltd,8.4,8.59,87619.18,33.5,2.05,0.0794,0.0306,2.599,2.13,6.82
JSWENERGY,JSW Energy Ltd,8.4,8.59,87619.18,33.5,2.05,0.0828,0.0299,2.773,2.13,6.82
JSWENERGY,JSW Energy Ltd,8.4,8.59,87619.18,33.5,2.05,0.0928,0.0434,2.1407,2.13,6.82
JSWENERGY,JSW Energy Ltd,8.4,8.59,87619.18,33.5,2.05,0.1001,0.0571,1.7522,2.13,6.82
JSWENERGY,JSW Energy Ltd,8.4,8.59,87619.18,33.5,2.05,0.1157,0.0395,2.9286,2.13,6.82
JSWENERGY,JSW Energy Ltd,8.4,8.59,87619.18,33.5,2.05,0.1452,0.0442,3.2847,2.13,6.82
JSWENERGY,JSW Energy Ltd,8.4,8.59,87619.18,33.5,2.05,0.1505,0.0512,2.941,2.13,6.82
JSWENERGY,JSW Energy Ltd,8.4,8.59,87619.18,33.5,2.05,0.1806,0.0699,2.5831,2.13,6.82
JSWENERGY,JSW Energy Ltd,8.4,8.59,95613.82,42.08,0.76,0.0077,0.0032,2.4051,2.13,6.82
JSWENERGY,JSW Energy Ltd,8.4,8.59,95613.82,42.08,0.76,0.0567,0.0314,1.8065,2.13,6.82
JSWENERGY,JSW Energy Ltd,8.4,8.59,95613.82,42.08,0.76,0.0579,0.0264,2.193,2.13,6.82
JSWENERGY,JSW Energy Ltd,8.4,8.59,95613.82,42.08,0.76,0.0601,0.0219,2.7379,2.13,6.82
JSWENERGY,JSW Energy Ltd,8.4,8.59,95613.82,42.08,0.76,0.0794,0.0306,2.599,2.13,6.82
JSWENERGY,JSW Energy Ltd,8.4,8.59,95613.82,42.08,0.76,0.0828,0.0299,2.773,2.13,6.82
JSWENERGY,JSW Energy Ltd,8.4,8.59,95613.82,42.08,0.76,0.0928,0.0434,2.1407,2.13,6.82
JSWENERGY,JSW Energy Ltd,8.4,8.59,95613.82,42.08,0.76,0.1001,0.0571,1.7522,2.13,6.82
JSWENERGY,JSW Energy Ltd,8.4,8.59,95613.82,42.08,0.76,0.1157,0.0395,2.9286,2.13,6.82
JSWENERGY,JSW Energy Ltd,8.4,8.59,95613.82,42.08,0.76,0.1452,0.0442,3.2847,2.13,6.82
JSWENERGY,JSW Energy Ltd,8.4,8.59,95613.82,42.08,0.76,0.1505,0.0512,2.941,2.13,6.82
JSWENERGY,JSW Energy Ltd,8.4,8.59,95613.82,42.08,0.76,0.1806,0.0699,2.5831,2.13,6.82
JSWENERGY,JSW Energy Ltd,8.4,8.59,110870.53,24.79,9.88,0.0077,0.0032,2.4051,2.13,6.82
JSWENERGY,JSW Energy Ltd,8.4,8.59,110870.53,24.79,9.88,0.0567,0.0314,1.8065,2.13,6.82
JSWENERGY,JSW Energy Ltd,8.4,8.59,110870.53,24.79,9.88,0.0579,0.0264,2.193,2.13,6.82
JSWENERGY,JSW Energy Ltd,8.4,8.59,110870.53,24.79,9.88,0.0601,0.0219,2.7379,2.13,6.82
JSWENERGY,JSW Energy Ltd,8.4,8.59,110870.53,24.79,9.88,0.0794,0.0306,2.599,2.13,6.82
JSWENERGY,JSW Energy Ltd,8.4,8.59,110870.53,24.79,9.88,0.0828,0.0299,2.773,2.13,6.82
JSWENERGY,JSW Energy Ltd,8.4,8.59,110870.53,24.79,9.88,0.0928,0.0434,2.1407,2.13,6.82
JSWENERGY,JSW Energy Ltd,8.4,8.59,110870.53,24.79,9.88,0.1001,0.0571,1.7522,2.13,6.82
JSWENERGY,JSW Energy Ltd,8.4,8.59,110870.53,24.79,9.88,0.1157,0.0395,2.9286,2.13,6.82
JSWENERGY,JSW Energy Ltd,8.4,8.59,110870.53,24.79,9.88,0.1452,0.0442,3.2847,2.13,6.82
JSWENERGY,JSW Energy Ltd,8.4,8.59,110870.53,24.79,9.88,0.1505,0.0512,2.941,2.13,6.82
JSWENERGY,JSW Energy Ltd,8.4,8.59,110870.53,24.79,9.88,0.1806,0.0699,2.5831,2.13,6.82
JSWSTEEL,JSW Steel Ltd,11.66,13.36,1475187.02,35.01,7.86,-0.0254,-0.0059,4.3186,13.26,11.17
JSWSTEEL,JSW Steel Ltd,11.66,13.36,1475187.02,35.01,7.86,0.019,0.0052,3.6668,13.26,11.17
JSWSTEEL,JSW Steel Ltd,11.66,13.36,1475187.02,35.01,7.86,0.0544,0.0162,3.3702,13.26,11.17
JSWSTEEL,JSW Steel Ltd,11.66,13.36,1475187.02,35.01,7.86,0.063,0.0197,3.2048,13.26,11.17
JSWSTEEL,JSW Steel Ltd,11.66,13.36,1475187.02,35.01,7.86,0.0773,0.0201,3.8427,13.26,11.17
JSWSTEEL,JSW Steel Ltd,11.66,13.36,1475187.02,35.01,7.86,0.1071,0.0297,3.6017,13.26,11.17
JSWSTEEL,JSW Steel Ltd,11.66,13.36,1475187.02,35.01,7.86,0.1155,0.0394,2.9342,13.26,11.17
JSWSTEEL,JSW Steel Ltd,11.66,13.36,1475187.02,35.01,7.86,0.1531,0.0394,3.8859,13.26,11.17
JSWSTEEL,JSW Steel Ltd,11.66,13.36,1475187.02,35.01,7.86,0.1684,0.0531,3.1716,13.26,11.17
JSWSTEEL,JSW Steel Ltd,11.66,13.36,1475187.02,35.01,7.86,0.2162,0.0655,3.2992,13.26,11.17
JSWSTEEL,JSW Steel Ltd,11.66,13.36,1475187.02,35.01,7.86,0.2183,0.0665,3.2849,13.26,11.17
JSWSTEEL,JSW Steel Ltd,11.66,13.36,1475187.02,35.01,7.86,0.3111,0.1066,2.9197,13.26,11.17
JSWSTEEL,JSW Steel Ltd,11.66,13.36,1978764.31,34.84,1.91,-0.0254,-0.0059,4.3186,13.26,11.17
JSWSTEEL,JSW Steel Ltd,11.66,13.36,1978764.31,34.84,1.91,0.019,0.0052,3.6668,13.26,11.17
JSWSTEEL,JSW Steel Ltd,11.66,13.36,1978764.31,34.84,1.91,0.0544,0.0162,3.3702,13.26,11.17
JSWSTEEL,JSW Steel Ltd,11.66,13.36,1978764.31,34.84,1.91,0.063,0.0197,3.2048,13.26,11.17
JSWSTEEL,JSW Steel Ltd,11.66,13.36,1978764.31,34.84,1.91,0.0773,0.0201,3.8427,13.26,11.17
JSWSTEEL,JSW Steel Ltd,11.66,13.36,1978764.31,34.84,1.91,0.1071,0.0297,3.6017,13.26,11.17
JSWSTEEL,JSW Steel Ltd,11.66,13.36,1978764.31,34.84,1.91,0.1155,0.0394,2.9342,13.26,11.17
JSWSTEEL,JSW Steel Ltd,11.66,13.36,1978764.31,34.84,1.91,0.1531,0.0394,3.8859,13.26,11.17
JSWSTEEL,JSW Steel Ltd,11.66,13.36,1978764.31,34.84,1.91,0.1684,0.0531,3.1716,13.26,11.17
JSWSTEEL,JSW Steel Ltd,11.66,13.36,1978764.31,34.84,1.91,0.2162,0.0655,3.2992,13.26,11.17
JSWSTEEL,JSW Steel Ltd,11.66,13.36,1978764.31,34.84,1.91,0.2183,0.0665,3.2849,13.26,11.17
JSWSTEEL,JSW Steel Ltd,11.66,13.36,1978764.31,34.84,1.91,0.3111,0.1066,2.9197,13.26,11.17
JSWSTEEL,JSW Steel Ltd,11.66,13.36,2101814.77,8.68,9.24,-0.0254,-0.0059,4.3186,13.26,11.17
JSWSTEEL,JSW Steel Ltd,11.66,13.36,2101814.77,8.68,9.24,0.019,0.0052,3.6668,13.26,11.17
JSWSTEEL,JSW Steel Ltd,11.66,13.36,2101814.77,8.68,9.24,0.0544,0.0162,3.3702,13.26,11.17
JSWSTEEL,JSW Steel Ltd,11.66,13.36,2101814.77,8.68,9.24,0.063,0.0197,3.2048,13.26,11.17
JSWSTEEL,JSW Steel Ltd,11.66,13.36,2101814.77,8.68,9.24,0.0773,0.0201,3.8427,13.26,11.17
JSWSTEEL,JSW Steel Ltd,11.66,13.36,2101814.77,8.68,9.24,0.1071,0.0297,3.6017,13.26,11.17
JSWSTEEL,JSW Steel Ltd,11.66,13.36,2101814.77,8.68,9.24,0.1155,0.0394,2.9342,13.26,11.17
JSWSTEEL,JSW Steel Ltd,11.66,13.36,2101814.77,8.68,9.24,0.1531,0.0394,3.8859,13.26,11.17
JSWSTEEL,JSW Steel Ltd,11.66,13.36,2101814.77,8.68,9.24,0.1684,0.0531,3.1716,13.26,11.17
JSWSTEEL,JSW Steel Ltd,11.66,13.36,2101814.77,8.68,9.24,0.2162,0.0655,3.2992,13.26,11.17
JSWSTEEL,JSW Steel Ltd,11.66,13.36,2101814.77,8.68,9.24,0.2183,0.0665,3.2849,13.26,11.17
JSWSTEEL,JSW Steel Ltd,11.66,13.36,2101814.77,8.68,9.24,0.3111,0.1066,2.9197,13.26,11.17
JSWSTEEL,JSW Steel Ltd,11.66,13.36,2171392.42,60.28,3.42,-0.0254,-0.0059,4.3186,13.26,11.17
JSWSTEEL,JSW Steel Ltd,11.66,13.36,2171392.42,60.28,3.42,0.019,0.0052,3.6668,13.26,11.17
JSWSTEEL,JSW Steel Ltd,11.66,13.36,2171392.42,60.28,3.42,0.0544,0.0162,3.3702,13.26,11.17
JSWSTEEL,JSW Steel Ltd,11.66,13.36,2171392.42,60.28,3.42,0.063,0.0197,3.2048,13.26,11.17
JSWSTEEL,JSW Steel Ltd,11.66,13.36,2171392.42,60.28,3.42,0.0773,0.0201,3.8427,13.26,11.17
JSWSTEEL,JSW Steel Ltd,11.66,13.36,2171392.42,60.28,3.42,0.1071,0.0297,3.6017,13.26,11.17
JSWSTEEL,JSW Steel Ltd,11.66,13.36,2171392.42,60.28,3.42,0.1155,0.0394,2.9342,13.26,11.17
JSWSTEEL,JSW Steel Ltd,11.66,13.36,2171392.42,60.28,3.42,0.1531,0.0394,3.8859,13.26,11.17
JSWSTEEL,JSW Steel Ltd,11.66,13.36,2171392.42,60.28,3.42,0.1684,0.0531,3.1716,13.26,11.17
JSWSTEEL,JSW Steel Ltd,11.66,13.36,2171392.42,60.28,3.42,0.2162,0.0655,3.2992,13.26,11.17
JSWSTEEL,JSW Steel Ltd,11.66,13.36,2171392.42,60.28,3.42,0.2183,0.0665,3.2849,13.26,11.17
JSWSTEEL,JSW Steel Ltd,11.66,13.36,2171392.42,60.28,3.42,0.3111,0.1066,2.9197,13.26,11.17
JSWSTEEL,JSW Steel Ltd,11.66,13.36,2278384.96,36.76,12.62,-0.0254,-0.0059,4.3186,13.26,11.17
JSWSTEEL,JSW Steel Ltd,11.66,13.36,2278384.96,36.76,12.62,0.019,0.0052,3.6668,13.26,11.17
JSWSTEEL,JSW Steel Ltd,11.66,13.36,2278384.96,36.76,12.62,0.0544,0.0162,3.3702,13.26,11.17
JSWSTEEL,JSW Steel Ltd,11.66,13.36,2278384.96,36.76,12.62,0.063,0.0197,3.2048,13.26,11.17
JSWSTEEL,JSW Steel Ltd,11.66,13.36,2278384.96,36.76,12.62,0.0773,0.0201,3.8427,13.26,11.17
JSWSTEEL,JSW Steel Ltd,11.66,13.36,2278384.96,36.76,12.62,0.1071,0.0297,3.6017,13.26,11.17
JSWSTEEL,JSW Steel Ltd,11.66,13.36,2278384.96,36.76,12.62,0.1155,0.0394,2.9342,13.26,11.17
JSWSTEEL,JSW Steel Ltd,11.66,13.36,2278384.96,36.76,12.62,0.1531,0.0394,3.8859,13.26,11.17
JSWSTEEL,JSW Steel Ltd,11.66,13.36,2278384.96,36.76,12.62,0.1684,0.0531,3.1716,13.26,11.17
JSWSTEEL,JSW Steel Ltd,11.66,13.36,2278384.96,36.76,12.62,0.2162,0.0655,3.2992,13.26,11.17
JSWSTEEL,JSW Steel Ltd,11.66,13.36,2278384.96,36.76,12.62,0.2183,0.0665,3.2849,13.26,11.17
JSWSTEEL,JSW Steel Ltd,11.66,13.36,2278384.96,36.76,12.62,0.3111,0.1066,2.9197,13.26,11.17
JSWSTEEL,JSW Steel Ltd,11.66,13.36,2612646.38,69.27,4.37,-0.0254,-0.0059,4.3186,13.26,11.17
JSWSTEEL,JSW Steel Ltd,11.66,13.36,2612646.38,69.27,4.37,0.019,0.0052,3.6668,13.26,11.17
JSWSTEEL,JSW Steel Ltd,11.66,13.36,2612646.38,69.27,4.37,0.0544,0.0162,3.3702,13.26,11.17
JSWSTEEL,JSW Steel Ltd,11.66,13.36,2612646.38,69.27,4.37,0.063,0.0197,3.2048,13.26,11.17
JSWSTEEL,JSW Steel Ltd,11.66,13.36,2612646.38,69.27,4.37,0.0773,0.0201,3.8427,13.26,11.17
JSWSTEEL,JSW Steel Ltd,11.66,13.36,2612646.38,69.27,4.37,0.1071,0.0297,3.6017,13.26,11.17
JSWSTEEL,JSW Steel Ltd,11.66,13.36,2612646.38,69.27,4.37,0.1155,0.0394,2.9342,13.26,11.17
JSWSTEEL,JSW Steel Ltd,11.66,13.36,2612646.38,69.27,4.37,0.1531,0.0394,3.8859,13.26,11.17
JSWSTEEL,JSW Steel Ltd,11.66,13.36,2612646.38,69.27,4.37,0.1684,0.0531,3.1716,13.26,11.17
JSWSTEEL,JSW Steel Ltd,11.66,13.36,2612646.38,69.27,4.37,0.2162,0.0655,3.2992,13.26,11.17
JSWSTEEL,JSW Steel Ltd,11.66,13.36,2612646.38,69.27,4.37,0.2183,0.0665,3.2849,13.26,11.17
JSWSTEEL,JSW Steel Ltd,11.66,13.36,2612646.38,69.27,4.37,0.3111,0.1066,2.9197,13.26,11.17
KOTAKBANK,"Kotak Mahindra Bank Ltd
",15.1,7.86,430223.52,32.9,1.15,0.1056,0.0146,7.2175,15.96,21.22
KOTAKBANK,"Kotak Mahindra Bank Ltd
",15.1,7.86,430223.52,32.9,1.15,0.1185,0.0209,5.6777,15.96,21.22
KOTAKBANK,"Kotak Mahindra Bank Ltd
",15.1,7.86,430223.52,32.9,1.15,0.124,0.0185,6.6891,15.96,21.22
KOTAKBANK,"Kotak Mahindra Bank Ltd
",15.1,7.86,430223.52,32.9,1.15,0.1247,0.0182,6.8391,15.96,21.22
KOTAKBANK,"Kotak Mahindra Bank Ltd
",15.1,7.86,430223.52,32.9,1.15,0.1251,0.0221,5.6535,15.96,21.22
KOTAKBANK,"Kotak Mahindra Bank Ltd
",15.1,7.86,430223.52,32.9,1.15,0.129,0.0194,6.6506,15.96,21.22
KOTAKBANK,"Kotak Mahindra Bank Ltd
",15.1,7.86,430223.52,32.9,1.15,0.1304,0.0182,7.1752,15.96,21.22
KOTAKBANK,"Kotak Mahindra Bank Ltd
",15.1,7.86,430223.52,32.9,1.15,0.1324,0.0207,6.4031,15.96,21.22
KOTAKBANK,"Kotak Mahindra Bank Ltd
",15.1,7.86,430223.52,32.9,1.15,0.1335,0.0241,5.5488,15.96,21.22
KOTAKBANK,"Kotak Mahindra Bank Ltd
",15.1,7.86,430223.52,32.9,1.15,0.1401,0.0209,6.7008,15.96,21.22
KOTAKBANK,"Kotak Mahindra Bank Ltd
",15.1,7.86,430223.52,32.9,1.15,0.1401,0.0237,5.9064,15.96,21.22
KOTAKBANK,"Kotak Mahindra Bank Ltd
",15.1,7.86,430223.52,32.9,1.15,0.1466,0.0193,7.5873,15.96,21.22
KOTAKBANK,"Kotak Mahindra Bank Ltd
",15.1,7.86,455106.0,73.13,3.75,0.1056,0.0146,7.2175,15.96,21.22
KOTAKBANK,"Kotak Mahindra Bank Ltd
",15.1,7.86,455106.0,73.13,3.75,0.1185,0.0209,5.6777,15.96,21.22
KOTAKBANK,"Kotak Mahindra Bank Ltd
",15.1,7.86,455106.0,73.13,3.75,0.124,0.0185,6.6891,15.96,21.22
KOTAKBANK,"Kotak Mahindra Bank Ltd
",15.1,7.86,455106.0,73.13,3.75,0.1247,0.0182,6.8391,15.96,21.22
KOTAKBANK,"Kotak Mahindra Bank Ltd
",15.1,7.86,455106.0,73.13,3.75,0.1251,0.0221,5.6535,15.96,21.22
KOTAKBANK,"Kotak Mahindra Bank Ltd
",15.1,7.86,455106.0,73.13,3.75,0.129,0.0194,6.6506,15.96,21.22
KOTAKBANK,"Kotak Mahindra Bank Ltd
",15.1,7.86,455106.0,73.13,3.75,0.1304,0.0182,7.1752,15.96,21.22
KOTAKBANK,"Kotak Mahindra Bank Ltd
",15.1,7.86,455106.0,73.13,3.75,0.1324,0.0207,6.4031,15.96,21.22
KOTAKBANK,"Kotak Mahindra Bank Ltd
",15.1,7.86,455106.0,73.13,3.75,0.1335,0.0241,5.5488,15.96,21.22
KOTAKBANK,"Kotak Mahindra Bank Ltd
",15.1,7.86,455106.0,73.13,3.75,0.1401,0.0209,6.7008,15.96,21.22
KOTAKBANK,"Kotak Mahindra Bank Ltd
",15.1,7.86,455106.0,73.13,3.75,0.1401,0.0237,5.9064,15.96,21.22
KOTAKBANK,"Kotak Mahindra Bank Ltd
",15.1,7.86,455106.0,73.13,3.75,0.1466,0.0193,7.5873,15.96,21.22
KOTAKBANK,"Kotak Mahindra Bank Ltd
",15.1,7.86,467372.62,75.47,6.71,0.1056,0.0146,7.2175,15.96,21.22
KOTAKBANK,"Kotak Mahindra Bank Ltd
",15.1,7.86,467372.62,75.47,6.71,0.1185,0.0209,5.6777,15.96,21.22
KOTAKBANK,"Kotak Mahindra Bank Ltd
",15.1,7.86,467372.62,75.47,6.71,0.124,0.0185,6.6891,15.96,21.22
KOTAKBANK,"Kotak Mahindra Bank Ltd
",15.1,7.86,467372.62,75.47,6.71,0.1247,0.0182,6.8391,15.96,21.22
KOTAKBANK,"Kotak Mahindra Bank Ltd
",15.1,7.86,467372.62,75.47,6.71,0.1251,0.0221,5.6535,15.96,21.22
KOTAKBANK,"Kotak Mahindra Bank Ltd
",15.1,7.86,467372.62,75.47,6.71,0.129,0.0194,6.6506,15.96,21.22
KOTAKBANK,"Kotak Mahindra Bank Ltd
",15.1,7.86,467372.62,75.47,6.71,0.1304,0.0182,7.1752,15.96,21.22
KOTAKBANK,"Kotak Mahindra Bank Ltd
",15.1,7.86,467372.62,75.47,6.71,0.1324,0.0207,6.4031,15.96,21.22
KOTAKBANK,"Kotak Mahindra Bank Ltd
",15.1,7.86,467372.62,75.47,6.71,0.1335,0.0241,5.5488,15.96,21.22
KOTAKBANK,"Kotak Mahindra Bank Ltd
",15.1,7.86,467372.62,75.47,6.71,0.1401,0.0209,6.7008,15.96,21.22
KOTAKBANK,"Kotak Mahindra Bank Ltd
",15.1,7.86,467372.62,75.47,6.71,0.1401,0.0237,5.9064,15.96,21.22
KOTAKBANK,"Kotak Mahindra Bank Ltd
",15.1,7.86,467372.62,75.47,6.71,0.1466,0.0193,7.5873,15.96,21.22
KOTAKBANK,"Kotak Mahindra Bank Ltd
",15.1,7.86,488474.8,37.51,5.14,0.1056,0.0146,7.2175,15.96,21.22
KOTAKBANK,"Kotak Mahindra Bank Ltd
",15.1,7.86,488474.8,37.51,5.14,0.1185,0.0209,5.6777,15.96,21.22
KOTAKBANK,"Kotak Mahindra Bank Ltd
",15.1,7.86,488474.8,37.51,5.14,0.124,0.0185,6.6891,15.96,21.22
KOTAKBANK,"Kotak Mahindra Bank Ltd
",15.1,7.86,488474.8,37.51,5.14,0.1247,0.0182,6.8391,15.96,21.22
KOTAKBANK,"Kotak Mahindra Bank Ltd
",15.1,7.86,488474.8,37.51,5.14,0.1251,0.0221,5.6535,15.96,21.22
KOTAKBANK,"Kotak Mahindra Bank Ltd
",15.1,7.86,488474.8,37.51,5.14,0.129,0.0194,6.6506,15.96,21.22
KOTAKBANK,"Kotak Mahindra Bank Ltd
",15.1,7.86,488474.8,37.51,5.14,0.1304,0.0182,7.1752,15.96,21.22
KOTAKBANK,"Kotak Mahindra Bank Ltd
",15.1,7.86,488474.8,37.51,5.14,0.1324,0.0207,6.4031,15.96,21.22
KOTAKBANK,"Kotak Mahindra Bank Ltd
",15.1,7.86,488474.8,37.51,5.14,0.1335,0.0241,5.5488,15.96,21.22
KOTAKBANK,"Kotak Mahindra Bank Ltd
",15.1,7.86,488474.8,37.51,5.14,0.1401,0.0209,6.7008,15.96,21.22
KOTAKBANK,"Kotak Mahindra Bank Ltd
",15.1,7.86,488474.8,37.51,5.14,0.1401,0.0237,5.9064,15.96,21.22
KOTAKBANK,"Kotak Mahindra Bank Ltd
",15.1,7.86,488474.8,37.51,5.14,0.1466,0.0193,7.5873,15.96,21.22
KOTAKBANK,"Kotak Mahindra Bank Ltd
",15.1,7.86,554552.04,43.71,3.59,0.1056,0.0146,7.2175,15.96,21.22
KOTAKBANK,"Kotak Mahindra Bank Ltd
",15.1,7.86,554552.04,43.71,3.59,0.1185,0.0209,5.6777,15.96,21.22
KOTAKBANK,"Kotak Mahindra Bank Ltd
",15.1,7.86,554552.04,43.71,3.59,0.124,0.0185,6.6891,15.96,21.22
KOTAKBANK,"Kotak Mahindra Bank Ltd
",15.1,7.86,554552.04,43.71,3.59,0.1247,0.0182,6.8391,15.96,21.22
KOTAKBANK,"Kotak Mahindra Bank Ltd
",15.1,7.86,554552.04,43.71,3.59,0.1251,0.0221,5.6535,15.96,21.22
KOTAKBANK,"Kotak Mahindra Bank Ltd
",15.1,7.86,554552.04,43.71,3.59,0.129,0.0194,6.6506,15.96,21.22
KOTAKBANK,"Kotak Mahindra Bank Ltd
",15.1,7.86,554552.04,43.71,3.59,0.1304,0.0182,7.1752,15.96,21.22
KOTAKBANK,"Kotak Mahindra Bank Ltd
",15.1,7.86,554552.04,43.71,3.59,0.1324,0.0207,6.4031,15.96,21.22
KOTAKBANK,"Kotak Mahindra Bank Ltd
",15.1,7.86,554552.04,43.71,3.59,0.1335,0.0241,5.5488,15.96,21.22
KOTAKBANK,"Kotak Mahindra Bank Ltd
",15.1,7.86,554552.04,43.71,3.59,0.1401,0.0209,6.7008,15.96,21.22
KOTAKBANK,"Kotak Mahindra Bank Ltd
",15.1,7.86,554552.04,43.71,3.59,0.1401,0.0237,5.9064,15.96,21.22
KOTAKBANK,"Kotak Mahindra Bank Ltd
",15.1,7.86,554552.04,43.71,3.59,0.1466,0.0193,7.5873,15.96,21.22
KOTAKBANK,"Kotak Mahindra Bank Ltd
",15.1,7.86,588705.26,49.36,12.73,0.1056,0.0146,7.2175,15.96,21.22
KOTAKBANK,"Kotak Mahindra Bank Ltd
",15.1,7.86,588705.26,49.36,12.73,0.1185,0.0209,5.6777,15.96,21.22
KOTAKBANK,"Kotak Mahindra Bank Ltd
",15.1,7.86,588705.26,49.36,12.73,0.124,0.0185,6.6891,15.96,21.22
KOTAKBANK,"Kotak Mahindra Bank Ltd
",15.1,7.86,588705.26,49.36,12.73,0.1247,0.0182,6.8391,15.96,21.22
KOTAKBANK,"Kotak Mahindra Bank Ltd
",15.1,7.86,588705.26,49.36,12.73,0.1251,0.0221,5.6535,15.96,21.22
KOTAKBANK,"Kotak Mahindra Bank Ltd
",15.1,7.86,588705.26,49.36,12.73,0.129,0.0194,6.6506,15.96,21.22
KOTAKBANK,"Kotak Mahindra Bank Ltd
",15.1,7.86,588705.26,49.36,12.73,0.1304,0.0182,7.1752,15.96,21.22
KOTAKBANK,"Kotak Mahindra Bank Ltd
",15.1,7.86,588705.26,49.36,12.73,0.1324,0.0207,6.4031,15.96,21.22
KOTAKBANK,"Kotak Mahindra Bank Ltd
",15.1,7.86,588705.26,49.36,12.73,0.1335,0.0241,5.5488,15.96,21.22
KOTAKBANK,"Kotak Mahindra Bank Ltd
",15.1,7.86,588705.26,49.36,12.73,0.1401,0.0209,6.7008,15.96,21.22
KOTAKBANK,"Kotak Mahindra Bank Ltd
",15.1,7.86,588705.26,49.36,12.73,0.1401,0.0237,5.9064,15.96,21.22
KOTAKBANK,"Kotak Mahindra Bank Ltd
",15.1,7.86,588705.26,49.36,12.73,0.1466,0.0193,7.5873,15.96,21.22
LICI,Life Insurance Corporation of India,63.61,63.79,166637.32,53.3,0.6,0.3638,0.001,375.2037,7.78,58.38
LICI,Life Insurance Corporation of India,63.61,63.79,166637.32,53.3,0.6,0.432,0.0008,556.2934,7.78,58.38
LICI,Life Insurance Corporation of India,63.61,63.79,166637.32,53.3,0.6,0.4945,0.0077,64.2446,7.78,58.38
LICI,Life Insurance Corporation of India,63.61,63.79,166637.32,53.3,0.6,0.7786,0.0079,99.0308,7.78,58.38
LICI,Life Insurance Corporation of India,63.61,63.79,166637.32,53.3,0.6,2.7046,0.0008,3492.8483,7.78,58.38
LICI,Life Insurance Corporation of India,63.61,63.79,166637.32,53.3,0.6,3.2432,0.0008,4231.1716,7.78,58.38
LICI,Life Insurance Corporation of India,63.61,63.79,171741.93,13.18,2.48,0.3638,0.001,375.2037,7.78,58.38
LICI,Life Insurance Corporation of India,63.61,63.79,171741.93,13.18,2.48,0.432,0.0008,556.2934,7.78,58.38
LICI,Life Insurance Corporation of India,63.61,63.79,171741.93,13.18,2.48,0.4945,0.0077,64.2446,7.78,58.38
LICI,Life Insurance Corporation of India,63.61,63.79,171741.93,13.18,2.48,0.7786,0.0079,99.0308,7.78,58.38
LICI,Life Insurance Corporation of India,63.61,63.79,171741.93,13.18,2.48,2.7046,0.0008,3492.8483,7.78,58.38
LICI,Life Insurance Corporation of India,63.61,63.79,171741.93,13.18,2.48,3.2432,0.0008,4231.1716,7.78,58.38
LICI,Life Insurance Corporation of India,63.61,63.79,183583.67,30.67,8.1,0.3638,0.001,375.2037,7.78,58.38
LICI,Life Insurance Corporation of India,63.61,63.79,183583.67,30.67,8.1,0.432,0.0008,556.2934,7.78,58.38
LICI,Life Insurance Corporation of India,63.61,63.79,183583.67,30.67,8.1,0.4945,0.0077,64.2446,7.78,58.38
LICI,Life Insurance Corporation of India,63.61,63.79,183583.67,30.67,8.1,0.7786,0.0079,99.0308,7.78,58.38
LICI,Life Insurance Corporation of India,63.61,63.79,183583.67,30.67,8.1,2.7046,0.0008,3492.8483,7.78,58.38
LICI,Life Insurance Corporation of India,63.61,63.79,183583.67,30.67,8.1,3.2432,0.0008,4231.1716,7.78,58.38
LICI,Life Insurance Corporation of India,63.61,63.79,183625.08,38.3,8.3,0.3638,0.001,375.2037,7.78,58.38
LICI,Life Insurance Corporation of India,63.61,63.79,183625.08,38.3,8.3,0.432,0.0008,556.2934,7.78,58.38
LICI,Life Insurance Corporation of India,63.61,63.79,183625.08,38.3,8.3,0.4945,0.0077,64.2446,7.78,58.38
LICI,Life Insurance Corporation of India,63.61,63.79,183625.08,38.3,8.3,0.7786,0.0079,99.0308,7.78,58.38
LICI,Life Insurance Corporation of India,63.61,63.79,183625.08,38.3,8.3,2.7046,0.0008,3492.8483,7.78,58.38
LICI,Life Insurance Corporation of India,63.61,63.79,183625.08,38.3,8.3,3.2432,0.0008,4231.1716,7.78,58.38
LICI,Life Insurance Corporation of India,63.61,63.79,196576.3,20.36,2.12,0.3638,0.001,375.2037,7.78,58.38
LICI,Life Insurance Corporation of India,63.61,63.79,196576.3,20.36,2.12,0.432,0.0008,556.2934,7.78,58.38
LICI,Life Insurance Corporation of India,63.61,63.79,196576.3,20.36,2.12,0.4945,0.0077,64.2446,7.78,58.38
LICI,Life Insurance Corporation of India,63.61,63.79,196576.3,20.36,2.12,0.7786,0.0079,99.0308,7.78,58.38
LICI,Life Insurance Corporation of India,63.61,63.79,196576.3,20.36,2.12,2.7046,0.0008,3492.8483,7.78,58.38
LICI,Life Insurance Corporation of India,63.61,63.79,196576.3,20.36,2.12,3.2432,0.0008,4231.1716,7.78,58.38
LICI,Life Insurance Corporation of India,63.61,63.79,204112.31,76.58,7.85,0.3638,0.001,375.2037,7.78,58.38
LICI,Life Insurance Corporation of India,63.61,63.79,204112.31,76.58,7.85,0.432,0.0008,556.2934,7.78,58.38
LICI,Life Insurance Corporation of India,63.61,63.79,204112.31,76.58,7.85,0.4945,0.0077,64.2446,7.78,58.38
LICI,Life Insurance Corporation of India,63.61,63.79,204112.31,76.58,7.85,0.7786,0.0079,99.0308,7.78,58.38
LICI,Life Insurance Corporation of India,63.61,63.79,204112.31,76.58,7.85,2.7046,0.0008,3492.8483,7.78,58.38
LICI,Life Insurance Corporation of India,63.61,63.79,204112.31,76.58,7.85,3.2432,0.0008,4231.1716,7.78,58.38
LODHA,Macrotech Developers Ltd,10.7,11.1,1199352.96,52.31,12.05,0.0104,0.0012,8.5471,16.49,20.65
LODHA,Macrotech Developers Ltd,10.7,11.1,1199352.96,52.31,12.05,0.0387,0.0125,3.0895,16.49,20.65
LODHA,Macrotech Developers Ltd,10.7,11.1,1199352.96,52.31,12.05,0.089,0.0329,2.7018,16.49,20.65
LODHA,Macrotech Developers Ltd,10.7,11.1,1199352.96,52.31,12.05,0.0998,0.0315,3.1723,16.49,20.65
LODHA,Macrotech Developers Ltd,10.7,11.1,1199352.96,52.31,12.05,0.1448,0.0172,8.4133,16.49,20.65
LODHA,Macrotech Developers Ltd,10.7,11.1,1199352.96,52.31,12.05,0.1541,0.0197,7.8127,16.49,20.65
LODHA,Macrotech Developers Ltd,10.7,11.1,1199352.96,52.31,12.05,0.163,0.0182,8.9396,16.49,20.65
LODHA,Macrotech Developers Ltd,10.7,11.1,1199352.96,52.31,12.05,0.1769,0.0227,7.7979,16.49,20.65
LODHA,Macrotech Developers Ltd,10.7,11.1,1199352.96,52.31,12.05,0.2423,0.0285,8.4997,16.49,20.65
LODHA,Macrotech Developers Ltd,10.7,11.1,1199352.96,52.31,12.05,0.3384,0.0411,8.2309,16.49,20.65
LODHA,Macrotech Developers Ltd,10.7,11.1,1199352.96,52.31,12.05,0.3548,0.0279,12.7392,16.49,20.65
LODHA,Macrotech Developers Ltd,10.7,11.1,1199352.96,52.31,12.05,0.428,0.033,12.982,16.49,20.65
LODHA,Macrotech Developers Ltd,10.7,11.1,1209919.99,51.95,7.65,0.0104,0.0012,8.5471,16.49,20.65
LODHA,Macrotech Developers Ltd,10.7,11.1,1209919.99,51.95,7.65,0.0387,0.0125,3.0895,16.49,20.65
LODHA,Macrotech Developers Ltd,10.7,11.1,1209919.99,51.95,7.65,0.089,0.0329,2.7018,16.49,20.65
LODHA,Macrotech Developers Ltd,10.7,11.1,1209919.99,51.95,7.65,0.0998,0.0315,3.1723,16.49,20.65
LODHA,Macrotech Developers Ltd,10.7,11.1,1209919.99,51.95,7.65,0.1448,0.0172,8.4133,16.49,20.65
LODHA,Macrotech Developers Ltd,10.7,11.1,1209919.99,51.95,7.65,0.1541,0.0197,7.8127,16.49,20.65
LODHA,Macrotech Developers Ltd,10.7,11.1,1209919.99,51.95,7.65,0.163,0.0182,8.9396,16.49,20.65
LODHA,Macrotech Developers Ltd,10.7,11.1,1209919.99,51.95,7.65,0.1769,0.0227,7.7979,16.49,20.65
LODHA,Macrotech Developers Ltd,10.7,11.1,1209919.99,51.95,7.65,0.2423,0.0285,8.4997,16.49,20.65
LODHA,Macrotech Developers Ltd,10.7,11.1,1209919.99,51.95,7.65,0.3384,0.0411,8.2309,16.49,20.65
LODHA,Macrotech Developers Ltd,10.7,11.1,1209919.99,51.95,7.65,0.3548,0.0279,12.7392,16.49,20.65
LODHA,Macrotech Developers Ltd,10.7,11.1,1209919.99,51.95,7.65,0.428,0.033,12.982,16.49,20.65
LODHA,Macrotech Developers Ltd,10.7,11.1,1322559.29,13.49,1.97,0.0104,0.0012,8.5471,16.49,20.65
LODHA,Macrotech Developers Ltd,10.7,11.1,1322559.29,13.49,1.97,0.0387,0.0125,3.0895,16.49,20.65
LODHA,Macrotech Developers Ltd,10.7,11.1,1322559.29,13.49,1.97,0.089,0.0329,2.7018,16.49,20.65
LODHA,Macrotech Developers Ltd,10.7,11.1,1322559.29,13.49,1.97,0.0998,0.0315,3.1723,16.49,20.65
LODHA,Macrotech Developers Ltd,10.7,11.1,1322559.29,13.49,1.97,0.1448,0.0172,8.4133,16.49,20.65
LODHA,Macrotech Developers Ltd,10.7,11.1,1322559.29,13.49,1.97,0.1541,0.0197,7.8127,16.49,20.65
LODHA,Macrotech Developers Ltd,10.7,11.1,1322559.29,13.49,1.97,0.163,0.0182,8.9396,16.49,20.65
LODHA,Macrotech Developers Ltd,10.7,11.1,1322559.29,13.49,1.97,0.1769,0.0227,7.7979,16.49,20.65
LODHA,Macrotech Developers Ltd,10.7,11.1,1322559.29,13.49,1.97,0.2423,0.0285,8.4997,16.49,20.65
LODHA,Macrotech Developers Ltd,10.7,11.1,1322559.29,13.49,1.97,0.3384,0.0411,8.2309,16.49,20.65
LODHA,Macrotech Developers Ltd,10.7,11.1,1322559.29,13.49,1.97,0.3548,0.0279,12.7392,16.49,20.65
LODHA,Macrotech Developers Ltd,10.7,11.1,1322559.29,13.49,1.97,0.428,0.033,12.982,16.49,20.65
LODHA,Macrotech Developers Ltd,10.7,11.1,1462369.84,58.75,11.25,0.0104,0.0012,8.5471,16.49,20.65
LODHA,Macrotech Developers Ltd,10.7,11.1,1462369.84,58.75,11.25,0.0387,0.0125,3.0895,16.49,20.65
LODHA,Macrotech Developers Ltd,10.7,11.1,1462369.84,58.75,11.25,0.089,0.0329,2.7018,16.49,20.65
LODHA,Macrotech Developers Ltd,10.7,11.1,1462369.84,58.75,11.25,0.0998,0.0315,3.1723,16.49,20.65
LODHA,Macrotech Developers Ltd,10.7,11.1,1462369.84,58.75,11.25,0.1448,0.0172,8.4133,16.49,20.65
LODHA,Macrotech Developers Ltd,10.7,11.1,1462369.84,58.75,11.25,0.1541,0.0197,7.8127,16.49,20.65
LODHA,Macrotech Developers Ltd,10.7,11.1,1462369.84,58.75,11.25,0.163,0.0182,8.9396,16.49,20.65
LODHA,Macrotech Developers Ltd,10.7,11.1,1462369.84,58.75,11.25,0.1769,0.0227,7.7979,16.49,20.65
LODHA,Macrotech Developers Ltd,10.7,11.1,1462369.84,58.75,11.25,0.2423,0.0285,8.4997,16.49,20.65
LODHA,Macrotech Developers Ltd,10.7,11.1,1462369.84,58.75,11.25,0.3384,0.0411,8.2309,16.49,20.65
LODHA,Macrotech Developers Ltd,10.7,11.1,1462369.84,58.75,11.25,0.3548,0.0279,12.7392,16.49,20.65
LODHA,Macrotech Developers Ltd,10.7,11.1,1462369.84,58.75,11.25,0.428,0.033,12.982,16.49,20.65
LODHA,Macrotech Developers Ltd,10.7,11.1,1516344.89,70.86,14.94,0.0104,0.0012,8.5471,16.49,20.65
LODHA,Macrotech Developers Ltd,10.7,11.1,1516344.89,70.86,14.94,0.0387,0.0125,3.0895,16.49,20.65
LODHA,Macrotech Developers Ltd,10.7,11.1,1516344.89,70.86,14.94,0.089,0.0329,2.7018,16.49,20.65
LODHA,Macrotech Developers Ltd,10.7,11.1,1516344.89,70.86,14.94,0.0998,0.0315,3.1723,16.49,20.65
LODHA,Macrotech Developers Ltd,10.7,11.1,1516344.89,70.86,14.94,0.1448,0.0172,8.4133,16.49,20.65
LODHA,Macrotech Developers Ltd,10.7,11.1,1516344.89,70.86,14.94,0.1541,0.0197,7.8127,16.49,20.65
LODHA,Macrotech Developers Ltd,10.7,11.1,1516344.89,70.86,14.94,0.163,0.0182,8.9396,16.49,20.65
LODHA,Macrotech Developers Ltd,10.7,11.1,1516344.89,70.86,14.94,0.1769,0.0227,7.7979,16.49,20.65
LODHA,Macrotech Developers Ltd,10.7,11.1,1516344.89,70.86,14.94,0.2423,0.0285,8.4997,16.49,20.65
LODHA,Macrotech Developers Ltd,10.7,11.1,1516344.89,70.86,14.94,0.3384,0.0411,8.2309,16.49,20.65
LODHA,Macrotech Developers Ltd,10.7,11.1,1516344.89,70.86,14.94,0.3548,0.0279,12.7392,16.49,20.65
LODHA,Macrotech Developers Ltd,10.7,11.1,1516344.89,70.86,14.94,0.428,0.033,12.982,16.49,20.65
LODHA,Macrotech Developers Ltd,10.7,11.1,1550822.64,47.06,13.02,0.0104,0.0012,8.5471,16.49,20.65
LODHA,Macrotech Developers Ltd,10.7,11.1,1550822.64,47.06,13.02,0.0387,0.0125,3.0895,16.49,20.65
LODHA,Macrotech Developers Ltd,10.7,11.1,1550822.64,47.06,13.02,0.089,0.0329,2.7018,16.49,20.65
LODHA,Macrotech Developers Ltd,10.7,11.1,1550822.64,47.06,13.02,0.0998,0.0315,3.1723,16.49,20.65
LODHA,Macrotech Developers Ltd,10.7,11.1,1550822.64,47.06,13.02,0.1448,0.0172,8.4133,16.49,20.65
LODHA,Macrotech Developers Ltd,10.7,11.1,1550822.64,47.06,13.02,0.1541,0.0197,7.8127,16.49,20.65
LODHA,Macrotech Developers Ltd,10.7,11.1,1550822.64,47.06,13.02,0.163,0.0182,8.9396,16.49,20.65
LODHA,Macrotech Developers Ltd,10.7,11.1,1550822.64,47.06,13.02,0.1769,0.0227,7.7979,16.49,20.65
LODHA,Macrotech Developers Ltd,10.7,11.1,1550822.64,47.06,13.02,0.2423,0.0285,8.4997,16.49,20.65
LODHA,Macrotech Developers Ltd,10.7,11.1,1550822.64,47.06,13.02,0.3384,0.0411,8.2309,16.49,20.65
LODHA,Macrotech Developers Ltd,10.7,11.1,1550822.64,47.06,13.02,0.3548,0.0279,12.7392,16.49,20.65
LODHA,Macrotech Developers Ltd,10.7,11.1,1550822.64,47.06,13.02,0.428,0.033,12.982,16.49,20.65
LT,Larsen & Toubro Ltd,10.49,17.18,606183.52,18.62,6.6,0.7292,0.5065,1.4398,10.21,9.75
LT,Larsen & Toubro Ltd,10.49,17.18,606183.52,18.62,6.6,0.7552,0.5337,1.4152,10.21,9.75
LT,Larsen & Toubro Ltd,10.49,17.18,606183.52,18.62,6.6,0.7767,0.5644,1.376,10.21,9.75
LT,Larsen & Toubro Ltd,10.49,17.18,606183.52,18.62,6.6,1.769,1.2069,1.4658,10.21,9.75
LT,Larsen & Toubro Ltd,10.49,17.18,606183.52,18.62,6.6,2.0159,1.2358,1.6312,10.21,9.75
LT,Larsen & Toubro Ltd,10.49,17.18,606183.52,18.62,6.6,2.063,1.4684,1.4049,10.21,9.75
LT,Larsen & Toubro Ltd,10.49,17.18,606183.52,18.62,6.6,2.0736,1.4997,1.3826,10.21,9.75
LT,Larsen & Toubro Ltd,10.49,17.18,606183.52,18.62,6.6,2.0881,1.5332,1.3619,10.21,9.75
LT,Larsen & Toubro Ltd,10.49,17.18,606183.52,18.62,6.6,2.1609,1.4638,1.4762,10.21,9.75
LT,Larsen & Toubro Ltd,10.49,17.18,606183.52,18.62,6.6,2.4511,1.6676,1.4699,10.21,9.75
LT,Larsen & Toubro Ltd,10.49,17.18,606183.52,18.62,6.6,3.0342,1.8323,1.6559,10.21,9.75
LT,Larsen & Toubro Ltd,10.49,17.18,606183.52,18.62,6.6,3.9515,2.2728,1.7386,10.21,9.75
LT,Larsen & Toubro Ltd,10.49,17.18,685872.93,60.92,9.78,0.7292,0.5065,1.4398,10.21,9.75
LT,Larsen & Toubro Ltd,10.49,17.18,685872.93,60.92,9.78,0.7552,0.5337,1.4152,10.21,9.75
LT,Larsen & Toubro Ltd,10.49,17.18,685872.93,60.92,9.78,0.7767,0.5644,1.376,10.21,9.75
LT,Larsen & Toubro Ltd,10.49,17.18,685872.93,60.92,9.78,1.769,1.2069,1.4658,10.21,9.75
LT,Larsen & Toubro Ltd,10.49,17.18,685872.93,60.92,9.78,2.0159,1.2358,1.6312,10.21,9.75
LT,Larsen & Toubro Ltd,10.49,17.18,685872.93,60.92,9.78,2.063,1.4684,1.4049,10.21,9.75
LT,Larsen & Toubro Ltd,10.49,17.18,685872.93,60.92,9.78,2.0736,1.4997,1.3826,10.21,9.75
LT,Larsen & Toubro Ltd,10.49,17.18,685872.93,60.92,9.78,2.0881,1.5332,1.3619,10.21,9.75
LT,Larsen & Toubro Ltd,10.49,17.18,685872.93,60.92,9.78,2.1609,1.4638,1.4762,10.21,9.75
LT,Larsen & Toubro Ltd,10.49,17.18,685872.93,60.92,9.78,2.4511,1.6676,1.4699,10.21,9.75
LT,Larsen & Toubro Ltd,10.49,17.18,685872.93,60.92,9.78,3.0342,1.8323,1.6559,10.21,9.75
LT,Larsen & Toubro Ltd,10.49,17.18,685872.93,60.92,9.78,3.9515,2.2728,1.7386,10.21,9.75
LT,Larsen & Toubro Ltd,10.49,17.18,690472.41,13.01,9.07,0.7292,0.5065,1.4398,10.21,9.75
LT,Larsen & Toubro Ltd,10.49,17.18,690472.41,13.01,9.07,0.7552,0.5337,1.4152,10.21,9.75
LT,Larsen & Toubro Ltd,10.49,17.18,690472.41,13.01,9.07,0.7767,0.5644,1.376,10.21,9.75
LT,Larsen & Toubro Ltd,10.49,17.18,690472.41,13.01,9.07,1.769,1.2069,1.4658,10.21,9.75
LT,Larsen & Toubro Ltd,10.49,17.18,690472.41,13.01,9.07,2.0159,1.2358,1.6312,10.21,9.75
LT,Larsen & Toubro Ltd,10.49,17.18,690472.41,13.01,9.07,2.063,1.4684,1.4049,10.21,9.75
LT,Larsen & Toubro Ltd,10.49,17.18,690472.41,13.01,9.07,2.0736,1.4997,1.3826,10.21,9.75
LT,Larsen & Toubro Ltd,10.49,17.18,690472.41,13.01,9.07,2.0881,1.5332,1.3619,10.21,9.75
LT,Larsen & Toubro Ltd,10.49,17.18,690472.41,13.01,9.07,2.1609,1.4638,1.4762,10.21,9.75
LT,Larsen & Toubro Ltd,10.49,17.18,690472.41,13.01,9.07,2.4511,1.6676,1.4699,10.21,9.75
LT,Larsen & Toubro Ltd,10.49,17.18,690472.41,13.01,9.07,3.0342,1.8323,1.6559,10.21,9.75
LT,Larsen & Toubro Ltd,10.49,17.18,690472.41,13.01,9.07,3.9515,2.2728,1.7386,10.21,9.75
LT,Larsen & Toubro Ltd,10.49,17.18,864042.71,18.77,11.91,0.7292,0.5065,1.4398,10.21,9.75
LT,Larsen & Toubro Ltd,10.49,17.18,864042.71,18.77,11.91,0.7552,0.5337,1.4152,10.21,9.75
LT,Larsen & Toubro Ltd,10.49,17.18,864042.71,18.77,11.91,0.7767,0.5644,1.376,10.21,9.75
LT,Larsen & Toubro Ltd,10.49,17.18,864042.71,18.77,11.91,1.769,1.2069,1.4658,10.21,9.75
LT,Larsen & Toubro Ltd,10.49,17.18,864042.71,18.77,11.91,2.0159,1.2358,1.6312,10.21,9.75
LT,Larsen & Toubro Ltd,10.49,17.18,864042.71,18.77,11.91,2.063,1.4684,1.4049,10.21,9.75
LT,Larsen & Toubro Ltd,10.49,17.18,864042.71,18.77,11.91,2.0736,1.4997,1.3826,10.21,9.75
LT,Larsen & Toubro Ltd,10.49,17.18,864042.71,18.77,11.91,2.0881,1.5332,1.3619,10.21,9.75
LT,Larsen & Toubro Ltd,10.49,17.18,864042.71,18.77,11.91,2.1609,1.4638,1.4762,10.21,9.75
LT,Larsen & Toubro Ltd,10.49,17.18,864042.71,18.77,11.91,2.4511,1.6676,1.4699,10.21,9.75
LT,Larsen & Toubro Ltd,10.49,17.18,864042.71,18.77,11.91,3.0342,1.8323,1.6559,10.21,9.75
LT,Larsen & Toubro Ltd,10.49,17.18,864042.71,18.77,11.91,3.9515,2.2728,1.7386,10.21,9.75
LT,Larsen & Toubro Ltd,10.49,17.18,937726.82,29.41,13.63,0.7292,0.5065,1.4398,10.21,9.75
LT,Larsen & Toubro Ltd,10.49,17.18,937726.82,29.41,13.63,0.7552,0.5337,1.4152,10.21,9.75
LT,Larsen & Toubro Ltd,10.49,17.18,937726.82,29.41,13.63,0.7767,0.5644,1.376,10.21,9.75
LT,Larsen & Toubro Ltd,10.49,17.18,937726.82,29.41,13.63,1.769,1.2069,1.4658,10.21,9.75
LT,Larsen & Toubro Ltd,10.49,17.18,937726.82,29.41,13.63,2.0159,1.2358,1.6312,10.21,9.75
LT,Larsen & Toubro Ltd,10.49,17.18,937726.82,29.41,13.63,2.063,1.4684,1.4049,10.21,9.75
LT,Larsen & Toubro Ltd,10.49,17.18,937726.82,29.41,13.63,2.0736,1.4997,1.3826,10.21,9.75
LT,Larsen & Toubro Ltd,10.49,17.18,937726.82,29.41,13.63,2.0881,1.5332,1.3619,10.21,9.75
LT,Larsen & Toubro Ltd,10.49,17.18,937726.82,29.41,13.63,2.1609,1.4638,1.4762,10.21,9.75
LT,Larsen & Toubro Ltd,10.49,17.18,937726.82,29.41,13.63,2.4511,1.6676,1.4699,10.21,9.75
LT,Larsen & Toubro Ltd,10.49,17.18,937726.82,29.41,13.63,3.0342,1.8323,1.6559,10.21,9.75
LT,Larsen & Toubro Ltd,10.49,17.18,937726.82,29.41,13.63,3.9515,2.2728,1.7386,10.21,9.75
LT,Larsen & Toubro Ltd,10.49,17.18,1124597.5,30.8,2.48,0.7292,0.5065,1.4398,10.21,9.75
LT,Larsen & Toubro Ltd,10.49,17.18,1124597.5,30.8,2.48,0.7552,0.5337,1.4152,10.21,9.75
LT,Larsen & Toubro Ltd,10.49,17.18,1124597.5,30.8,2.48,0.7767,0.5644,1.376,10.21,9.75
LT,Larsen & Toubro Ltd,10.49,17.18,1124597.5,30.8,2.48,1.769,1.2069,1.4658,10.21,9.75
LT,Larsen & Toubro Ltd,10.49,17.18,1124597.5,30.8,2.48,2.0159,1.2358,1.6312,10.21,9.75
LT,Larsen & Toubro Ltd,10.49,17.18,1124597.5,30.8,2.48,2.063,1.4684,1.4049,10.21,9.75
LT,Larsen & Toubro Ltd,10.49,17.18,1124597.5,30.8,2.48,2.0736,1.4997,1.3826,10.21,9.75
LT,Larsen & Toubro Ltd,10.49,17.18,1124597.5,30.8,2.48,2.0881,1.5332,1.3619,10.21,9.75
LT,Larsen & Toubro Ltd,10.49,17.18,1124597.5,30.8,2.48,2.1609,1.4638,1.4762,10.21,9.75
LT,Larsen & Toubro Ltd,10.49,17.18,1124597.5,30.8,2.48,2.4511,1.6676,1.4699,10.21,9.75
LT,Larsen & Toubro Ltd,10.49,17.18,1124597.5,30.8,2.48,3.0342,1.8323,1.6559,10.21,9.75
LT,Larsen & Toubro Ltd,10.49,17.18,1124597.5,30.8,2.48,3.9515,2.2728,1.7386,10.21,9.75
LTIM,LTIMindtree Ltd,26.04,34.1,1066603.12,71.7,1.11,0.229,0.1665,1.376,20.78,19.09
LTIM,LTIMindtree Ltd,26.04,34.1,1066603.12,71.7,1.11,0.2653,0.181,1.4658,20.78,19.09
LTIM,LTIMindtree Ltd,26.04,34.1,1066603.12,71.7,1.11,0.2658,0.1878,1.4152,20.78,19.09
LTIM,LTIMindtree Ltd,26.04,34.1,1066603.12,71.7,1.11,0.2765,0.192,1.4398,20.78,19.09
LTIM,LTIMindtree Ltd,26.04,34.1,1066603.12,71.7,1.11,0.2813,0.1724,1.6312,20.78,19.09
LTIM,LTIMindtree Ltd,26.04,34.1,1066603.12,71.7,1.11,0.2881,0.2084,1.3826,20.78,19.09
LTIM,LTIMindtree Ltd,26.04,34.1,1066603.12,71.7,1.11,0.3088,0.2198,1.4049,20.78,19.09
LTIM,LTIMindtree Ltd,26.04,34.1,1066603.12,71.7,1.11,0.3098,0.2275,1.3619,20.78,19.09
LTIM,LTIMindtree Ltd,26.04,34.1,1066603.12,71.7,1.11,0.3796,0.2582,1.4699,20.78,19.09
LTIM,LTIMindtree Ltd,26.04,34.1,1066603.12,71.7,1.11,0.3934,0.2665,1.4762,20.78,19.09
LTIM,LTIMindtree Ltd,26.04,34.1,1066603.12,71.7,1.11,0.4197,0.2414,1.7386,20.78,19.09
LTIM,LTIMindtree Ltd,26.04,34.1,1066603.12,71.7,1.11,0.6186,0.3736,1.6559,20.78,19.09
LTIM,LTIMindtree Ltd,26.04,34.1,1202160.21,45.11,12.85,0.229,0.1665,1.376,20.78,19.09
LTIM,LTIMindtree Ltd,26.04,34.1,1202160.21,45.11,12.85,0.2653,0.181,1.4658,20.78,19.09
LTIM,LTIMindtree Ltd,26.04,34.1,1202160.21,45.11,12.85,0.2658,0.1878,1.4152,20.78,19.09
LTIM,LTIMindtree Ltd,26.04,34.1,1202160.21,45.11,12.85,0.2765,0.192,1.4398,20.78,19.09
LTIM,LTIMindtree Ltd,26.04,34.1,1202160.21,45.11,12.85,0.2813,0.1724,1.6312,20.78,19.09
LTIM,LTIMindtree Ltd,26.04,34.1,1202160.21,45.11,12.85,0.2881,0.2084,1.3826,20.78,19.09
LTIM,LTIMindtree Ltd,26.04,34.1,1202160.21,45.11,12.85,0.3088,0.2198,1.4049,20.78,19.09
LTIM,LTIMindtree Ltd,26.04,34.1,1202160.21,45.11,12.85,0.3098,0.2275,1.3619,20.78,19.09
LTIM,LTIMindtree Ltd,26.04,34.1,1202160.21,45.11,12.85,0.3796,0.2582,1.4699,20.78,19.09
LTIM,LTIMindtree Ltd,26.04,34.1,1202160.21,45.11,12.85,0.3934,0.2665,1.4762,20.78,19.09
LTIM,LTIMindtree Ltd,26.04,34.1,1202160.21,45.11,12.85,0.4197,0.2414,1.7386,20.78,19.09
LTIM,LTIMindtree Ltd,26.04,34.1,1202160.21,45.11,12.85,0.6186,0.3736,1.6559,20.78,19.09
LTIM,LTIMindtree Ltd,26.04,34.1,1325609.47,61.37,3.82,0.229,0.1665,1.376,20.78,19.09
LTIM,LTIMindtree Ltd,26.04,34.1,1325609.47,61.37,3.82,0.2653,0.181,1.4658,20.78,19.09
LTIM,LTIMindtree Ltd,26.04,34.1,1325609.47,61.37,3.82,0.2658,0.1878,1.4152,20.78,19.09
LTIM,LTIMindtree Ltd,26.04,34.1,1325609.47,61.37,3.82,0.2765,0.192,1.4398,20.78,19.09
LTIM,LTIMindtree Ltd,26.04,34.1,1325609.47,61.37,3.82,0.2813,0.1724,1.6312,20.78,19.09
LTIM,LTIMindtree Ltd,26.04,34.1,1325609.47,61.37,3.82,0.2881,0.2084,1.3826,20.78,19.09
LTIM,LTIMindtree Ltd,26.04,34.1,1325609.47,61.37,3.82,0.3088,0.2198,1.4049,20.78,19.09
LTIM,LTIMindtree Ltd,26.04,34.1,1325609.47,61.37,3.82,0.3098,0.2275,1.3619,20.78,19.09
LTIM,LTIMindtree Ltd,26.04,34.1,1325609.47,61.37,3.82,0.3796,0.2582,1.4699,20.78,19.09
LTIM,LTIMindtree Ltd,26.04,34.1,1325609.47,61.37,3.82,0.3934,0.2665,1.4762,20.78,19.09
LTIM,LTIMindtree Ltd,26.04,34.1,1325609.47,61.37,3.82,0.4197,0.2414,1.7386,20.78,19.09
LTIM,LTIMindtree Ltd,26.04,34.1,1325609.47,61.37,3.82,0.6186,0.3736,1.6559,20.78,19.09
LTIM,LTIMindtree Ltd,26.04,34.1,1325692.27,30.49,14.47,0.229,0.1665,1.376,20.78,19.09
LTIM,LTIMindtree Ltd,26.04,34.1,1325692.27,30.49,14.47,0.2653,0.181,1.4658,20.78,19.09
LTIM,LTIMindtree Ltd,26.04,34.1,1325692.27,30.49,14.47,0.2658,0.1878,1.4152,20.78,19.09
LTIM,LTIMindtree Ltd,26.04,34.1,1325692.27,30.49,14.47,0.2765,0.192,1.4398,20.78,19.09
LTIM,LTIMindtree Ltd,26.04,34.1,1325692.27,30.49,14.47,0.2813,0.1724,1.6312,20.78,19.09
LTIM,LTIMindtree Ltd,26.04,34.1,1325692.27,30.49,14.47,0.2881,0.2084,1.3826,20.78,19.09
LTIM,LTIMindtree Ltd,26.04,34.1,1325692.27,30.49,14.47,0.3088,0.2198,1.4049,20.78,19.09
LTIM,LTIMindtree Ltd,26.04,34.1,1325692.27,30.49,14.47,0.3098,0.2275,1.3619,20.78,19.09
LTIM,LTIMindtree Ltd,26.04,34.1,1325692.27,30.49,14.47,0.3796,0.2582,1.4699,20.78,19.09
LTIM,LTIMindtree Ltd,26.04,34.1,1325692.27,30.49,14.47,0.3934,0.2665,1.4762,20.78,19.09
LTIM,LTIMindtree Ltd,26.04,34.1,1325692.27,30.49,14.47,0.4197,0.2414,1.7386,20.78,19.09
LTIM,LTIMindtree Ltd,26.04,34.1,1325692.27,30.49,14.47,0.6186,0.3736,1.6559,20.78,19.09
LTIM,LTIMindtree Ltd,26.04,34.1,1328108.48,60.16,10.57,0.229,0.1665,1.376,20.78,19.09
LTIM,LTIMindtree Ltd,26.04,34.1,1328108.48,60.16,10.57,0.2653,0.181,1.4658,20.78,19.09
LTIM,LTIMindtree Ltd,26.04,34.1,1328108.48,60.16,10.57,0.2658,0.1878,1.4152,20.78,19.09
LTIM,LTIMindtree Ltd,26.04,34.1,1328108.48,60.16,10.57,0.2765,0.192,1.4398,20.78,19.09
LTIM,LTIMindtree Ltd,26.04,34.1,1328108.48,60.16,10.57,0.2813,0.1724,1.6312,20.78,19.09
LTIM,LTIMindtree Ltd,26.04,34.1,1328108.48,60.16,10.57,0.2881,0.2084,1.3826,20.78,19.09
LTIM,LTIMindtree Ltd,26.04,34.1,1328108.48,60.16,10.57,0.3088,0.2198,1.4049,20.78,19.09
LTIM,LTIMindtree Ltd,26.04,34.1,1328108.48,60.16,10.57,0.3098,0.2275,1.3619,20.78,19.09
LTIM,LTIMindtree Ltd,26.04,34.1,1328108.48,60.16,10.57,0.3796,0.2582,1.4699,20.78,19.09
LTIM,LTIMindtree Ltd,26.04,34.1,1328108.48,60.16,10.57,0.3934,0.2665,1.4762,20.78,19.09
LTIM,LTIMindtree Ltd,26.04,34.1,1328108.48,60.16,10.57,0.4197,0.2414,1.7386,20.78,19.09
LTIM,LTIMindtree Ltd,26.04,34.1,1328108.48,60.16,10.57,0.6186,0.3736,1.6559,20.78,19.09
LTIM,LTIMindtree Ltd,26.04,34.1,1347046.9,64.52,2.38,0.229,0.1665,1.376,20.78,19.09
LTIM,LTIMindtree Ltd,26.04,34.1,1347046.9,64.52,2.38,0.2653,0.181,1.4658,20.78,19.09
LTIM,LTIMindtree Ltd,26.04,34.1,1347046.9,64.52,2.38,0.2658,0.1878,1.4152,20.78,19.09
LTIM,LTIMindtree Ltd,26.04,34.1,1347046.9,64.52,2.38,0.2765,0.192,1.4398,20.78,19.09
LTIM,LTIMindtree Ltd,26.04,34.1,1347046.9,64.52,2.38,0.2813,0.1724,1.6312,20.78,19.09
LTIM,LTIMindtree Ltd,26.04,34.1,1347046.9,64.52,2.38,0.2881,0.2084,1.3826,20.78,19.09
LTIM,LTIMindtree Ltd,26.04,34.1,1347046.9,64.52,2.38,0.3088,0.2198,1.4049,20.78,19.09
LTIM,LTIMindtree Ltd,26.04,34.1,1347046.9,64.52,2.38,0.3098,0.2275,1.3619,20.78,19.09
LTIM,LTIMindtree Ltd,26.04,34.1,1347046.9,64.52,2.38,0.3796,0.2582,1.4699,20.78,19.09
LTIM,LTIMindtree Ltd,26.04,34.1,1347046.9,64.52,2.38,0.3934,0.2665,1.4762,20.78,19.09
LTIM,LTIMindtree Ltd,26.04,34.1,1347046.9,64.52,2.38,0.4197,0.2414,1.7386,20.78,19.09
LTIM,LTIMindtree Ltd,26.04,34.1,1347046.9,64.52,2.38,0.6186,0.3736,1.6559,20.78,19.09
M&M,"Mahindra & Mahindra Ltd
",17.99,26.98,1707695.34,76.49,7.02,-0.008,-0.0019,4.1461,6.48,10.04
M&M,"Mahindra & Mahindra Ltd
",17.99,26.98,1707695.34,76.49,7.02,0.0364,0.0092,3.9673,6.48,10.04
M&M,"Mahindra & Mahindra Ltd
",17.99,26.98,1707695.34,76.49,7.02,0.1308,0.0358,3.6499,6.48,10.04
M&M,"Mahindra & Mahindra Ltd
",17.99,26.98,1707695.34,76.49,7.02,0.1342,0.0356,3.7691,6.48,10.04
M&M,"Mahindra & Mahindra Ltd
",17.99,26.98,1707695.34,76.49,7.02,0.136,0.0356,3.8228,6.48,10.04
M&M,"Mahindra & Mahindra Ltd
",17.99,26.98,1707695.34,76.49,7.02,0.1505,0.0372,4.0489,6.48,10.04
M&M,"Mahindra & Mahindra Ltd
",17.99,26.98,1707695.34,76.49,7.02,0.1539,0.0421,3.6583,6.48,10.04
M&M,"Mahindra & Mahindra Ltd
",17.99,26.98,1707695.34,76.49,7.02,0.1854,0.0523,3.5462,6.48,10.04
M&M,"Mahindra & Mahindra Ltd
",17.99,26.98,1707695.34,76.49,7.02,0.2018,0.0557,3.6242,6.48,10.04
M&M,"Mahindra & Mahindra Ltd
",17.99,26.98,1707695.34,76.49,7.02,0.2069,0.0542,3.814,6.48,10.04
M&M,"Mahindra & Mahindra Ltd
",17.99,26.98,1707695.34,76.49,7.02,0.2164,0.0584,3.7082,6.48,10.04
M&M,"Mahindra & Mahindra Ltd
",17.99,26.98,1707695.34,76.49,7.02,0.2211,0.0586,3.7709,6.48,10.04
M&M,"Mahindra & Mahindra Ltd
",17.99,26.98,2271322.15,65.84,6.63,-0.008,-0.0019,4.1461,6.48,10.04
M&M,"Mahindra & Mahindra Ltd
",17.99,26.98,2271322.15,65.84,6.63,0.0364,0.0092,3.9673,6.48,10.04
M&M,"Mahindra & Mahindra Ltd
",17.99,26.98,2271322.15,65.84,6.63,0.1308,0.0358,3.6499,6.48,10.04
M&M,"Mahindra & Mahindra Ltd
",17.99,26.98,2271322.15,65.84,6.63,0.1342,0.0356,3.7691,6.48,10.04
M&M,"Mahindra & Mahindra Ltd
",17.99,26.98,2271322.15,65.84,6.63,0.136,0.0356,3.8228,6.48,10.04
M&M,"Mahindra & Mahindra Ltd
",17.99,26.98,2271322.15,65.84,6.63,0.1505,0.0372,4.0489,6.48,10.04
M&M,"Mahindra & Mahindra Ltd
",17.99,26.98,2271322.15,65.84,6.63,0.1539,0.0421,3.6583,6.48,10.04
M&M,"Mahindra & Mahindra Ltd
",17.99,26.98,2271322.15,65.84,6.63,0.1854,0.0523,3.5462,6.48,10.04
M&M,"Mahindra & Mahindra Ltd
",17.99,26.98,2271322.15,65.84,6.63,0.2018,0.0557,3.6242,6.48,10.04
M&M,"Mahindra & Mahindra Ltd
",17.99,26.98,2271322.15,65.84,6.63,0.2069,0.0542,3.814,6.48,10.04
M&M,"Mahindra & Mahindra Ltd
",17.99,26.98,2271322.15,65.84,6.63,0.2164,0.0584,3.7082,6.48,10.04
M&M,"Mahindra & Mahindra Ltd
",17.99,26.98,2271322.15,65.84,6.63,0.2211,0.0586,3.7709,6.48,10.04
M&M,"Mahindra & Mahindra Ltd
",17.99,26.98,3046586.67,8.87,14.35,-0.008,-0.0019,4.1461,6.48,10.04
M&M,"Mahindra & Mahindra Ltd
",17.99,26.98,3046586.67,8.87,14.35,0.0364,0.0092,3.9673,6.48,10.04
M&M,"Mahindra & Mahindra Ltd
",17.99,26.98,3046586.67,8.87,14.35,0.1308,0.0358,3.6499,6.48,10.04
M&M,"Mahindra & Mahindra Ltd
",17.99,26.98,3046586.67,8.87,14.35,0.1342,0.0356,3.7691,6.48,10.04
M&M,"Mahindra & Mahindra Ltd
",17.99,26.98,3046586.67,8.87,14.35,0.136,0.0356,3.8228,6.48,10.04
M&M,"Mahindra & Mahindra Ltd
",17.99,26.98,3046586.67,8.87,14.35,0.1505,0.0372,4.0489,6.48,10.04
M&M,"Mahindra & Mahindra Ltd
",17.99,26.98,3046586.67,8.87,14.35,0.1539,0.0421,3.6583,6.48,10.04
M&M,"Mahindra & Mahindra Ltd
",17.99,26.98,3046586.67,8.87,14.35,0.1854,0.0523,3.5462,6.48,10.04
M&M,"Mahindra & Mahindra Ltd
",17.99,26.98,3046586.67,8.87,14.35,0.2018,0.0557,3.6242,6.48,10.04
M&M,"Mahindra & Mahindra Ltd
",17.99,26.98,3046586.67,8.87,14.35,0.2069,0.0542,3.814,6.48,10.04
M&M,"Mahindra & Mahindra Ltd
",17.99,26.98,3046586.67,8.87,14.35,0.2164,0.0584,3.7082,6.48,10.04
M&M,"Mahindra & Mahindra Ltd
",17.99,26.98,3046586.67,8.87,14.35,0.2211,0.0586,3.7709,6.48,10.04
M&M,"Mahindra & Mahindra Ltd
",17.99,26.98,3314570.19,34.84,13.53,-0.008,-0.0019,4.1461,6.48,10.04
M&M,"Mahindra & Mahindra Ltd
",17.99,26.98,3314570.19,34.84,13.53,0.0364,0.0092,3.9673,6.48,10.04
M&M,"Mahindra & Mahindra Ltd
",17.99,26.98,3314570.19,34.84,13.53,0.1308,0.0358,3.6499,6.48,10.04
M&M,"Mahindra & Mahindra Ltd
",17.99,26.98,3314570.19,34.84,13.53,0.1342,0.0356,3.7691,6.48,10.04
M&M,"Mahindra & Mahindra Ltd
",17.99,26.98,3314570.19,34.84,13.53,0.136,0.0356,3.8228,6.48,10.04
M&M,"Mahindra & Mahindra Ltd
",17.99,26.98,3314570.19,34.84,13.53,0.1505,0.0372,4.0489,6.48,10.04
M&M,"Mahindra & Mahindra Ltd
",17.99,26.98,3314570.19,34.84,13.53,0.1539,0.0421,3.6583,6.48,10.04
M&M,"Mahindra & Mahindra Ltd
",17.99,26.98,3314570.19,34.84,13.53,0.1854,0.0523,3.5462,6.48,10.04
M&M,"Mahindra & Mahindra Ltd
",17.99,26.98,3314570.19,34.84,13.53,0.2018,0.0557,3.6242,6.48,10.04
M&M,"Mahindra & Mahindra Ltd
",17.99,26.98,3314570.19,34.84,13.53,0.2069,0.0542,3.814,6.48,10.04
M&M,"Mahindra & Mahindra Ltd
",17.99,26.98,3314570.19,34.84,13.53,0.2164,0.0584,3.7082,6.48,10.04
M&M,"Mahindra & Mahindra Ltd
",17.99,26.98,3314570.19,34.84,13.53,0.2211,0.0586,3.7709,6.48,10.04
M&M,"Mahindra & Mahindra Ltd
",17.99,26.98,3425061.3,52.32,14.96,-0.008,-0.0019,4.1461,6.48,10.04
M&M,"Mahindra & Mahindra Ltd
",17.99,26.98,3425061.3,52.32,14.96,0.0364,0.0092,3.9673,6.48,10.04
M&M,"Mahindra & Mahindra Ltd
",17.99,26.98,3425061.3,52.32,14.96,0.1308,0.0358,3.6499,6.48,10.04
M&M,"Mahindra & Mahindra Ltd
",17.99,26.98,3425061.3,52.32,14.96,0.1342,0.0356,3.7691,6.48,10.04
M&M,"Mahindra & Mahindra Ltd
",17.99,26.98,3425061.3,52.32,14.96,0.136,0.0356,3.8228,6.48,10.04
M&M,"Mahindra & Mahindra Ltd
",17.99,26.98,3425061.3,52.32,14.96,0.1505,0.0372,4.0489,6.48,10.04
M&M,"Mahindra & Mahindra Ltd
",17.99,26.98,3425061.3,52.32,14.96,0.1539,0.0421,3.6583,6.48,10.04
M&M,"Mahindra & Mahindra Ltd
",17.99,26.98,3425061.3,52.32,14.96,0.1854,0.0523,3.5462,6.48,10.04
M&M,"Mahindra & Mahindra Ltd
",17.99,26.98,3425061.3,52.32,14.96,0.2018,0.0557,3.6242,6.48,10.04
M&M,"Mahindra & Mahindra Ltd
",17.99,26.98,3425061.3,52.32,14.96,0.2069,0.0542,3.814,6.48,10.04
M&M,"Mahindra & Mahindra Ltd
",17.99,26.98,3425061.3,52.32,14.96,0.2164,0.0584,3.7082,6.48,10.04
M&M,"Mahindra & Mahindra Ltd
",17.99,26.98,3425061.3,52.32,14.96,0.2211,0.0586,3.7709,6.48,10.04
M&M,"Mahindra & Mahindra Ltd
",17.99,26.98,4173085.48,14.22,0.81,-0.008,-0.0019,4.1461,6.48,10.04
M&M,"Mahindra & Mahindra Ltd
",17.99,26.98,4173085.48,14.22,0.81,0.0364,0.0092,3.9673,6.48,10.04
M&M,"Mahindra & Mahindra Ltd
",17.99,26.98,4173085.48,14.22,0.81,0.1308,0.0358,3.6499,6.48,10.04
M&M,"Mahindra & Mahindra Ltd
",17.99,26.98,4173085.48,14.22,0.81,0.1342,0.0356,3.7691,6.48,10.04
M&M,"Mahindra & Mahindra Ltd
",17.99,26.98,4173085.48,14.22,0.81,0.136,0.0356,3.8228,6.48,10.04
M&M,"Mahindra & Mahindra Ltd
",17.99,26.98,4173085.48,14.22,0.81,0.1505,0.0372,4.0489,6.48,10.04
M&M,"Mahindra & Mahindra Ltd
",17.99,26.98,4173085.48,14.22,0.81,0.1539,0.0421,3.6583,6.48,10.04
M&M,"Mahindra & Mahindra Ltd
",17.99,26.98,4173085.48,14.22,0.81,0.1854,0.0523,3.5462,6.48,10.04
M&M,"Mahindra & Mahindra Ltd
",17.99,26.98,4173085.48,14.22,0.81,0.2018,0.0557,3.6242,6.48,10.04
M&M,"Mahindra & Mahindra Ltd
",17.99,26.98,4173085.48,14.22,0.81,0.2069,0.0542,3.814,6.48,10.04
M&M,"Mahindra & Mahindra Ltd
",17.99,26.98,4173085.48,14.22,0.81,0.2164,0.0584,3.7082,6.48,10.04
M&M,"Mahindra & Mahindra Ltd
",17.99,26.98,4173085.48,14.22,0.81,0.2211,0.0586,3.7709,6.48,10.04
MARUTI,Maruti Suzuki India Ltd,15.75,23.67,1153447.24,42.37,6.22,0.0701,0.052,1.3492,10.4,15.57
MARUTI,Maruti Suzuki India Ltd,15.75,23.67,1153447.24,42.37,6.22,0.0836,0.0615,1.3595,10.4,15.57
MARUTI,Maruti Suzuki India Ltd,15.75,23.67,1153447.24,42.37,6.22,0.1108,0.0826,1.3419,10.4,15.57
MARUTI,Maruti Suzuki India Ltd,15.75,23.67,1153447.24,42.37,6.22,0.1149,0.0892,1.2877,10.4,15.57
MARUTI,Maruti Suzuki India Ltd,15.75,23.67,1153447.24,42.37,6.22,0.1298,0.0898,1.4461,10.4,15.57
MARUTI,Maruti Suzuki India Ltd,15.75,23.67,1153447.24,42.37,6.22,0.1328,0.0907,1.4643,10.4,15.57
MARUTI,Maruti Suzuki India Ltd,15.75,23.67,1153447.24,42.37,6.22,0.1566,0.1105,1.4178,10.4,15.57
MARUTI,Maruti Suzuki India Ltd,15.75,23.67,1153447.24,42.37,6.22,0.1575,0.117,1.3464,10.4,15.57
MARUTI,Maruti Suzuki India Ltd,15.75,23.67,1153447.24,42.37,6.22,0.1625,0.1196,1.3584,10.4,15.57
MARUTI,Maruti Suzuki India Ltd,15.75,23.67,1153447.24,42.37,6.22,0.1795,0.1287,1.3955,10.4,15.57
MARUTI,Maruti Suzuki India Ltd,15.75,23.67,1153447.24,42.37,6.22,0.1852,0.1308,1.4156,10.4,15.57
MARUTI,Maruti Suzuki India Ltd,15.75,23.67,1153447.24,42.37,6.22,0.2026,0.1446,1.4015,10.4,15.57
MARUTI,Maruti Suzuki India Ltd,15.75,23.67,1349572.01,11.64,1.03,0.0701,0.052,1.3492,10.4,15.57
MARUTI,Maruti Suzuki India Ltd,15.75,23.67,1349572.01,11.64,1.03,0.0836,0.0615,1.3595,10.4,15.57
MARUTI,Maruti Suzuki India Ltd,15.75,23.67,1349572.01,11.64,1.03,0.1108,0.0826,1.3419,10.4,15.57
MARUTI,Maruti Suzuki India Ltd,15.75,23.67,1349572.01,11.64,1.03,0.1149,0.0892,1.2877,10.4,15.57
MARUTI,Maruti Suzuki India Ltd,15.75,23.67,1349572.01,11.64,1.03,0.1298,0.0898,1.4461,10.4,15.57
MARUTI,Maruti Suzuki India Ltd,15.75,23.67,1349572.01,11.64,1.03,0.1328,0.0907,1.4643,10.4,15.57
MARUTI,Maruti Suzuki India Ltd,15.75,23.67,1349572.01,11.64,1.03,0.1566,0.1105,1.4178,10.4,15.57
MARUTI,Maruti Suzuki India Ltd,15.75,23.67,1349572.01,11.64,1.03,0.1575,0.117,1.3464,10.4,15.57
MARUTI,Maruti Suzuki India Ltd,15.75,23.67,1349572.01,11.64,1.03,0.1625,0.1196,1.3584,10.4,15.57
MARUTI,Maruti Suzuki India Ltd,15.75,23.67,1349572.01,11.64,1.03,0.1795,0.1287,1.3955,10.4,15.57
MARUTI,Maruti Suzuki India Ltd,15.75,23.67,1349572.01,11.64,1.03,0.1852,0.1308,1.4156,10.4,15.57
MARUTI,Maruti Suzuki India Ltd,15.75,23.67,1349572.01,11.64,1.03,0.2026,0.1446,1.4015,10.4,15.57
MARUTI,Maruti Suzuki India Ltd,15.75,23.67,1390095.96,36.35,2.5,0.0701,0.052,1.3492,10.4,15.57
MARUTI,Maruti Suzuki India Ltd,15.75,23.67,1390095.96,36.35,2.5,0.0836,0.0615,1.3595,10.4,15.57
MARUTI,Maruti Suzuki India Ltd,15.75,23.67,1390095.96,36.35,2.5,0.1108,0.0826,1.3419,10.4,15.57
MARUTI,Maruti Suzuki India Ltd,15.75,23.67,1390095.96,36.35,2.5,0.1149,0.0892,1.2877,10.4,15.57
MARUTI,Maruti Suzuki India Ltd,15.75,23.67,1390095.96,36.35,2.5,0.1298,0.0898,1.4461,10.4,15.57
MARUTI,Maruti Suzuki India Ltd,15.75,23.67,1390095.96,36.35,2.5,0.1328,0.0907,1.4643,10.4,15.57
MARUTI,Maruti Suzuki India Ltd,15.75,23.67,1390095.96,36.35,2.5,0.1566,0.1105,1.4178,10.4,15.57
MARUTI,Maruti Suzuki India Ltd,15.75,23.67,1390095.96,36.35,2.5,0.1575,0.117,1.3464,10.4,15.57
MARUTI,Maruti Suzuki India Ltd,15.75,23.67,1390095.96,36.35,2.5,0.1625,0.1196,1.3584,10.4,15.57
MARUTI,Maruti Suzuki India Ltd,15.75,23.67,1390095.96,36.35,2.5,0.1795,0.1287,1.3955,10.4,15.57
MARUTI,Maruti Suzuki India Ltd,15.75,23.67,1390095.96,36.35,2.5,0.1852,0.1308,1.4156,10.4,15.57
MARUTI,Maruti Suzuki India Ltd,15.75,23.67,1390095.96,36.35,2.5,0.2026,0.1446,1.4015,10.4,15.57
MARUTI,Maruti Suzuki India Ltd,15.75,23.67,1445154.02,65.97,4.77,0.0701,0.052,1.3492,10.4,15.57
MARUTI,Maruti Suzuki India Ltd,15.75,23.67,1445154.02,65.97,4.77,0.0836,0.0615,1.3595,10.4,15.57
MARUTI,Maruti Suzuki India Ltd,15.75,23.67,1445154.02,65.97,4.77,0.1108,0.0826,1.3419,10.4,15.57
MARUTI,Maruti Suzuki India Ltd,15.75,23.67,1445154.02,65.97,4.77,0.1149,0.0892,1.2877,10.4,15.57
MARUTI,Maruti Suzuki India Ltd,15.75,23.67,1445154.02,65.97,4.77,0.1298,0.0898,1.4461,10.4,15.57
MARUTI,Maruti Suzuki India Ltd,15.75,23.67,1445154.02,65.97,4.77,0.1328,0.0907,1.4643,10.4,15.57
MARUTI,Maruti Suzuki India Ltd,15.75,23.67,1445154.02,65.97,4.77,0.1566,0.1105,1.4178,10.4,15.57
MARUTI,Maruti Suzuki India Ltd,15.75,23.67,1445154.02,65.97,4.77,0.1575,0.117,1.3464,10.4,15.57
MARUTI,Maruti Suzuki India Ltd,15.75,23.67,1445154.02,65.97,4.77,0.1625,0.1196,1.3584,10.4,15.57
MARUTI,Maruti Suzuki India Ltd,15.75,23.67,1445154.02,65.97,4.77,0.1795,0.1287,1.3955,10.4,15.57
MARUTI,Maruti Suzuki India Ltd,15.75,23.67,1445154.02,65.97,4.77,0.1852,0.1308,1.4156,10.4,15.57
MARUTI,Maruti Suzuki India Ltd,15.75,23.67,1445154.02,65.97,4.77,0.2026,0.1446,1.4015,10.4,15.57
MARUTI,Maruti Suzuki India Ltd,15.75,23.67,1503863.63,20.78,8.26,0.0701,0.052,1.3492,10.4,15.57
MARUTI,Maruti Suzuki India Ltd,15.75,23.67,1503863.63,20.78,8.26,0.0836,0.0615,1.3595,10.4,15.57
MARUTI,Maruti Suzuki India Ltd,15.75,23.67,1503863.63,20.78,8.26,0.1108,0.0826,1.3419,10.4,15.57
MARUTI,Maruti Suzuki India Ltd,15.75,23.67,1503863.63,20.78,8.26,0.1149,0.0892,1.2877,10.4,15.57
MARUTI,Maruti Suzuki India Ltd,15.75,23.67,1503863.63,20.78,8.26,0.1298,0.0898,1.4461,10.4,15.57
MARUTI,Maruti Suzuki India Ltd,15.75,23.67,1503863.63,20.78,8.26,0.1328,0.0907,1.4643,10.4,15.57
MARUTI,Maruti Suzuki India Ltd,15.75,23.67,1503863.63,20.78,8.26,0.1566,0.1105,1.4178,10.4,15.57
MARUTI,Maruti Suzuki India Ltd,15.75,23.67,1503863.63,20.78,8.26,0.1575,0.117,1.3464,10.4,15.57
MARUTI,Maruti Suzuki India Ltd,15.75,23.67,1503863.63,20.78,8.26,0.1625,0.1196,1.3584,10.4,15.57
MARUTI,Maruti Suzuki India Ltd,15.75,23.67,1503863.63,20.78,8.26,0.1795,0.1287,1.3955,10.4,15.57
MARUTI,Maruti Suzuki India Ltd,15.75,23.67,1503863.63,20.78,8.26,0.1852,0.1308,1.4156,10.4,15.57
MARUTI,Maruti Suzuki India Ltd,15.75,23.67,1503863.63,20.78,8.26,0.2026,0.1446,1.4015,10.4,15.57
MARUTI,Maruti Suzuki India Ltd,15.75,23.67,1507366.44,14.7,14.19,0.0701,0.052,1.3492,10.4,15.57
MARUTI,Maruti Suzuki India Ltd,15.75,23.67,1507366.44,14.7,14.19,0.0836,0.0615,1.3595,10.4,15.57
MARUTI,Maruti Suzuki India Ltd,15.75,23.67,1507366.44,14.7,14.19,0.1108,0.0826,1.3419,10.4,15.57
MARUTI,Maruti Suzuki India Ltd,15.75,23.67,1507366.44,14.7,14.19,0.1149,0.0892,1.2877,10.4,15.57
MARUTI,Maruti Suzuki India Ltd,15.75,23.67,1507366.44,14.7,14.19,0.1298,0.0898,1.4461,10.4,15.57
MARUTI,Maruti Suzuki India Ltd,15.75,23.67,1507366.44,14.7,14.19,0.1328,0.0907,1.4643,10.4,15.57
MARUTI,Maruti Suzuki India Ltd,15.75,23.67,1507366.44,14.7,14.19,0.1566,0.1105,1.4178,10.4,15.57
MARUTI,Maruti Suzuki India Ltd,15.75,23.67,1507366.44,14.7,14.19,0.1575,0.117,1.3464,10.4,15.57
MARUTI,Maruti Suzuki India Ltd,15.75,23.67,1507366.44,14.7,14.19,0.1625,0.1196,1.3584,10.4,15.57
MARUTI,Maruti Suzuki India Ltd,15.75,23.67,1507366.44,14.7,14.19,0.1795,0.1287,1.3955,10.4,15.57
MARUTI,Maruti Suzuki India Ltd,15.75,23.67,1507366.44,14.7,14.19,0.1852,0.1308,1.4156,10.4,15.57
MARUTI,Maruti Suzuki India Ltd,15.75,23.67,1507366.44,14.7,14.19,0.2026,0.1446,1.4015,10.4,15.57
MOTHERSON,Samvardhana Motherson International Ltd,11.8,13.7,62318.66,45.66,12.32,0.0574,0.0212,2.7067,12.98,20.23
MOTHERSON,Samvardhana Motherson International Ltd,11.8,13.7,62318.66,45.66,12.32,0.0744,0.0272,2.7316,12.98,20.23
MOTHERSON,Samvardhana Motherson International Ltd,11.8,13.7,62318.66,45.66,12.32,0.1149,0.0287,3.999,12.98,20.23
MOTHERSON,Samvardhana Motherson International Ltd,11.8,13.7,62318.66,45.66,12.32,0.1155,0.0359,3.2184,12.98,20.23
MOTHERSON,Samvardhana Motherson International Ltd,11.8,13.7,62318.66,45.66,12.32,0.1249,0.0329,3.8014,12.98,20.23
MOTHERSON,Samvardhana Motherson International Ltd,11.8,13.7,62318.66,45.66,12.32,0.1914,0.0491,3.8998,12.98,20.23
MOTHERSON,Samvardhana Motherson International Ltd,11.8,13.7,62318.66,45.66,12.32,0.1975,0.0355,5.5653,12.98,20.23
MOTHERSON,Samvardhana Motherson International Ltd,11.8,13.7,62318.66,45.66,12.32,0.2287,0.0611,3.7408,12.98,20.23
MOTHERSON,Samvardhana Motherson International Ltd,11.8,13.7,62318.66,45.66,12.32,0.2626,0.068,3.8617,12.98,20.23
MOTHERSON,Samvardhana Motherson International Ltd,11.8,13.7,62318.66,45.66,12.32,0.3707,0.072,5.1517,12.98,20.23
MOTHERSON,Samvardhana Motherson International Ltd,11.8,13.7,62318.66,45.66,12.32,0.3887,0.0741,5.2422,12.98,20.23
MOTHERSON,Samvardhana Motherson International Ltd,11.8,13.7,62318.66,45.66,12.32,0.4035,0.0902,4.4724,12.98,20.23
MOTHERSON,Samvardhana Motherson International Ltd,11.8,13.7,81298.87,30.92,9.22,0.0574,0.0212,2.7067,12.98,20.23
MOTHERSON,Samvardhana Motherson International Ltd,11.8,13.7,81298.87,30.92,9.22,0.0744,0.0272,2.7316,12.98,20.23
MOTHERSON,Samvardhana Motherson International Ltd,11.8,13.7,81298.87,30.92,9.22,0.1149,0.0287,3.999,12.98,20.23
MOTHERSON,Samvardhana Motherson International Ltd,11.8,13.7,81298.87,30.92,9.22,0.1155,0.0359,3.2184,12.98,20.23
MOTHERSON,Samvardhana Motherson International Ltd,11.8,13.7,81298.87,30.92,9.22,0.1249,0.0329,3.8014,12.98,20.23
MOTHERSON,Samvardhana Motherson International Ltd,11.8,13.7,81298.87,30.92,9.22,0.1914,0.0491,3.8998,12.98,20.23
MOTHERSON,Samvardhana Motherson International Ltd,11.8,13.7,81298.87,30.92,9.22,0.1975,0.0355,5.5653,12.98,20.23
MOTHERSON,Samvardhana Motherson International Ltd,11.8,13.7,81298.87,30.92,9.22,0.2287,0.0611,3.7408,12.98,20.23
MOTHERSON,Samvardhana Motherson International Ltd,11.8,13.7,81298.87,30.92,9.22,0.2626,0.068,3.8617,12.98,20.23
MOTHERSON,Samvardhana Motherson International Ltd,11.8,13.7,81298.87,30.92,9.22,0.3707,0.072,5.1517,12.98,20.23
MOTHERSON,Samvardhana Motherson International Ltd,11.8,13.7,81298.87,30.92,9.22,0.3887,0.0741,5.2422,12.98,20.23
MOTHERSON,Samvardhana Motherson International Ltd,11.8,13.7,81298.87,30.92,9.22,0.4035,0.0902,4.4724,12.98,20.23
MOTHERSON,Samvardhana Motherson International Ltd,11.8,13.7,102529.39,32.08,10.45,0.0574,0.0212,2.7067,12.98,20.23
MOTHERSON,Samvardhana Motherson International Ltd,11.8,13.7,102529.39,32.08,10.45,0.0744,0.0272,2.7316,12.98,20.23
MOTHERSON,Samvardhana Motherson International Ltd,11.8,13.7,102529.39,32.08,10.45,0.1149,0.0287,3.999,12.98,20.23
MOTHERSON,Samvardhana Motherson International Ltd,11.8,13.7,102529.39,32.08,10.45,0.1155,0.0359,3.2184,12.98,20.23
MOTHERSON,Samvardhana Motherson International Ltd,11.8,13.7,102529.39,32.08,10.45,0.1249,0.0329,3.8014,12.98,20.23
MOTHERSON,Samvardhana Motherson International Ltd,11.8,13.7,102529.39,32.08,10.45,0.1914,0.0491,3.8998,12.98,20.23
MOTHERSON,Samvardhana Motherson International Ltd,11.8,13.7,102529.39,32.08,10.45,0.1975,0.0355,5.5653,12.98,20.23
MOTHERSON,Samvardhana Motherson International Ltd,11.8,13.7,102529.39,32.08,10.45,0.2287,0.0611,3.7408,12.98,20.23
MOTHERSON,Samvardhana Motherson International Ltd,11.8,13.7,102529.39,32.08,10.45,0.2626,0.068,3.8617,12.98,20.23
MOTHERSON,Samvardhana Motherson International Ltd,11.8,13.7,102529.39,32.08,10.45,0.3707,0.072,5.1517,12.98,20.23
MOTHERSON,Samvardhana Motherson International Ltd,11.8,13.7,102529.39,32.08,10.45,0.3887,0.0741,5.2422,12.98,20.23
MOTHERSON,Samvardhana Motherson International Ltd,11.8,13.7,102529.39,32.08,10.45,0.4035,0.0902,4.4724,12.98,20.23
MOTHERSON,Samvardhana Motherson International Ltd,11.8,13.7,125781.85,26.19,14.98,0.0574,0.0212,2.7067,12.98,20.23
MOTHERSON,Samvardhana Motherson International Ltd,11.8,13.7,125781.85,26.19,14.98,0.0744,0.0272,2.7316,12.98,20.23
MOTHERSON,Samvardhana Motherson International Ltd,11.8,13.7,125781.85,26.19,14.98,0.1149,0.0287,3.999,12.98,20.23
MOTHERSON,Samvardhana Motherson International Ltd,11.8,13.7,125781.85,26.19,14.98,0.1155,0.0359,3.2184,12.98,20.23
MOTHERSON,Samvardhana Motherson International Ltd,11.8,13.7,125781.85,26.19,14.98,0.1249,0.0329,3.8014,12.98,20.23
MOTHERSON,Samvardhana Motherson International Ltd,11.8,13.7,125781.85,26.19,14.98,0.1914,0.0491,3.8998,12.98,20.23
MOTHERSON,Samvardhana Motherson International Ltd,11.8,13.7,125781.85,26.19,14.98,0.1975,0.0355,5.5653,12.98,20.23
MOTHERSON,Samvardhana Motherson International Ltd,11.8,13.7,125781.85,26.19,14.98,0.2287,0.0611,3.7408,12.98,20.23
MOTHERSON,Samvardhana Motherson International Ltd,11.8,13.7,125781.85,26.19,14.98,0.2626,0.068,3.8617,12.98,20.23
MOTHERSON,Samvardhana Motherson International Ltd,11.8,13.7,125781.85,26.19,14.98,0.3707,0.072,5.1517,12.98,20.23
MOTHERSON,Samvardhana Motherson International Ltd,11.8,13.7,125781.85,26.19,14.98,0.3887,0.0741,5.2422,12.98,20.23
MOTHERSON,Samvardhana Motherson International Ltd,11.8,13.7,125781.85,26.19,14.98,0.4035,0.0902,4.4724,12.98,20.23
MOTHERSON,Samvardhana Motherson International Ltd,11.8,13.7,136555.49,76.33,10.98,0.0574,0.0212,2.7067,12.98,20.23
MOTHERSON,Samvardhana Motherson International Ltd,11.8,13.7,136555.49,76.33,10.98,0.0744,0.0272,2.7316,12.98,20.23
MOTHERSON,Samvardhana Motherson International Ltd,11.8,13.7,136555.49,76.33,10.98,0.1149,0.0287,3.999,12.98,20.23
MOTHERSON,Samvardhana Motherson International Ltd,11.8,13.7,136555.49,76.33,10.98,0.1155,0.0359,3.2184,12.98,20.23
MOTHERSON,Samvardhana Motherson International Ltd,11.8,13.7,136555.49,76.33,10.98,0.1249,0.0329,3.8014,12.98,20.23
MOTHERSON,Samvardhana Motherson International Ltd,11.8,13.7,136555.49,76.33,10.98,0.1914,0.0491,3.8998,12.98,20.23
MOTHERSON,Samvardhana Motherson International Ltd,11.8,13.7,136555.49,76.33,10.98,0.1975,0.0355,5.5653,12.98,20.23
MOTHERSON,Samvardhana Motherson International Ltd,11.8,13.7,136555.49,76.33,10.98,0.2287,0.0611,3.7408,12.98,20.23
MOTHERSON,Samvardhana Motherson International Ltd,11.8,13.7,136555.49,76.33,10.98,0.2626,0.068,3.8617,12.98,20.23
MOTHERSON,Samvardhana Motherson International Ltd,11.8,13.7,136555.49,76.33,10.98,0.3707,0.072,5.1517,12.98,20.23
MOTHERSON,Samvardhana Motherson International Ltd,11.8,13.7,136555.49,76.33,10.98,0.3887,0.0741,5.2422,12.98,20.23
MOTHERSON,Samvardhana Motherson International Ltd,11.8,13.7,136555.49,76.33,10.98,0.4035,0.0902,4.4724,12.98,20.23
MOTHERSON,Samvardhana Motherson International Ltd,11.8,13.7,146151.16,9.54,2.38,0.0574,0.0212,2.7067,12.98,20.23
MOTHERSON,Samvardhana Motherson International Ltd,11.8,13.7,146151.16,9.54,2.38,0.0744,0.0272,2.7316,12.98,20.23
MOTHERSON,Samvardhana Motherson International Ltd,11.8,13.7,146151.16,9.54,2.38,0.1149,0.0287,3.999,12.98,20.23
MOTHERSON,Samvardhana Motherson International Ltd,11.8,13.7,146151.16,9.54,2.38,0.1155,0.0359,3.2184,12.98,20.23
MOTHERSON,Samvardhana Motherson International Ltd,11.8,13.7,146151.16,9.54,2.38,0.1249,0.0329,3.8014,12.98,20.23
MOTHERSON,Samvardhana Motherson International Ltd,11.8,13.7,146151.16,9.54,2.38,0.1914,0.0491,3.8998,12.98,20.23
MOTHERSON,Samvardhana Motherson International Ltd,11.8,13.7,146151.16,9.54,2.38,0.1975,0.0355,5.5653,12.98,20.23
MOTHERSON,Samvardhana Motherson International Ltd,11.8,13.7,146151.16,9.54,2.38,0.2287,0.0611,3.7408,12.98,20.23
MOTHERSON,Samvardhana Motherson International Ltd,11.8,13.7,146151.16,9.54,2.38,0.2626,0.068,3.8617,12.98,20.23
MOTHERSON,Samvardhana Motherson International Ltd,11.8,13.7,146151.16,9.54,2.38,0.3707,0.072,5.1517,12.98,20.23
MOTHERSON,Samvardhana Motherson International Ltd,11.8,13.7,146151.16,9.54,2.38,0.3887,0.0741,5.2422,12.98,20.23
MOTHERSON,Samvardhana Motherson International Ltd,11.8,13.7,146151.16,9.54,2.38,0.4035,0.0902,4.4724,12.98,20.23
NAUKRI,Info Edge (India) Ltd,2.44,3.65,241741.48,24.1,14.39,-0.1121,-0.085,1.318,15.51,17.95
NAUKRI,Info Edge (India) Ltd,2.44,3.65,241741.48,24.1,14.39,-0.027,-0.0209,1.2896,15.51,17.95
NAUKRI,Info Edge (India) Ltd,2.44,3.65,241741.48,24.1,14.39,-0.0099,-0.0063,1.5668,15.51,17.95
NAUKRI,Info Edge (India) Ltd,2.44,3.65,241741.48,24.1,14.39,-0.0052,-0.0042,1.2433,15.51,17.95
NAUKRI,Info Edge (India) Ltd,2.44,3.65,241741.48,24.1,14.39,0.0197,0.0165,1.1926,15.51,17.95
NAUKRI,Info Edge (India) Ltd,2.44,3.65,241741.48,24.1,14.39,0.0765,0.0613,1.2476,15.51,17.95
NAUKRI,Info Edge (India) Ltd,2.44,3.65,241741.48,24.1,14.39,0.0893,0.0566,1.5774,15.51,17.95
NAUKRI,Info Edge (India) Ltd,2.44,3.65,241741.48,24.1,14.39,0.125,0.0921,1.3569,15.51,17.95
NAUKRI,Info Edge (India) Ltd,2.44,3.65,241741.48,24.1,14.39,0.2328,0.1856,1.254,15.51,17.95
NAUKRI,Info Edge (India) Ltd,2.44,3.65,241741.48,24.1,14.39,0.245,0.193,1.2694,15.51,17.95
NAUKRI,Info Edge (India) Ltd,2.44,3.65,241741.48,24.1,14.39,0.2628,0.2254,1.166,15.51,17.95
NAUKRI,Info Edge (India) Ltd,2.44,3.65,241741.48,24.1,14.39,0.7471,0.6289,1.188,15.51,17.95
NAUKRI,Info Edge (India) Ltd,2.44,3.65,322764.36,26.32,6.43,-0.1121,-0.085,1.318,15.51,17.95
NAUKRI,Info Edge (India) Ltd,2.44,3.65,322764.36,26.32,6.43,-0.027,-0.0209,1.2896,15.51,17.95
NAUKRI,Info Edge (India) Ltd,2.44,3.65,322764.36,26.32,6.43,-0.0099,-0.0063,1.5668,15.51,17.95
NAUKRI,Info Edge (India) Ltd,2.44,3.65,322764.36,26.32,6.43,-0.0052,-0.0042,1.2433,15.51,17.95
NAUKRI,Info Edge (India) Ltd,2.44,3.65,322764.36,26.32,6.43,0.0197,0.0165,1.1926,15.51,17.95
NAUKRI,Info Edge (India) Ltd,2.44,3.65,322764.36,26.32,6.43,0.0765,0.0613,1.2476,15.51,17.95
NAUKRI,Info Edge (India) Ltd,2.44,3.65,322764.36,26.32,6.43,0.0893,0.0566,1.5774,15.51,17.95
NAUKRI,Info Edge (India) Ltd,2.44,3.65,322764.36,26.32,6.43,0.125,0.0921,1.3569,15.51,17.95
NAUKRI,Info Edge (India) Ltd,2.44,3.65,322764.36,26.32,6.43,0.2328,0.1856,1.254,15.51,17.95
NAUKRI,Info Edge (India) Ltd,2.44,3.65,322764.36,26.32,6.43,0.245,0.193,1.2694,15.51,17.95
NAUKRI,Info Edge (India) Ltd,2.44,3.65,322764.36,26.32,6.43,0.2628,0.2254,1.166,15.51,17.95
NAUKRI,Info Edge (India) Ltd,2.44,3.65,322764.36,26.32,6.43,0.7471,0.6289,1.188,15.51,17.95
NAUKRI,Info Edge (India) Ltd,2.44,3.65,365918.61,36.89,9.77,-0.1121,-0.085,1.318,15.51,17.95
NAUKRI,Info Edge (India) Ltd,2.44,3.65,365918.61,36.89,9.77,-0.027,-0.0209,1.2896,15.51,17.95
NAUKRI,Info Edge (India) Ltd,2.44,3.65,365918.61,36.89,9.77,-0.0099,-0.0063,1.5668,15.51,17.95
NAUKRI,Info Edge (India) Ltd,2.44,3.65,365918.61,36.89,9.77,-0.0052,-0.0042,1.2433,15.51,17.95
NAUKRI,Info Edge (India) Ltd,2.44,3.65,365918.61,36.89,9.77,0.0197,0.0165,1.1926,15.51,17.95
NAUKRI,Info Edge (India) Ltd,2.44,3.65,365918.61,36.89,9.77,0.0765,0.0613,1.2476,15.51,17.95
NAUKRI,Info Edge (India) Ltd,2.44,3.65,365918.61,36.89,9.77,0.0893,0.0566,1.5774,15.51,17.95
NAUKRI,Info Edge (India) Ltd,2.44,3.65,365918.61,36.89,9.77,0.125,0.0921,1.3569,15.51,17.95
NAUKRI,Info Edge (India) Ltd,2.44,3.65,365918.61,36.89,9.77,0.2328,0.1856,1.254,15.51,17.95
NAUKRI,Info Edge (India) Ltd,2.44,3.65,365918.61,36.89,9.77,0.245,0.193,1.2694,15.51,17.95
NAUKRI,Info Edge (India) Ltd,2.44,3.65,365918.61,36.89,9.77,0.2628,0.2254,1.166,15.51,17.95
NAUKRI,Info Edge (India) Ltd,2.44,3.65,365918.61,36.89,9.77,0.7471,0.6289,1.188,15.51,17.95
NAUKRI,Info Edge (India) Ltd,2.44,3.65,460029.78,41.41,8.91,-0.1121,-0.085,1.318,15.51,17.95
NAUKRI,Info Edge (India) Ltd,2.44,3.65,460029.78,41.41,8.91,-0.027,-0.0209,1.2896,15.51,17.95
NAUKRI,Info Edge (India) Ltd,2.44,3.65,460029.78,41.41,8.91,-0.0099,-0.0063,1.5668,15.51,17.95
NAUKRI,Info Edge (India) Ltd,2.44,3.65,460029.78,41.41,8.91,-0.0052,-0.0042,1.2433,15.51,17.95
NAUKRI,Info Edge (India) Ltd,2.44,3.65,460029.78,41.41,8.91,0.0197,0.0165,1.1926,15.51,17.95
NAUKRI,Info Edge (India) Ltd,2.44,3.65,460029.78,41.41,8.91,0.0765,0.0613,1.2476,15.51,17.95
NAUKRI,Info Edge (India) Ltd,2.44,3.65,460029.78,41.41,8.91,0.0893,0.0566,1.5774,15.51,17.95
NAUKRI,Info Edge (India) Ltd,2.44,3.65,460029.78,41.41,8.91,0.125,0.0921,1.3569,15.51,17.95
NAUKRI,Info Edge (India) Ltd,2.44,3.65,460029.78,41.41,8.91,0.2328,0.1856,1.254,15.51,17.95
NAUKRI,Info Edge (India) Ltd,2.44,3.65,460029.78,41.41,8.91,0.245,0.193,1.2694,15.51,17.95
NAUKRI,Info Edge (India) Ltd,2.44,3.65,460029.78,41.41,8.91,0.2628,0.2254,1.166,15.51,17.95
NAUKRI,Info Edge (India) Ltd,2.44,3.65,460029.78,41.41,8.91,0.7471,0.6289,1.188,15.51,17.95
NAUKRI,Info Edge (India) Ltd,2.44,3.65,560212.42,55.05,12.48,-0.1121,-0.085,1.318,15.51,17.95
NAUKRI,Info Edge (India) Ltd,2.44,3.65,560212.42,55.05,12.48,-0.027,-0.0209,1.2896,15.51,17.95
NAUKRI,Info Edge (India) Ltd,2.44,3.65,560212.42,55.05,12.48,-0.0099,-0.0063,1.5668,15.51,17.95
NAUKRI,Info Edge (India) Ltd,2.44,3.65,560212.42,55.05,12.48,-0.0052,-0.0042,1.2433,15.51,17.95
NAUKRI,Info Edge (India) Ltd,2.44,3.65,560212.42,55.05,12.48,0.0197,0.0165,1.1926,15.51,17.95
NAUKRI,Info Edge (India) Ltd,2.44,3.65,560212.42,55.05,12.48,0.0765,0.0613,1.2476,15.51,17.95
NAUKRI,Info Edge (India) Ltd,2.44,3.65,560212.42,55.05,12.48,0.0893,0.0566,1.5774,15.51,17.95
NAUKRI,Info Edge (India) Ltd,2.44,3.65,560212.42,55.05,12.48,0.125,0.0921,1.3569,15.51,17.95
NAUKRI,Info Edge (India) Ltd,2.44,3.65,560212.42,55.05,12.48,0.2328,0.1856,1.254,15.51,17.95
NAUKRI,Info Edge (India) Ltd,2.44,3.65,560212.42,55.05,12.48,0.245,0.193,1.2694,15.51,17.95
NAUKRI,Info Edge (India) Ltd,2.44,3.65,560212.42,55.05,12.48,0.2628,0.2254,1.166,15.51,17.95
NAUKRI,Info Edge (India) Ltd,2.44,3.65,560212.42,55.05,12.48,0.7471,0.6289,1.188,15.51,17.95
NAUKRI,Info Edge (India) Ltd,2.44,3.65,563824.44,32.88,8.33,-0.1121,-0.085,1.318,15.51,17.95
NAUKRI,Info Edge (India) Ltd,2.44,3.65,563824.44,32.88,8.33,-0.027,-0.0209,1.2896,15.51,17.95
NAUKRI,Info Edge (India) Ltd,2.44,3.65,563824.44,32.88,8.33,-0.0099,-0.0063,1.5668,15.51,17.95
NAUKRI,Info Edge (India) Ltd,2.44,3.65,563824.44,32.88,8.33,-0.0052,-0.0042,1.2433,15.51,17.95
NAUKRI,Info Edge (India) Ltd,2.44,3.65,563824.44,32.88,8.33,0.0197,0.0165,1.1926,15.51,17.95
NAUKRI,Info Edge (India) Ltd,2.44,3.65,563824.44,32.88,8.33,0.0765,0.0613,1.2476,15.51,17.95
NAUKRI,Info Edge (India) Ltd,2.44,3.65,563824.44,32.88,8.33,0.0893,0.0566,1.5774,15.51,17.95
NAUKRI,Info Edge (India) Ltd,2.44,3.65,563824.44,32.88,8.33,0.125,0.0921,1.3569,15.51,17.95
NAUKRI,Info Edge (India) Ltd,2.44,3.65,563824.44,32.88,8.33,0.2328,0.1856,1.254,15.51,17.95
NAUKRI,Info Edge (India) Ltd,2.44,3.65,563824.44,32.88,8.33,0.245,0.193,1.2694,15.51,17.95
NAUKRI,Info Edge (India) Ltd,2.44,3.65,563824.44,32.88,8.33,0.2628,0.2254,1.166,15.51,17.95
NAUKRI,Info Edge (India) Ltd,2.44,3.65,563824.44,32.88,8.33,0.7471,0.6289,1.188,15.51,17.95
NESTLEIND,Nestle India Ltd,135.61,185.43,1106130.85,79.55,5.8,0.1999,0.0925,2.1605,6.69,9.51
NESTLEIND,Nestle India Ltd,135.61,185.43,1106130.85,79.55,5.8,0.305,0.147,2.075,6.69,9.51
NESTLEIND,Nestle India Ltd,135.61,185.43,1106130.85,79.55,5.8,0.3582,0.1664,2.1529,6.69,9.51
NESTLEIND,Nestle India Ltd,135.61,185.43,1106130.85,79.55,5.8,0.4177,0.2036,2.0515,6.69,9.51
NESTLEIND,Nestle India Ltd,135.61,185.43,1106130.85,79.55,5.8,0.4375,0.1987,2.202,6.69,9.51
NESTLEIND,Nestle India Ltd,135.61,185.43,1106130.85,79.55,5.8,0.4717,0.1769,2.6664,6.69,9.51
NESTLEIND,Nestle India Ltd,135.61,185.43,1106130.85,79.55,5.8,0.9723,0.2663,3.6515,6.69,9.51
NESTLEIND,Nestle India Ltd,135.61,185.43,1106130.85,79.55,5.8,1.0261,0.2744,3.7398,6.69,9.51
NESTLEIND,Nestle India Ltd,135.61,185.43,1106130.85,79.55,5.8,1.0312,0.2635,3.9128,6.69,9.51
NESTLEIND,Nestle India Ltd,135.61,185.43,1106130.85,79.55,5.8,1.0884,0.2572,4.2312,6.69,9.51
NESTLEIND,Nestle India Ltd,135.61,185.43,1106130.85,79.55,5.8,1.1775,0.3738,3.1506,6.69,9.51
NESTLEIND,Nestle India Ltd,135.61,185.43,1106130.85,79.55,5.8,1.2196,0.334,3.6515,6.69,9.51
NESTLEIND,Nestle India Ltd,135.61,185.43,1166468.62,64.83,4.06,0.1999,0.0925,2.1605,6.69,9.51
NESTLEIND,Nestle India Ltd,135.61,185.43,1166468.62,64.83,4.06,0.305,0.147,2.075,6.69,9.51
NESTLEIND,Nestle India Ltd,135.61,185.43,1166468.62,64.83,4.06,0.3582,0.1664,2.1529,6.69,9.51
NESTLEIND,Nestle India Ltd,135.61,185.43,1166468.62,64.83,4.06,0.4177,0.2036,2.0515,6.69,9.51
NESTLEIND,Nestle India Ltd,135.61,185.43,1166468.62,64.83,4.06,0.4375,0.1987,2.202,6.69,9.51
NESTLEIND,Nestle India Ltd,135.61,185.43,1166468.62,64.83,4.06,0.4717,0.1769,2.6664,6.69,9.51
NESTLEIND,Nestle India Ltd,135.61,185.43,1166468.62,64.83,4.06,0.9723,0.2663,3.6515,6.69,9.51
NESTLEIND,Nestle India Ltd,135.61,185.43,1166468.62,64.83,4.06,1.0261,0.2744,3.7398,6.69,9.51
NESTLEIND,Nestle India Ltd,135.61,185.43,1166468.62,64.83,4.06,1.0312,0.2635,3.9128,6.69,9.51
NESTLEIND,Nestle India Ltd,135.61,185.43,1166468.62,64.83,4.06,1.0884,0.2572,4.2312,6.69,9.51
NESTLEIND,Nestle India Ltd,135.61,185.43,1166468.62,64.83,4.06,1.1775,0.3738,3.1506,6.69,9.51
NESTLEIND,Nestle India Ltd,135.61,185.43,1166468.62,64.83,4.06,1.2196,0.334,3.6515,6.69,9.51
NESTLEIND,Nestle India Ltd,135.61,185.43,1425221.19,20.87,13.55,0.1999,0.0925,2.1605,6.69,9.51
NESTLEIND,Nestle India Ltd,135.61,185.43,1425221.19,20.87,13.55,0.305,0.147,2.075,6.69,9.51
NESTLEIND,Nestle India Ltd,135.61,185.43,1425221.19,20.87,13.55,0.3582,0.1664,2.1529,6.69,9.51
NESTLEIND,Nestle India Ltd,135.61,185.43,1425221.19,20.87,13.55,0.4177,0.2036,2.0515,6.69,9.51
NESTLEIND,Nestle India Ltd,135.61,185.43,1425221.19,20.87,13.55,0.4375,0.1987,2.202,6.69,9.51
NESTLEIND,Nestle India Ltd,135.61,185.43,1425221.19,20.87,13.55,0.4717,0.1769,2.6664,6.69,9.51
NESTLEIND,Nestle India Ltd,135.61,185.43,1425221.19,20.87,13.55,0.9723,0.2663,3.6515,6.69,9.51
NESTLEIND,Nestle India Ltd,135.61,185.43,1425221.19,20.87,13.55,1.0261,0.2744,3.7398,6.69,9.51
NESTLEIND,Nestle India Ltd,135.61,185.43,1425221.19,20.87,13.55,1.0312,0.2635,3.9128,6.69,9.51
NESTLEIND,Nestle India Ltd,135.61,185.43,1425221.19,20.87,13.55,1.0884,0.2572,4.2312,6.69,9.51
NESTLEIND,Nestle India Ltd,135.61,185.43,1425221.19,20.87,13.55,1.1775,0.3738,3.1506,6.69,9.51
NESTLEIND,Nestle India Ltd,135.61,185.43,1425221.19,20.87,13.55,1.2196,0.334,3.6515,6.69,9.51
NESTLEIND,Nestle India Ltd,135.61,185.43,1676726.13,46.21,9.96,0.1999,0.0925,2.1605,6.69,9.51
NESTLEIND,Nestle India Ltd,135.61,185.43,1676726.13,46.21,9.96,0.305,0.147,2.075,6.69,9.51
NESTLEIND,Nestle India Ltd,135.61,185.43,1676726.13,46.21,9.96,0.3582,0.1664,2.1529,6.69,9.51
NESTLEIND,Nestle India Ltd,135.61,185.43,1676726.13,46.21,9.96,0.4177,0.2036,2.0515,6.69,9.51
NESTLEIND,Nestle India Ltd,135.61,185.43,1676726.13,46.21,9.96,0.4375,0.1987,2.202,6.69,9.51
NESTLEIND,Nestle India Ltd,135.61,185.43,1676726.13,46.21,9.96,0.4717,0.1769,2.6664,6.69,9.51
NESTLEIND,Nestle India Ltd,135.61,185.43,1676726.13,46.21,9.96,0.9723,0.2663,3.6515,6.69,9.51
NESTLEIND,Nestle India Ltd,135.61,185.43,1676726.13,46.21,9.96,1.0261,0.2744,3.7398,6.69,9.51
NESTLEIND,Nestle India Ltd,135.61,185.43,1676726.13,46.21,9.96,1.0312,0.2635,3.9128,6.69,9.51
NESTLEIND,Nestle India Ltd,135.61,185.43,1676726.13,46.21,9.96,1.0884,0.2572,4.2312,6.69,9.51
NESTLEIND,Nestle India Ltd,135.61,185.43,1676726.13,46.21,9.96,1.1775,0.3738,3.1506,6.69,9.51
NESTLEIND,Nestle India Ltd,135.61,185.43,1676726.13,46.21,9.96,1.2196,0.334,3.6515,6.69,9.51
NESTLEIND,Nestle India Ltd,135.61,185.43,1677775.19,54.96,14.34,0.1999,0.0925,2.1605,6.69,9.51
NESTLEIND,Nestle India Ltd,135.61,185.43,1677775.19,54.96,14.34,0.305,0.147,2.075,6.69,9.51
NESTLEIND,Nestle India Ltd,135.61,185.43,1677775.19,54.96,14.34,0.3582,0.1664,2.1529,6.69,9.51
NESTLEIND,Nestle India Ltd,135.61,185.43,1677775.19,54.96,14.34,0.4177,0.2036,2.0515,6.69,9.51
NESTLEIND,Nestle India Ltd,135.61,185.43,1677775.19,54.96,14.34,0.4375,0.1987,2.202,6.69,9.51
NESTLEIND,Nestle India Ltd,135.61,185.43,1677775.19,54.96,14.34,0.4717,0.1769,2.6664,6.69,9.51
NESTLEIND,Nestle India Ltd,135.61,185.43,1677775.19,54.96,14.34,0.9723,0.2663,3.6515,6.69,9.51
NESTLEIND,Nestle India Ltd,135.61,185.43,1677775.19,54.96,14.34,1.0261,0.2744,3.7398,6.69,9.51
NESTLEIND,Nestle India Ltd,135.61,185.43,1677775.19,54.96,14.34,1.0312,0.2635,3.9128,6.69,9.51
NESTLEIND,Nestle India Ltd,135.61,185.43,1677775.19,54.96,14.34,1.0884,0.2572,4.2312,6.69,9.51
NESTLEIND,Nestle India Ltd,135.61,185.43,1677775.19,54.96,14.34,1.1775,0.3738,3.1506,6.69,9.51
NESTLEIND,Nestle India Ltd,135.61,185.43,1677775.19,54.96,14.34,1.2196,0.334,3.6515,6.69,9.51
NESTLEIND,Nestle India Ltd,135.61,185.43,1811624.04,11.53,1.76,0.1999,0.0925,2.1605,6.69,9.51
NESTLEIND,Nestle India Ltd,135.61,185.43,1811624.04,11.53,1.76,0.305,0.147,2.075,6.69,9.51
NESTLEIND,Nestle India Ltd,135.61,185.43,1811624.04,11.53,1.76,0.3582,0.1664,2.1529,6.69,9.51
NESTLEIND,Nestle India Ltd,135.61,185.43,1811624.04,11.53,1.76,0.4177,0.2036,2.0515,6.69,9.51
NESTLEIND,Nestle India Ltd,135.61,185.43,1811624.04,11.53,1.76,0.4375,0.1987,2.202,6.69,9.51
NESTLEIND,Nestle India Ltd,135.61,185.43,1811624.04,11.53,1.76,0.4717,0.1769,2.6664,6.69,9.51
NESTLEIND,Nestle India Ltd,135.61,185.43,1811624.04,11.53,1.76,0.9723,0.2663,3.6515,6.69,9.51
NESTLEIND,Nestle India Ltd,135.61,185.43,1811624.04,11.53,1.76,1.0261,0.2744,3.7398,6.69,9.51
NESTLEIND,Nestle India Ltd,135.61,185.43,1811624.04,11.53,1.76,1.0312,0.2635,3.9128,6.69,9.51
NESTLEIND,Nestle India Ltd,135.61,185.43,1811624.04,11.53,1.76,1.0884,0.2572,4.2312,6.69,9.51
NESTLEIND,Nestle India Ltd,135.61,185.43,1811624.04,11.53,1.76,1.1775,0.3738,3.1506,6.69,9.51
NESTLEIND,Nestle India Ltd,135.61,185.43,1811624.04,11.53,1.76,1.2196,0.334,3.6515,6.69,9.51
NHPC,"NHPC Ltd
",9.61,7.67,1011493.79,78.1,6.89,0.0578,0.0266,2.1747,3.54,1.46
NHPC,"NHPC Ltd
",9.61,7.67,1011493.79,78.1,6.89,0.0747,0.0376,1.9854,3.54,1.46
NHPC,"NHPC Ltd
",9.61,7.67,1011493.79,78.1,6.89,0.091,0.0455,1.9974,3.54,1.46
NHPC,"NHPC Ltd
",9.61,7.67,1011493.79,78.1,6.89,0.0921,0.0425,2.1668,3.54,1.46
NHPC,"NHPC Ltd
",9.61,7.67,1011493.79,78.1,6.89,0.0927,0.0443,2.0949,3.54,1.46
NHPC,"NHPC Ltd
",9.61,7.67,1011493.79,78.1,6.89,0.0964,0.0461,2.093,3.54,1.46
NHPC,"NHPC Ltd
",9.61,7.67,1011493.79,78.1,6.89,0.1041,0.0432,2.4107,3.54,1.46
NHPC,"NHPC Ltd
",9.61,7.67,1011493.79,78.1,6.89,0.1066,0.0469,2.2713,3.54,1.46
NHPC,"NHPC Ltd
",9.61,7.67,1011493.79,78.1,6.89,0.1081,0.0488,2.2132,3.54,1.46
NHPC,"NHPC Ltd
",9.61,7.67,1011493.79,78.1,6.89,0.1089,0.0492,2.2127,3.54,1.46
NHPC,"NHPC Ltd
",9.61,7.67,1011493.79,78.1,6.89,0.1153,0.0494,2.3325,3.54,1.46
NHPC,"NHPC Ltd
",9.61,7.67,1011493.79,78.1,6.89,0.1199,0.0578,2.0743,3.54,1.46
NHPC,"NHPC Ltd
",9.61,7.67,1127857.12,60.03,9.48,0.0578,0.0266,2.1747,3.54,1.46
NHPC,"NHPC Ltd
",9.61,7.67,1127857.12,60.03,9.48,0.0747,0.0376,1.9854,3.54,1.46
NHPC,"NHPC Ltd
",9.61,7.67,1127857.12,60.03,9.48,0.091,0.0455,1.9974,3.54,1.46
NHPC,"NHPC Ltd
",9.61,7.67,1127857.12,60.03,9.48,0.0921,0.0425,2.1668,3.54,1.46
NHPC,"NHPC Ltd
",9.61,7.67,1127857.12,60.03,9.48,0.0927,0.0443,2.0949,3.54,1.46
NHPC,"NHPC Ltd
",9.61,7.67,1127857.12,60.03,9.48,0.0964,0.0461,2.093,3.54,1.46
NHPC,"NHPC Ltd
",9.61,7.67,1127857.12,60.03,9.48,0.1041,0.0432,2.4107,3.54,1.46
NHPC,"NHPC Ltd
",9.61,7.67,1127857.12,60.03,9.48,0.1066,0.0469,2.2713,3.54,1.46
NHPC,"NHPC Ltd
",9.61,7.67,1127857.12,60.03,9.48,0.1081,0.0488,2.2132,3.54,1.46
NHPC,"NHPC Ltd
",9.61,7.67,1127857.12,60.03,9.48,0.1089,0.0492,2.2127,3.54,1.46
NHPC,"NHPC Ltd
",9.61,7.67,1127857.12,60.03,9.48,0.1153,0.0494,2.3325,3.54,1.46
NHPC,"NHPC Ltd
",9.61,7.67,1127857.12,60.03,9.48,0.1199,0.0578,2.0743,3.54,1.46
NHPC,"NHPC Ltd
",9.61,7.67,1493411.59,50.32,13.06,0.0578,0.0266,2.1747,3.54,1.46
NHPC,"NHPC Ltd
",9.61,7.67,1493411.59,50.32,13.06,0.0747,0.0376,1.9854,3.54,1.46
NHPC,"NHPC Ltd
",9.61,7.67,1493411.59,50.32,13.06,0.091,0.0455,1.9974,3.54,1.46
NHPC,"NHPC Ltd
",9.61,7.67,1493411.59,50.32,13.06,0.0921,0.0425,2.1668,3.54,1.46
NHPC,"NHPC Ltd
",9.61,7.67,1493411.59,50.32,13.06,0.0927,0.0443,2.0949,3.54,1.46
NHPC,"NHPC Ltd
",9.61,7.67,1493411.59,50.32,13.06,0.0964,0.0461,2.093,3.54,1.46
NHPC,"NHPC Ltd
",9.61,7.67,1493411.59,50.32,13.06,0.1041,0.0432,2.4107,3.54,1.46
NHPC,"NHPC Ltd
",9.61,7.67,1493411.59,50.32,13.06,0.1066,0.0469,2.2713,3.54,1.46
NHPC,"NHPC Ltd
",9.61,7.67,1493411.59,50.32,13.06,0.1081,0.0488,2.2132,3.54,1.46
NHPC,"NHPC Ltd
",9.61,7.67,1493411.59,50.32,13.06,0.1089,0.0492,2.2127,3.54,1.46
NHPC,"NHPC Ltd
",9.61,7.67,1493411.59,50.32,13.06,0.1153,0.0494,2.3325,3.54,1.46
NHPC,"NHPC Ltd
",9.61,7.67,1493411.59,50.32,13.06,0.1199,0.0578,2.0743,3.54,1.46
NHPC,"NHPC Ltd
",9.61,7.67,1730799.02,48.09,10.79,0.0578,0.0266,2.1747,3.54,1.46
NHPC,"NHPC Ltd
",9.61,7.67,1730799.02,48.09,10.79,0.0747,0.0376,1.9854,3.54,1.46
NHPC,"NHPC Ltd
",9.61,7.67,1730799.02,48.09,10.79,0.091,0.0455,1.9974,3.54,1.46
NHPC,"NHPC Ltd
",9.61,7.67,1730799.02,48.09,10.79,0.0921,0.0425,2.1668,3.54,1.46
NHPC,"NHPC Ltd
",9.61,7.67,1730799.02,48.09,10.79,0.0927,0.0443,2.0949,3.54,1.46
NHPC,"NHPC Ltd
",9.61,7.67,1730799.02,48.09,10.79,0.0964,0.0461,2.093,3.54,1.46
NHPC,"NHPC Ltd
",9.61,7.67,1730799.02,48.09,10.79,0.1041,0.0432,2.4107,3.54,1.46
NHPC,"NHPC Ltd
",9.61,7.67,1730799.02,48.09,10.79,0.1066,0.0469,2.2713,3.54,1.46
NHPC,"NHPC Ltd
",9.61,7.67,1730799.02,48.09,10.79,0.1081,0.0488,2.2132,3.54,1.46
NHPC,"NHPC Ltd
",9.61,7.67,1730799.02,48.09,10.79,0.1089,0.0492,2.2127,3.54,1.46
NHPC,"NHPC Ltd
",9.61,7.67,1730799.02,48.09,10.79,0.1153,0.0494,2.3325,3.54,1.46
NHPC,"NHPC Ltd
",9.61,7.67,1730799.02,48.09,10.79,0.1199,0.0578,2.0743,3.54,1.46
NHPC,"NHPC Ltd
",9.61,7.67,1740404.25,71.17,13.74,0.0578,0.0266,2.1747,3.54,1.46
NHPC,"NHPC Ltd
",9.61,7.67,1740404.25,71.17,13.74,0.0747,0.0376,1.9854,3.54,1.46
NHPC,"NHPC Ltd
",9.61,7.67,1740404.25,71.17,13.74,0.091,0.0455,1.9974,3.54,1.46
NHPC,"NHPC Ltd
",9.61,7.67,1740404.25,71.17,13.74,0.0921,0.0425,2.1668,3.54,1.46
NHPC,"NHPC Ltd
",9.61,7.67,1740404.25,71.17,13.74,0.0927,0.0443,2.0949,3.54,1.46
NHPC,"NHPC Ltd
",9.61,7.67,1740404.25,71.17,13.74,0.0964,0.0461,2.093,3.54,1.46
NHPC,"NHPC Ltd
",9.61,7.67,1740404.25,71.17,13.74,0.1041,0.0432,2.4107,3.54,1.46
NHPC,"NHPC Ltd
",9.61,7.67,1740404.25,71.17,13.74,0.1066,0.0469,2.2713,3.54,1.46
NHPC,"NHPC Ltd
",9.61,7.67,1740404.25,71.17,13.74,0.1081,0.0488,2.2132,3.54,1.46
NHPC,"NHPC Ltd
",9.61,7.67,1740404.25,71.17,13.74,0.1089,0.0492,2.2127,3.54,1.46
NHPC,"NHPC Ltd
",9.61,7.67,1740404.25,71.17,13.74,0.1153,0.0494,2.3325,3.54,1.46
NHPC,"NHPC Ltd
",9.61,7.67,1740404.25,71.17,13.74,0.1199,0.0578,2.0743,3.54,1.46
NHPC,"NHPC Ltd
",9.61,7.67,1937747.16,59.63,14.49,0.0578,0.0266,2.1747,3.54,1.46
NHPC,"NHPC Ltd
",9.61,7.67,1937747.16,59.63,14.49,0.0747,0.0376,1.9854,3.54,1.46
NHPC,"NHPC Ltd
",9.61,7.67,1937747.16,59.63,14.49,0.091,0.0455,1.9974,3.54,1.46
NHPC,"NHPC Ltd
",9.61,7.67,1937747.16,59.63,14.49,0.0921,0.0425,2.1668,3.54,1.46
NHPC,"NHPC Ltd
",9.61,7.67,1937747.16,59.63,14.49,0.0927,0.0443,2.0949,3.54,1.46
NHPC,"NHPC Ltd
",9.61,7.67,1937747.16,59.63,14.49,0.0964,0.0461,2.093,3.54,1.46
NHPC,"NHPC Ltd
",9.61,7.67,1937747.16,59.63,14.49,0.1041,0.0432,2.4107,3.54,1.46
NHPC,"NHPC Ltd
",9.61,7.67,1937747.16,59.63,14.49,0.1066,0.0469,2.2713,3.54,1.46
NHPC,"NHPC Ltd
",9.61,7.67,1937747.16,59.63,14.49,0.1081,0.0488,2.2132,3.54,1.46
NHPC,"NHPC Ltd
",9.61,7.67,1937747.16,59.63,14.49,0.1089,0.0492,2.2127,3.54,1.46
NHPC,"NHPC Ltd
",9.61,7.67,1937747.16,59.63,14.49,0.1153,0.0494,2.3325,3.54,1.46
NHPC,"NHPC Ltd
",9.61,7.67,1937747.16,59.63,14.49,0.1199,0.0578,2.0743,3.54,1.46
NTPC,NTPC Ltd,12.52,10.58,549989.15,22.83,7.06,0.1002,0.0315,3.1771,8.29,4.98
NTPC,NTPC Ltd,12.52,10.58,549989.15,22.83,7.06,0.1014,0.0372,2.7277,8.29,4.98
NTPC,NTPC Ltd,12.52,10.58,549989.15,22.83,7.06,0.1095,0.0431,2.5409,8.29,4.98
NTPC,NTPC Ltd,12.52,10.58,549989.15,22.83,7.06,0.1165,0.0383,3.0416,8.29,4.98
NTPC,NTPC Ltd,12.52,10.58,549989.15,22.83,7.06,0.1177,0.048,2.4533,8.29,4.98
NTPC,NTPC Ltd,12.52,10.58,549989.15,22.83,7.06,0.119,0.0376,3.1655,8.29,4.98
NTPC,NTPC Ltd,12.52,10.58,549989.15,22.83,7.06,0.1217,0.0455,2.6763,8.29,4.98
NTPC,NTPC Ltd,12.52,10.58,549989.15,22.83,7.06,0.1253,0.0408,3.0717,8.29,4.98
NTPC,NTPC Ltd,12.52,10.58,549989.15,22.83,7.06,0.126,0.0405,3.1154,8.29,4.98
NTPC,NTPC Ltd,12.52,10.58,549989.15,22.83,7.06,0.1306,0.057,2.2915,8.29,4.98
NTPC,NTPC Ltd,12.52,10.58,549989.15,22.83,7.06,0.1327,0.0445,2.9823,8.29,4.98
NTPC,NTPC Ltd,12.52,10.58,549989.15,22.83,7.06,0.1549,0.0704,2.2006,8.29,4.98
NTPC,NTPC Ltd,12.52,10.58,636264.32,33.8,0.79,0.1002,0.0315,3.1771,8.29,4.98
NTPC,NTPC Ltd,12.52,10.58,636264.32,33.8,0.79,0.1014,0.0372,2.7277,8.29,4.98
NTPC,NTPC Ltd,12.52,10.58,636264.32,33.8,0.79,0.1095,0.0431,2.5409,8.29,4.98
NTPC,NTPC Ltd,12.52,10.58,636264.32,33.8,0.79,0.1165,0.0383,3.0416,8.29,4.98
NTPC,NTPC Ltd,12.52,10.58,636264.32,33.8,0.79,0.1177,0.048,2.4533,8.29,4.98
NTPC,NTPC Ltd,12.52,10.58,636264.32,33.8,0.79,0.119,0.0376,3.1655,8.29,4.98
NTPC,NTPC Ltd,12.52,10.58,636264.32,33.8,0.79,0.1217,0.0455,2.6763,8.29,4.98
NTPC,NTPC Ltd,12.52,10.58,636264.32,33.8,0.79,0.1253,0.0408,3.0717,8.29,4.98
NTPC,NTPC Ltd,12.52,10.58,636264.32,33.8,0.79,0.126,0.0405,3.1154,8.29,4.98
NTPC,NTPC Ltd,12.52,10.58,636264.32,33.8,0.79,0.1306,0.057,2.2915,8.29,4.98
NTPC,NTPC Ltd,12.52,10.58,636264.32,33.8,0.79,0.1327,0.0445,2.9823,8.29,4.98
NTPC,NTPC Ltd,12.52,10.58,636264.32,33.8,0.79,0.1549,0.0704,2.2006,8.29,4.98
NTPC,NTPC Ltd,12.52,10.58,733611.88,54.44,0.57,0.1002,0.0315,3.1771,8.29,4.98
NTPC,NTPC Ltd,12.52,10.58,733611.88,54.44,0.57,0.1014,0.0372,2.7277,8.29,4.98
NTPC,NTPC Ltd,12.52,10.58,733611.88,54.44,0.57,0.1095,0.0431,2.5409,8.29,4.98
NTPC,NTPC Ltd,12.52,10.58,733611.88,54.44,0.57,0.1165,0.0383,3.0416,8.29,4.98
NTPC,NTPC Ltd,12.52,10.58,733611.88,54.44,0.57,0.1177,0.048,2.4533,8.29,4.98
NTPC,NTPC Ltd,12.52,10.58,733611.88,54.44,0.57,0.119,0.0376,3.1655,8.29,4.98
NTPC,NTPC Ltd,12.52,10.58,733611.88,54.44,0.57,0.1217,0.0455,2.6763,8.29,4.98
NTPC,NTPC Ltd,12.52,10.58,733611.88,54.44,0.57,0.1253,0.0408,3.0717,8.29,4.98
NTPC,NTPC Ltd,12.52,10.58,733611.88,54.44,0.57,0.126,0.0405,3.1154,8.29,4.98
NTPC,NTPC Ltd,12.52,10.58,733611.88,54.44,0.57,0.1306,0.057,2.2915,8.29,4.98
NTPC,NTPC Ltd,12.52,10.58,733611.88,54.44,0.57,0.1327,0.0445,2.9823,8.29,4.98
NTPC,NTPC Ltd,12.52,10.58,733611.88,54.44,0.57,0.1549,0.0704,2.2006,8.29,4.98
NTPC,NTPC Ltd,12.52,10.58,739976.68,54.58,13.83,0.1002,0.0315,3.1771,8.29,4.98
NTPC,NTPC Ltd,12.52,10.58,739976.68,54.58,13.83,0.1014,0.0372,2.7277,8.29,4.98
NTPC,NTPC Ltd,12.52,10.58,739976.68,54.58,13.83,0.1095,0.0431,2.5409,8.29,4.98
NTPC,NTPC Ltd,12.52,10.58,739976.68,54.58,13.83,0.1165,0.0383,3.0416,8.29,4.98
NTPC,NTPC Ltd,12.52,10.58,739976.68,54.58,13.83,0.1177,0.048,2.4533,8.29,4.98
NTPC,NTPC Ltd,12.52,10.58,739976.68,54.58,13.83,0.119,0.0376,3.1655,8.29,4.98
NTPC,NTPC Ltd,12.52,10.58,739976.68,54.58,13.83,0.1217,0.0455,2.6763,8.29,4.98
NTPC,NTPC Ltd,12.52,10.58,739976.68,54.58,13.83,0.1253,0.0408,3.0717,8.29,4.98
NTPC,NTPC Ltd,12.52,10.58,739976.68,54.58,13.83,0.126,0.0405,3.1154,8.29,4.98
NTPC,NTPC Ltd,12.52,10.58,739976.68,54.58,13.83,0.1306,0.057,2.2915,8.29,4.98
NTPC,NTPC Ltd,12.52,10.58,739976.68,54.58,13.83,0.1327,0.0445,2.9823,8.29,4.98
NTPC,NTPC Ltd,12.52,10.58,739976.68,54.58,13.83,0.1549,0.0704,2.2006,8.29,4.98
NTPC,NTPC Ltd,12.52,10.58,907823.11,30.8,5.24,0.1002,0.0315,3.1771,8.29,4.98
NTPC,NTPC Ltd,12.52,10.58,907823.11,30.8,5.24,0.1014,0.0372,2.7277,8.29,4.98
NTPC,NTPC Ltd,12.52,10.58,907823.11,30.8,5.24,0.1095,0.0431,2.5409,8.29,4.98
NTPC,NTPC Ltd,12.52,10.58,907823.11,30.8,5.24,0.1165,0.0383,3.0416,8.29,4.98
NTPC,NTPC Ltd,12.52,10.58,907823.11,30.8,5.24,0.1177,0.048,2.4533,8.29,4.98
NTPC,NTPC Ltd,12.52,10.58,907823.11,30.8,5.24,0.119,0.0376,3.1655,8.29,4.98
NTPC,NTPC Ltd,12.52,10.58,907823.11,30.8,5.24,0.1217,0.0455,2.6763,8.29,4.98
NTPC,NTPC Ltd,12.52,10.58,907823.11,30.8,5.24,0.1253,0.0408,3.0717,8.29,4.98
NTPC,NTPC Ltd,12.52,10.58,907823.11,30.8,5.24,0.126,0.0405,3.1154,8.29,4.98
NTPC,NTPC Ltd,12.52,10.58,907823.11,30.8,5.24,0.1306,0.057,2.2915,8.29,4.98
NTPC,NTPC Ltd,12.52,10.58,907823.11,30.8,5.24,0.1327,0.0445,2.9823,8.29,4.98
NTPC,NTPC Ltd,12.52,10.58,907823.11,30.8,5.24,0.1549,0.0704,2.2006,8.29,4.98
NTPC,NTPC Ltd,12.52,10.58,953935.75,79.29,12.24,0.1002,0.0315,3.1771,8.29,4.98
NTPC,NTPC Ltd,12.52,10.58,953935.75,79.29,12.24,0.1014,0.0372,2.7277,8.29,4.98
NTPC,NTPC Ltd,12.52,10.58,953935.75,79.29,12.24,0.1095,0.0431,2.5409,8.29,4.98
NTPC,NTPC Ltd,12.52,10.58,953935.75,79.29,12.24,0.1165,0.0383,3.0416,8.29,4.98
NTPC,NTPC Ltd,12.52,10.58,953935.75,79.29,12.24,0.1177,0.048,2.4533,8.29,4.98
NTPC,NTPC Ltd,12.52,10.58,953935.75,79.29,12.24,0.119,0.0376,3.1655,8.29,4.98
NTPC,NTPC Ltd,12.52,10.58,953935.75,79.29,12.24,0.1217,0.0455,2.6763,8.29,4.98
NTPC,NTPC Ltd,12.52,10.58,953935.75,79.29,12.24,0.1253,0.0408,3.0717,8.29,4.98
NTPC,NTPC Ltd,12.52,10.58,953935.75,79.29,12.24,0.126,0.0405,3.1154,8.29,4.98
NTPC,NTPC Ltd,12.52,10.58,953935.75,79.29,12.24,0.1306,0.057,2.2915,8.29,4.98
NTPC,NTPC Ltd,12.52,10.58,953935.75,79.29,12.24,0.1327,0.0445,2.9823,8.29,4.98
NTPC,NTPC Ltd,12.52,10.58,953935.75,79.29,12.24,0.1549,0.0704,2.2006,8.29,4.98
ONGC,Oil & Natural Gas Corpn Ltd,14.32,19.71,312963.15,54.62,10.21,0.0559,0.0225,2.4786,12.4,4.84
ONGC,Oil & Natural Gas Corpn Ltd,14.32,19.71,312963.15,54.62,10.21,0.0662,0.0383,1.7277,12.4,4.84
ONGC,Oil & Natural Gas Corpn Ltd,14.32,19.71,312963.15,54.62,10.21,0.0967,0.0394,2.4516,12.4,4.84
ONGC,Oil & Natural Gas Corpn Ltd,14.32,19.71,312963.15,54.62,10.21,0.0981,0.0524,1.8722,12.4,4.84
ONGC,Oil & Natural Gas Corpn Ltd,14.32,19.71,312963.15,54.62,10.21,0.1168,0.0535,2.1846,12.4,4.84
ONGC,Oil & Natural Gas Corpn Ltd,14.32,19.71,312963.15,54.62,10.21,0.1278,0.0568,2.2509,12.4,4.84
ONGC,Oil & Natural Gas Corpn Ltd,14.32,19.71,312963.15,54.62,10.21,0.1501,0.0656,2.2868,12.4,4.84
ONGC,Oil & Natural Gas Corpn Ltd,14.32,19.71,312963.15,54.62,10.21,0.1549,0.0821,1.8877,12.4,4.84
ONGC,Oil & Natural Gas Corpn Ltd,14.32,19.71,312963.15,54.62,10.21,0.1564,0.0689,2.2696,12.4,4.84
ONGC,Oil & Natural Gas Corpn Ltd,14.32,19.71,312963.15,54.62,10.21,0.1573,0.0947,1.6615,12.4,4.84
ONGC,Oil & Natural Gas Corpn Ltd,14.32,19.71,312963.15,54.62,10.21,0.1694,0.0804,2.1057,12.4,4.84
ONGC,Oil & Natural Gas Corpn Ltd,14.32,19.71,312963.15,54.62,10.21,0.19,0.0845,2.2476,12.4,4.84
ONGC,Oil & Natural Gas Corpn Ltd,14.32,19.71,316247.83,16.47,6.68,0.0559,0.0225,2.4786,12.4,4.84
ONGC,Oil & Natural Gas Corpn Ltd,14.32,19.71,316247.83,16.47,6.68,0.0662,0.0383,1.7277,12.4,4.84
ONGC,Oil & Natural Gas Corpn Ltd,14.32,19.71,316247.83,16.47,6.68,0.0967,0.0394,2.4516,12.4,4.84
ONGC,Oil & Natural Gas Corpn Ltd,14.32,19.71,316247.83,16.47,6.68,0.0981,0.0524,1.8722,12.4,4.84
ONGC,Oil & Natural Gas Corpn Ltd,14.32,19.71,316247.83,16.47,6.68,0.1168,0.0535,2.1846,12.4,4.84
ONGC,Oil & Natural Gas Corpn Ltd,14.32,19.71,316247.83,16.47,6.68,0.1278,0.0568,2.2509,12.4,4.84
ONGC,Oil & Natural Gas Corpn Ltd,14.32,19.71,316247.83,16.47,6.68,0.1501,0.0656,2.2868,12.4,4.84
ONGC,Oil & Natural Gas Corpn Ltd,14.32,19.71,316247.83,16.47,6.68,0.1549,0.0821,1.8877,12.4,4.84
ONGC,Oil & Natural Gas Corpn Ltd,14.32,19.71,316247.83,16.47,6.68,0.1564,0.0689,2.2696,12.4,4.84
ONGC,Oil & Natural Gas Corpn Ltd,14.32,19.71,316247.83,16.47,6.68,0.1573,0.0947,1.6615,12.4,4.84
ONGC,Oil & Natural Gas Corpn Ltd,14.32,19.71,316247.83,16.47,6.68,0.1694,0.0804,2.1057,12.4,4.84
ONGC,Oil & Natural Gas Corpn Ltd,14.32,19.71,316247.83,16.47,6.68,0.19,0.0845,2.2476,12.4,4.84
ONGC,Oil & Natural Gas Corpn Ltd,14.32,19.71,347727.36,53.8,7.0,0.0559,0.0225,2.4786,12.4,4.84
ONGC,Oil & Natural Gas Corpn Ltd,14.32,19.71,347727.36,53.8,7.0,0.0662,0.0383,1.7277,12.4,4.84
ONGC,Oil & Natural Gas Corpn Ltd,14.32,19.71,347727.36,53.8,7.0,0.0967,0.0394,2.4516,12.4,4.84
ONGC,Oil & Natural Gas Corpn Ltd,14.32,19.71,347727.36,53.8,7.0,0.0981,0.0524,1.8722,12.4,4.84
ONGC,Oil & Natural Gas Corpn Ltd,14.32,19.71,347727.36,53.8,7.0,0.1168,0.0535,2.1846,12.4,4.84
ONGC,Oil & Natural Gas Corpn Ltd,14.32,19.71,347727.36,53.8,7.0,0.1278,0.0568,2.2509,12.4,4.84
ONGC,Oil & Natural Gas Corpn Ltd,14.32,19.71,347727.36,53.8,7.0,0.1501,0.0656,2.2868,12.4,4.84
ONGC,Oil & Natural Gas Corpn Ltd,14.32,19.71,347727.36,53.8,7.0,0.1549,0.0821,1.8877,12.4,4.84
ONGC,Oil & Natural Gas Corpn Ltd,14.32,19.71,347727.36,53.8,7.0,0.1564,0.0689,2.2696,12.4,4.84
ONGC,Oil & Natural Gas Corpn Ltd,14.32,19.71,347727.36,53.8,7.0,0.1573,0.0947,1.6615,12.4,4.84
ONGC,Oil & Natural Gas Corpn Ltd,14.32,19.71,347727.36,53.8,7.0,0.1694,0.0804,2.1057,12.4,4.84
ONGC,Oil & Natural Gas Corpn Ltd,14.32,19.71,347727.36,53.8,7.0,0.19,0.0845,2.2476,12.4,4.84
ONGC,Oil & Natural Gas Corpn Ltd,14.32,19.71,374517.84,43.8,0.83,0.0559,0.0225,2.4786,12.4,4.84
ONGC,Oil & Natural Gas Corpn Ltd,14.32,19.71,374517.84,43.8,0.83,0.0662,0.0383,1.7277,12.4,4.84
ONGC,Oil & Natural Gas Corpn Ltd,14.32,19.71,374517.84,43.8,0.83,0.0967,0.0394,2.4516,12.4,4.84
ONGC,Oil & Natural Gas Corpn Ltd,14.32,19.71,374517.84,43.8,0.83,0.0981,0.0524,1.8722,12.4,4.84
ONGC,Oil & Natural Gas Corpn Ltd,14.32,19.71,374517.84,43.8,0.83,0.1168,0.0535,2.1846,12.4,4.84
ONGC,Oil & Natural Gas Corpn Ltd,14.32,19.71,374517.84,43.8,0.83,0.1278,0.0568,2.2509,12.4,4.84
ONGC,Oil & Natural Gas Corpn Ltd,14.32,19.71,374517.84,43.8,0.83,0.1501,0.0656,2.2868,12.4,4.84
ONGC,Oil & Natural Gas Corpn Ltd,14.32,19.71,374517.84,43.8,0.83,0.1549,0.0821,1.8877,12.4,4.84
ONGC,Oil & Natural Gas Corpn Ltd,14.32,19.71,374517.84,43.8,0.83,0.1564,0.0689,2.2696,12.4,4.84
ONGC,Oil & Natural Gas Corpn Ltd,14.32,19.71,374517.84,43.8,0.83,0.1573,0.0947,1.6615,12.4,4.84
ONGC,Oil & Natural Gas Corpn Ltd,14.32,19.71,374517.84,43.8,0.83,0.1694,0.0804,2.1057,12.4,4.84
ONGC,Oil & Natural Gas Corpn Ltd,14.32,19.71,374517.84,43.8,0.83,0.19,0.0845,2.2476,12.4,4.84
ONGC,Oil & Natural Gas Corpn Ltd,14.32,19.71,390111.05,18.15,10.36,0.0559,0.0225,2.4786,12.4,4.84
ONGC,Oil & Natural Gas Corpn Ltd,14.32,19.71,390111.05,18.15,10.36,0.0662,0.0383,1.7277,12.4,4.84
ONGC,Oil & Natural Gas Corpn Ltd,14.32,19.71,390111.05,18.15,10.36,0.0967,0.0394,2.4516,12.4,4.84
ONGC,Oil & Natural Gas Corpn Ltd,14.32,19.71,390111.05,18.15,10.36,0.0981,0.0524,1.8722,12.4,4.84
ONGC,Oil & Natural Gas Corpn Ltd,14.32,19.71,390111.05,18.15,10.36,0.1168,0.0535,2.1846,12.4,4.84
ONGC,Oil & Natural Gas Corpn Ltd,14.32,19.71,390111.05,18.15,10.36,0.1278,0.0568,2.2509,12.4,4.84
ONGC,Oil & Natural Gas Corpn Ltd,14.32,19.71,390111.05,18.15,10.36,0.1501,0.0656,2.2868,12.4,4.84
ONGC,Oil & Natural Gas Corpn Ltd,14.32,19.71,390111.05,18.15,10.36,0.1549,0.0821,1.8877,12.4,4.84
ONGC,Oil & Natural Gas Corpn Ltd,14.32,19.71,390111.05,18.15,10.36,0.1564,0.0689,2.2696,12.4,4.84
ONGC,Oil & Natural Gas Corpn Ltd,14.32,19.71,390111.05,18.15,10.36,0.1573,0.0947,1.6615,12.4,4.84
ONGC,Oil & Natural Gas Corpn Ltd,14.32,19.71,390111.05,18.15,10.36,0.1694,0.0804,2.1057,12.4,4.84
ONGC,Oil & Natural Gas Corpn Ltd,14.32,19.71,390111.05,18.15,10.36,0.19,0.0845,2.2476,12.4,4.84
ONGC,Oil & Natural Gas Corpn Ltd,14.32,19.71,406613.69,44.82,14.33,0.0559,0.0225,2.4786,12.4,4.84
ONGC,Oil & Natural Gas Corpn Ltd,14.32,19.71,406613.69,44.82,14.33,0.0662,0.0383,1.7277,12.4,4.84
ONGC,Oil & Natural Gas Corpn Ltd,14.32,19.71,406613.69,44.82,14.33,0.0967,0.0394,2.4516,12.4,4.84
ONGC,Oil & Natural Gas Corpn Ltd,14.32,19.71,406613.69,44.82,14.33,0.0981,0.0524,1.8722,12.4,4.84
ONGC,Oil & Natural Gas Corpn Ltd,14.32,19.71,406613.69,44.82,14.33,0.1168,0.0535,2.1846,12.4,4.84
ONGC,Oil & Natural Gas Corpn Ltd,14.32,19.71,406613.69,44.82,14.33,0.1278,0.0568,2.2509,12.4,4.84
ONGC,Oil & Natural Gas Corpn Ltd,14.32,19.71,406613.69,44.82,14.33,0.1501,0.0656,2.2868,12.4,4.84
ONGC,Oil & Natural Gas Corpn Ltd,14.32,19.71,406613.69,44.82,14.33,0.1549,0.0821,1.8877,12.4,4.84
ONGC,Oil & Natural Gas Corpn Ltd,14.32,19.71,406613.69,44.82,14.33,0.1564,0.0689,2.2696,12.4,4.84
ONGC,Oil & Natural Gas Corpn Ltd,14.32,19.71,406613.69,44.82,14.33,0.1573,0.0947,1.6615,12.4,4.84
ONGC,Oil & Natural Gas Corpn Ltd,14.32,19.71,406613.69,44.82,14.33,0.1694,0.0804,2.1057,12.4,4.84
ONGC,Oil & Natural Gas Corpn Ltd,14.32,19.71,406613.69,44.82,14.33,0.19,0.0845,2.2476,12.4,4.84
PFC,Power Finance Corporation Ltd,19.49,9.96,1215368.18,37.83,3.81,0.0607,0.0086,7.044,15.56,16.68
PFC,Power Finance Corporation Ltd,19.49,9.96,1215368.18,37.83,3.81,0.1716,0.025,6.8619,15.56,16.68
PFC,Power Finance Corporation Ltd,19.49,9.96,1215368.18,37.83,3.81,0.1852,0.0262,7.0628,15.56,16.68
PFC,Power Finance Corporation Ltd,19.49,9.96,1215368.18,37.83,3.81,0.1874,0.0262,7.1508,15.56,16.68
PFC,Power Finance Corporation Ltd,19.49,9.96,1215368.18,37.83,3.81,0.1918,0.0136,14.0591,15.56,16.68
PFC,Power Finance Corporation Ltd,19.49,9.96,1215368.18,37.83,3.81,0.1985,0.0281,7.0605,15.56,16.68
PFC,Power Finance Corporation Ltd,19.49,9.96,1215368.18,37.83,3.81,0.2208,0.0168,13.1177,15.56,16.68
PFC,Power Finance Corporation Ltd,19.49,9.96,1215368.18,37.83,3.81,0.2517,0.0236,10.648,15.56,16.68
PFC,Power Finance Corporation Ltd,19.49,9.96,1215368.18,37.83,3.81,0.2586,0.0203,12.7653,15.56,16.68
PFC,Power Finance Corporation Ltd,19.49,9.96,1215368.18,37.83,3.81,0.2616,0.0255,10.271,15.56,16.68
PFC,Power Finance Corporation Ltd,19.49,9.96,1215368.18,37.83,3.81,0.2618,0.0237,11.0358,15.56,16.68
PFC,Power Finance Corporation Ltd,19.49,9.96,1215368.18,37.83,3.81,0.2682,0.0201,13.3458,15.56,16.68
PFC,Power Finance Corporation Ltd,19.49,9.96,1504604.05,15.39,8.05,0.0607,0.0086,7.044,15.56,16.68
PFC,Power Finance Corporation Ltd,19.49,9.96,1504604.05,15.39,8.05,0.1716,0.025,6.8619,15.56,16.68
PFC,Power Finance Corporation Ltd,19.49,9.96,1504604.05,15.39,8.05,0.1852,0.0262,7.0628,15.56,16.68
PFC,Power Finance Corporation Ltd,19.49,9.96,1504604.05,15.39,8.05,0.1874,0.0262,7.1508,15.56,16.68
PFC,Power Finance Corporation Ltd,19.49,9.96,1504604.05,15.39,8.05,0.1918,0.0136,14.0591,15.56,16.68
PFC,Power Finance Corporation Ltd,19.49,9.96,1504604.05,15.39,8.05,0.1985,0.0281,7.0605,15.56,16.68
PFC,Power Finance Corporation Ltd,19.49,9.96,1504604.05,15.39,8.05,0.2208,0.0168,13.1177,15.56,16.68
PFC,Power Finance Corporation Ltd,19.49,9.96,1504604.05,15.39,8.05,0.2517,0.0236,10.648,15.56,16.68
PFC,Power Finance Corporation Ltd,19.49,9.96,1504604.05,15.39,8.05,0.2586,0.0203,12.7653,15.56,16.68
PFC,Power Finance Corporation Ltd,19.49,9.96,1504604.05,15.39,8.05,0.2616,0.0255,10.271,15.56,16.68
PFC,Power Finance Corporation Ltd,19.49,9.96,1504604.05,15.39,8.05,0.2618,0.0237,11.0358,15.56,16.68
PFC,Power Finance Corporation Ltd,19.49,9.96,1504604.05,15.39,8.05,0.2682,0.0201,13.3458,15.56,16.68
PFC,Power Finance Corporation Ltd,19.49,9.96,1544887.02,36.3,4.82,0.0607,0.0086,7.044,15.56,16.68
PFC,Power Finance Corporation Ltd,19.49,9.96,1544887.02,36.3,4.82,0.1716,0.025,6.8619,15.56,16.68
PFC,Power Finance Corporation Ltd,19.49,9.96,1544887.02,36.3,4.82,0.1852,0.0262,7.0628,15.56,16.68
PFC,Power Finance Corporation Ltd,19.49,9.96,1544887.02,36.3,4.82,0.1874,0.0262,7.1508,15.56,16.68
PFC,Power Finance Corporation Ltd,19.49,9.96,1544887.02,36.3,4.82,0.1918,0.0136,14.0591,15.56,16.68
PFC,Power Finance Corporation Ltd,19.49,9.96,1544887.02,36.3,4.82,0.1985,0.0281,7.0605,15.56,16.68
PFC,Power Finance Corporation Ltd,19.49,9.96,1544887.02,36.3,4.82,0.2208,0.0168,13.1177,15.56,16.68
PFC,Power Finance Corporation Ltd,19.49,9.96,1544887.02,36.3,4.82,0.2517,0.0236,10.648,15.56,16.68
PFC,Power Finance Corporation Ltd,19.49,9.96,1544887.02,36.3,4.82,0.2586,0.0203,12.7653,15.56,16.68
PFC,Power Finance Corporation Ltd,19.49,9.96,1544887.02,36.3,4.82,0.2616,0.0255,10.271,15.56,16.68
PFC,Power Finance Corporation Ltd,19.49,9.96,1544887.02,36.3,4.82,0.2618,0.0237,11.0358,15.56,16.68
PFC,Power Finance Corporation Ltd,19.49,9.96,1544887.02,36.3,4.82,0.2682,0.0201,13.3458,15.56,16.68
PFC,Power Finance Corporation Ltd,19.49,9.96,1625821.23,32.45,5.31,0.0607,0.0086,7.044,15.56,16.68
PFC,Power Finance Corporation Ltd,19.49,9.96,1625821.23,32.45,5.31,0.1716,0.025,6.8619,15.56,16.68
PFC,Power Finance Corporation Ltd,19.49,9.96,1625821.23,32.45,5.31,0.1852,0.0262,7.0628,15.56,16.68
PFC,Power Finance Corporation Ltd,19.49,9.96,1625821.23,32.45,5.31,0.1874,0.0262,7.1508,15.56,16.68
PFC,Power Finance Corporation Ltd,19.49,9.96,1625821.23,32.45,5.31,0.1918,0.0136,14.0591,15.56,16.68
PFC,Power Finance Corporation Ltd,19.49,9.96,1625821.23,32.45,5.31,0.1985,0.0281,7.0605,15.56,16.68
PFC,Power Finance Corporation Ltd,19.49,9.96,1625821.23,32.45,5.31,0.2208,0.0168,13.1177,15.56,16.68
PFC,Power Finance Corporation Ltd,19.49,9.96,1625821.23,32.45,5.31,0.2517,0.0236,10.648,15.56,16.68
PFC,Power Finance Corporation Ltd,19.49,9.96,1625821.23,32.45,5.31,0.2586,0.0203,12.7653,15.56,16.68
PFC,Power Finance Corporation Ltd,19.49,9.96,1625821.23,32.45,5.31,0.2616,0.0255,10.271,15.56,16.68
PFC,Power Finance Corporation Ltd,19.49,9.96,1625821.23,32.45,5.31,0.2618,0.0237,11.0358,15.56,16.68
PFC,Power Finance Corporation Ltd,19.49,9.96,1625821.23,32.45,5.31,0.2682,0.0201,13.3458,15.56,16.68
PFC,Power Finance Corporation Ltd,19.49,9.96,1682458.73,71.66,1.56,0.0607,0.0086,7.044,15.56,16.68
PFC,Power Finance Corporation Ltd,19.49,9.96,1682458.73,71.66,1.56,0.1716,0.025,6.8619,15.56,16.68
PFC,Power Finance Corporation Ltd,19.49,9.96,1682458.73,71.66,1.56,0.1852,0.0262,7.0628,15.56,16.68
PFC,Power Finance Corporation Ltd,19.49,9.96,1682458.73,71.66,1.56,0.1874,0.0262,7.1508,15.56,16.68
PFC,Power Finance Corporation Ltd,19.49,9.96,1682458.73,71.66,1.56,0.1918,0.0136,14.0591,15.56,16.68
PFC,Power Finance Corporation Ltd,19.49,9.96,1682458.73,71.66,1.56,0.1985,0.0281,7.0605,15.56,16.68
PFC,Power Finance Corporation Ltd,19.49,9.96,1682458.73,71.66,1.56,0.2208,0.0168,13.1177,15.56,16.68
PFC,Power Finance Corporation Ltd,19.49,9.96,1682458.73,71.66,1.56,0.2517,0.0236,10.648,15.56,16.68
PFC,Power Finance Corporation Ltd,19.49,9.96,1682458.73,71.66,1.56,0.2586,0.0203,12.7653,15.56,16.68
PFC,Power Finance Corporation Ltd,19.49,9.96,1682458.73,71.66,1.56,0.2616,0.0255,10.271,15.56,16.68
PFC,Power Finance Corporation Ltd,19.49,9.96,1682458.73,71.66,1.56,0.2618,0.0237,11.0358,15.56,16.68
PFC,Power Finance Corporation Ltd,19.49,9.96,1682458.73,71.66,1.56,0.2682,0.0201,13.3458,15.56,16.68
PFC,Power Finance Corporation Ltd,19.49,9.96,2011885.81,35.6,6.59,0.0607,0.0086,7.044,15.56,16.68
PFC,Power Finance Corporation Ltd,19.49,9.96,2011885.81,35.6,6.59,0.1716,0.025,6.8619,15.56,16.68
PFC,Power Finance Corporation Ltd,19.49,9.96,2011885.81,35.6,6.59,0.1852,0.0262,7.0628,15.56,16.68
PFC,Power Finance Corporation Ltd,19.49,9.96,2011885.81,35.6,6.59,0.1874,0.0262,7.1508,15.56,16.68
PFC,Power Finance Corporation Ltd,19.49,9.96,2011885.81,35.6,6.59,0.1918,0.0136,14.0591,15.56,16.68
PFC,Power Finance Corporation Ltd,19.49,9.96,2011885.81,35.6,6.59,0.1985,0.0281,7.0605,15.56,16.68
PFC,Power Finance Corporation Ltd,19.49,9.96,2011885.81,35.6,6.59,0.2208,0.0168,13.1177,15.56,16.68
PFC,Power Finance Corporation Ltd,19.49,9.96,2011885.81,35.6,6.59,0.2517,0.0236,10.648,15.56,16.68
PFC,Power Finance Corporation Ltd,19.49,9.96,2011885.81,35.6,6.59,0.2586,0.0203,12.7653,15.56,16.68
PFC,Power Finance Corporation Ltd,19.49,9.96,2011885.81,35.6,6.59,0.2616,0.0255,10.271,15.56,16.68
PFC,Power Finance Corporation Ltd,19.49,9.96,2011885.81,35.6,6.59,0.2618,0.0237,11.0358,15.56,16.68
PFC,Power Finance Corporation Ltd,19.49,9.96,2011885.81,35.6,6.59,0.2682,0.0201,13.3458,15.56,16.68
PIDILITIND,Pidilite Industries Ltd,22.8,29.7,162274.18,36.12,12.3,0.1787,0.1227,1.4566,11.02,13.67
PIDILITIND,Pidilite Industries Ltd,22.8,29.7,162274.18,36.12,12.3,0.1885,0.1271,1.4825,11.02,13.67
PIDILITIND,Pidilite Industries Ltd,22.8,29.7,162274.18,36.12,12.3,0.2013,0.1278,1.5759,11.02,13.67
PIDILITIND,Pidilite Industries Ltd,22.8,29.7,162274.18,36.12,12.3,0.2078,0.1447,1.4364,11.02,13.67
PIDILITIND,Pidilite Industries Ltd,22.8,29.7,162274.18,36.12,12.3,0.2237,0.1572,1.4233,11.02,13.67
PIDILITIND,Pidilite Industries Ltd,22.8,29.7,162274.18,36.12,12.3,0.2264,0.1551,1.4604,11.02,13.67
PIDILITIND,Pidilite Industries Ltd,22.8,29.7,162274.18,36.12,12.3,0.2305,0.1537,1.5,11.02,13.67
PIDILITIND,Pidilite Industries Ltd,22.8,29.7,162274.18,36.12,12.3,0.2486,0.1809,1.3742,11.02,13.67
PIDILITIND,Pidilite Industries Ltd,22.8,29.7,162274.18,36.12,12.3,0.2518,0.172,1.4639,11.02,13.67
PIDILITIND,Pidilite Industries Ltd,22.8,29.7,162274.18,36.12,12.3,0.2568,0.1621,1.5845,11.02,13.67
PIDILITIND,Pidilite Industries Ltd,22.8,29.7,162274.18,36.12,12.3,0.2703,0.1858,1.4547,11.02,13.67
PIDILITIND,Pidilite Industries Ltd,22.8,29.7,162274.18,36.12,12.3,0.3059,0.2173,1.4079,11.02,13.67
PIDILITIND,Pidilite Industries Ltd,22.8,29.7,162985.56,38.11,2.48,0.1787,0.1227,1.4566,11.02,13.67
PIDILITIND,Pidilite Industries Ltd,22.8,29.7,162985.56,38.11,2.48,0.1885,0.1271,1.4825,11.02,13.67
PIDILITIND,Pidilite Industries Ltd,22.8,29.7,162985.56,38.11,2.48,0.2013,0.1278,1.5759,11.02,13.67
PIDILITIND,Pidilite Industries Ltd,22.8,29.7,162985.56,38.11,2.48,0.2078,0.1447,1.4364,11.02,13.67
PIDILITIND,Pidilite Industries Ltd,22.8,29.7,162985.56,38.11,2.48,0.2237,0.1572,1.4233,11.02,13.67
PIDILITIND,Pidilite Industries Ltd,22.8,29.7,162985.56,38.11,2.48,0.2264,0.1551,1.4604,11.02,13.67
PIDILITIND,Pidilite Industries Ltd,22.8,29.7,162985.56,38.11,2.48,0.2305,0.1537,1.5,11.02,13.67
PIDILITIND,Pidilite Industries Ltd,22.8,29.7,162985.56,38.11,2.48,0.2486,0.1809,1.3742,11.02,13.67
PIDILITIND,Pidilite Industries Ltd,22.8,29.7,162985.56,38.11,2.48,0.2518,0.172,1.4639,11.02,13.67
PIDILITIND,Pidilite Industries Ltd,22.8,29.7,162985.56,38.11,2.48,0.2568,0.1621,1.5845,11.02,13.67
PIDILITIND,Pidilite Industries Ltd,22.8,29.7,162985.56,38.11,2.48,0.2703,0.1858,1.4547,11.02,13.67
PIDILITIND,Pidilite Industries Ltd,22.8,29.7,162985.56,38.11,2.48,0.3059,0.2173,1.4079,11.02,13.67
PIDILITIND,Pidilite Industries Ltd,22.8,29.7,174189.7,35.42,3.26,0.1787,0.1227,1.4566,11.02,13.67
PIDILITIND,Pidilite Industries Ltd,22.8,29.7,174189.7,35.42,3.26,0.1885,0.1271,1.4825,11.02,13.67
PIDILITIND,Pidilite Industries Ltd,22.8,29.7,174189.7,35.42,3.26,0.2013,0.1278,1.5759,11.02,13.67
PIDILITIND,Pidilite Industries Ltd,22.8,29.7,174189.7,35.42,3.26,0.2078,0.1447,1.4364,11.02,13.67
PIDILITIND,Pidilite Industries Ltd,22.8,29.7,174189.7,35.42,3.26,0.2237,0.1572,1.4233,11.02,13.67
PIDILITIND,Pidilite Industries Ltd,22.8,29.7,174189.7,35.42,3.26,0.2264,0.1551,1.4604,11.02,13.67
PIDILITIND,Pidilite Industries Ltd,22.8,29.7,174189.7,35.42,3.26,0.2305,0.1537,1.5,11.02,13.67
PIDILITIND,Pidilite Industries Ltd,22.8,29.7,174189.7,35.42,3.26,0.2486,0.1809,1.3742,11.02,13.67
PIDILITIND,Pidilite Industries Ltd,22.8,29.7,174189.7,35.42,3.26,0.2518,0.172,1.4639,11.02,13.67
PIDILITIND,Pidilite Industries Ltd,22.8,29.7,174189.7,35.42,3.26,0.2568,0.1621,1.5845,11.02,13.67
PIDILITIND,Pidilite Industries Ltd,22.8,29.7,174189.7,35.42,3.26,0.2703,0.1858,1.4547,11.02,13.67
PIDILITIND,Pidilite Industries Ltd,22.8,29.7,174189.7,35.42,3.26,0.3059,0.2173,1.4079,11.02,13.67
PIDILITIND,Pidilite Industries Ltd,22.8,29.7,175760.23,17.69,11.27,0.1787,0.1227,1.4566,11.02,13.67
PIDILITIND,Pidilite Industries Ltd,22.8,29.7,175760.23,17.69,11.27,0.1885,0.1271,1.4825,11.02,13.67
PIDILITIND,Pidilite Industries Ltd,22.8,29.7,175760.23,17.69,11.27,0.2013,0.1278,1.5759,11.02,13.67
PIDILITIND,Pidilite Industries Ltd,22.8,29.7,175760.23,17.69,11.27,0.2078,0.1447,1.4364,11.02,13.67
PIDILITIND,Pidilite Industries Ltd,22.8,29.7,175760.23,17.69,11.27,0.2237,0.1572,1.4233,11.02,13.67
PIDILITIND,Pidilite Industries Ltd,22.8,29.7,175760.23,17.69,11.27,0.2264,0.1551,1.4604,11.02,13.67
PIDILITIND,Pidilite Industries Ltd,22.8,29.7,175760.23,17.69,11.27,0.2305,0.1537,1.5,11.02,13.67
PIDILITIND,Pidilite Industries Ltd,22.8,29.7,175760.23,17.69,11.27,0.2486,0.1809,1.3742,11.02,13.67
PIDILITIND,Pidilite Industries Ltd,22.8,29.7,175760.23,17.69,11.27,0.2518,0.172,1.4639,11.02,13.67
PIDILITIND,Pidilite Industries Ltd,22.8,29.7,175760.23,17.69,11.27,0.2568,0.1621,1.5845,11.02,13.67
PIDILITIND,Pidilite Industries Ltd,22.8,29.7,175760.23,17.69,11.27,0.2703,0.1858,1.4547,11.02,13.67
PIDILITIND,Pidilite Industries Ltd,22.8,29.7,175760.23,17.69,11.27,0.3059,0.2173,1.4079,11.02,13.67
PIDILITIND,Pidilite Industries Ltd,22.8,29.7,187037.75,78.98,3.06,0.1787,0.1227,1.4566,11.02,13.67
PIDILITIND,Pidilite Industries Ltd,22.8,29.7,187037.75,78.98,3.06,0.1885,0.1271,1.4825,11.02,13.67
PIDILITIND,Pidilite Industries Ltd,22.8,29.7,187037.75,78.98,3.06,0.2013,0.1278,1.5759,11.02,13.67
PIDILITIND,Pidilite Industries Ltd,22.8,29.7,187037.75,78.98,3.06,0.2078,0.1447,1.4364,11.02,13.67
PIDILITIND,Pidilite Industries Ltd,22.8,29.7,187037.75,78.98,3.06,0.2237,0.1572,1.4233,11.02,13.67
PIDILITIND,Pidilite Industries Ltd,22.8,29.7,187037.75,78.98,3.06,0.2264,0.1551,1.4604,11.02,13.67
PIDILITIND,Pidilite Industries Ltd,22.8,29.7,187037.75,78.98,3.06,0.2305,0.1537,1.5,11.02,13.67
PIDILITIND,Pidilite Industries Ltd,22.8,29.7,187037.75,78.98,3.06,0.2486,0.1809,1.3742,11.02,13.67
PIDILITIND,Pidilite Industries Ltd,22.8,29.7,187037.75,78.98,3.06,0.2518,0.172,1.4639,11.02,13.67
PIDILITIND,Pidilite Industries Ltd,22.8,29.7,187037.75,78.98,3.06,0.2568,0.1621,1.5845,11.02,13.67
PIDILITIND,Pidilite Industries Ltd,22.8,29.7,187037.75,78.98,3.06,0.2703,0.1858,1.4547,11.02,13.67
PIDILITIND,Pidilite Industries Ltd,22.8,29.7,187037.75,78.98,3.06,0.3059,0.2173,1.4079,11.02,13.67
PIDILITIND,Pidilite Industries Ltd,22.8,29.7,193847.18,68.76,12.53,0.1787,0.1227,1.4566,11.02,13.67
PIDILITIND,Pidilite Industries Ltd,22.8,29.7,193847.18,68.76,12.53,0.1885,0.1271,1.4825,11.02,13.67
PIDILITIND,Pidilite Industries Ltd,22.8,29.7,193847.18,68.76,12.53,0.2013,0.1278,1.5759,11.02,13.67
PIDILITIND,Pidilite Industries Ltd,22.8,29.7,193847.18,68.76,12.53,0.2078,0.1447,1.4364,11.02,13.67
PIDILITIND,Pidilite Industries Ltd,22.8,29.7,193847.18,68.76,12.53,0.2237,0.1572,1.4233,11.02,13.67
PIDILITIND,Pidilite Industries Ltd,22.8,29.7,193847.18,68.76,12.53,0.2264,0.1551,1.4604,11.02,13.67
PIDILITIND,Pidilite Industries Ltd,22.8,29.7,193847.18,68.76,12.53,0.2305,0.1537,1.5,11.02,13.67
PIDILITIND,Pidilite Industries Ltd,22.8,29.7,193847.18,68.76,12.53,0.2486,0.1809,1.3742,11.02,13.67
PIDILITIND,Pidilite Industries Ltd,22.8,29.7,193847.18,68.76,12.53,0.2518,0.172,1.4639,11.02,13.67
PIDILITIND,Pidilite Industries Ltd,22.8,29.7,193847.18,68.76,12.53,0.2568,0.1621,1.5845,11.02,13.67
PIDILITIND,Pidilite Industries Ltd,22.8,29.7,193847.18,68.76,12.53,0.2703,0.1858,1.4547,11.02,13.67
PIDILITIND,Pidilite Industries Ltd,22.8,29.7,193847.18,68.76,12.53,0.3059,0.2173,1.4079,11.02,13.67
PNB,Punjab National Bank,8.7,1.63,1116326.04,70.8,13.8,-1.8437,-0.1922,9.5932,8.62,9.26
PNB,Punjab National Bank,8.7,1.63,1116326.04,70.8,13.8,-1.8437,-0.1922,9.5932,8.62,9.26
PNB,Punjab National Bank,8.7,1.63,1116326.04,70.8,13.8,-1.8437,-0.1922,9.5932,8.62,9.26
PNB,Punjab National Bank,8.7,1.63,1116326.04,70.8,13.8,-1.8437,-0.1922,9.5932,8.62,9.26
PNB,Punjab National Bank,8.7,1.63,1116326.04,70.8,13.8,-1.8437,-0.1922,9.5932,8.62,9.26
PNB,Punjab National Bank,8.7,1.63,1116326.04,70.8,13.8,-1.6356,-0.1183,13.8262,8.62,9.26
PNB,Punjab National Bank,8.7,1.63,1116326.04,70.8,13.8,-1.6356,-0.1183,13.8262,8.62,9.26
PNB,Punjab National Bank,8.7,1.63,1116326.04,70.8,13.8,-1.6356,-0.1183,13.8262,8.62,9.26
PNB,Punjab National Bank,8.7,1.63,1116326.04,70.8,13.8,-1.6356,-0.1183,13.8262,8.62,9.26
PNB,Punjab National Bank,8.7,1.63,1116326.04,70.8,13.8,-1.6356,-0.1183,13.8262,8.62,9.26
PNB,Punjab National Bank,8.7,1.63,1116326.04,70.8,13.8,-1.2845,-0.114,11.2643,8.62,9.26
PNB,Punjab National Bank,8.7,1.63,1116326.04,70.8,13.8,-1.2845,-0.114,11.2643,8.62,9.26
PNB,Punjab National Bank,8.7,1.63,1116326.04,70.8,13.8,-1.2845,-0.114,11.2643,8.62,9.26
PNB,Punjab National Bank,8.7,1.63,1116326.04,70.8,13.8,-1.2845,-0.114,11.2643,8.62,9.26
PNB,Punjab National Bank,8.7,1.63,1116326.04,70.8,13.8,-1.2845,-0.114,11.2643,8.62,9.26
PNB,Punjab National Bank,8.7,1.63,1116326.04,70.8,13.8,0.061,0.0061,9.925,8.62,9.26
PNB,Punjab National Bank,8.7,1.63,1116326.04,70.8,13.8,0.061,0.0061,9.925,8.62,9.26
PNB,Punjab National Bank,8.7,1.63,1116326.04,70.8,13.8,0.061,0.0061,9.925,8.62,9.26
PNB,Punjab National Bank,8.7,1.63,1116326.04,70.8,13.8,0.061,0.0061,9.925,8.62,9.26
PNB,Punjab National Bank,8.7,1.63,1116326.04,70.8,13.8,0.061,0.0061,9.925,8.62,9.26
PNB,Punjab National Bank,8.7,1.63,1116326.04,70.8,13.8,0.2221,0.0288,7.7017,8.62,9.26
PNB,Punjab National Bank,8.7,1.63,1116326.04,70.8,13.8,0.2221,0.0288,7.7017,8.62,9.26
PNB,Punjab National Bank,8.7,1.63,1116326.04,70.8,13.8,0.2221,0.0288,7.7017,8.62,9.26
PNB,Punjab National Bank,8.7,1.63,1116326.04,70.8,13.8,0.2221,0.0288,7.7017,8.62,9.26
PNB,Punjab National Bank,8.7,1.63,1116326.04,70.8,13.8,0.2221,0.0288,7.7017,8.62,9.26
PNB,Punjab National Bank,8.7,1.63,1116326.04,70.8,13.8,0.3039,0.0378,8.0448,8.62,9.26
PNB,Punjab National Bank,8.7,1.63,1116326.04,70.8,13.8,0.3039,0.0378,8.0448,8.62,9.26
PNB,Punjab National Bank,8.7,1.63,1116326.04,70.8,13.8,0.3039,0.0378,8.0448,8.62,9.26
PNB,Punjab National Bank,8.7,1.63,1116326.04,70.8,13.8,0.3039,0.0378,8.0448,8.62,9.26
PNB,Punjab National Bank,8.7,1.63,1116326.04,70.8,13.8,0.3039,0.0378,8.0448,8.62,9.26
PNB,Punjab National Bank,8.7,1.63,1116326.04,70.8,13.8,0.3067,0.0503,6.0992,8.62,9.26
PNB,Punjab National Bank,8.7,1.63,1116326.04,70.8,13.8,0.3067,0.0503,6.0992,8.62,9.26
PNB,Punjab National Bank,8.7,1.63,1116326.04,70.8,13.8,0.3067,0.0503,6.0992,8.62,9.26
PNB,Punjab National Bank,8.7,1.63,1116326.04,70.8,13.8,0.3067,0.0503,6.0992,8.62,9.26
PNB,Punjab National Bank,8.7,1.63,1116326.04,70.8,13.8,0.3067,0.0503,6.0992,8.62,9.26
PNB,Punjab National Bank,8.7,1.63,1116326.04,70.8,13.8,0.3987,0.0595,6.6982,8.62,9.26
PNB,Punjab National Bank,8.7,1.63,1116326.04,70.8,13.8,0.3987,0.0595,6.6982,8.62,9.26
PNB,Punjab National Bank,8.7,1.63,1116326.04,70.8,13.8,0.3987,0.0595,6.6982,8.62,9.26
PNB,Punjab National Bank,8.7,1.63,1116326.04,70.8,13.8,0.3987,0.0595,6.6982,8.62,9.26
PNB,Punjab National Bank,8.7,1.63,1116326.04,70.8,13.8,0.3987,0.0595,6.6982,8.62,9.26
PNB,Punjab National Bank,8.7,1.63,1116326.04,70.8,13.8,0.6132,0.1265,4.8464,8.62,9.26
PNB,Punjab National Bank,8.7,1.63,1116326.04,70.8,13.8,0.6132,0.1265,4.8464,8.62,9.26
PNB,Punjab National Bank,8.7,1.63,1116326.04,70.8,13.8,0.6132,0.1265,4.8464,8.62,9.26
PNB,Punjab National Bank,8.7,1.63,1116326.04,70.8,13.8,0.6132,0.1265,4.8464,8.62,9.26
PNB,Punjab National Bank,8.7,1.63,1116326.04,70.8,13.8,0.6132,0.1265,4.8464,8.62,9.26
PNB,Punjab National Bank,8.7,1.63,1116326.04,70.8,13.8,2.2324,0.1852,12.0551,8.62,9.26
PNB,Punjab National Bank,8.7,1.63,1116326.04,70.8,13.8,2.2324,0.1852,12.0551,8.62,9.26
PNB,Punjab National Bank,8.7,1.63,1116326.04,70.8,13.8,2.2324,0.1852,12.0551,8.62,9.26
PNB,Punjab National Bank,8.7,1.63,1116326.04,70.8,13.8,2.2324,0.1852,12.0551,8.62,9.26
PNB,Punjab National Bank,8.7,1.63,1116326.04,70.8,13.8,2.2324,0.1852,12.0551,8.62,9.26
PNB,Punjab National Bank,8.7,1.63,1116326.04,70.8,13.8,3.9336,0.3184,12.3555,8.62,9.26
PNB,Punjab National Bank,8.7,1.63,1116326.04,70.8,13.8,3.9336,0.3184,12.3555,8.62,9.26
PNB,Punjab National Bank,8.7,1.63,1116326.04,70.8,13.8,3.9336,0.3184,12.3555,8.62,9.26
PNB,Punjab National Bank,8.7,1.63,1116326.04,70.8,13.8,3.9336,0.3184,12.3555,8.62,9.26
PNB,Punjab National Bank,8.7,1.63,1116326.04,70.8,13.8,3.9336,0.3184,12.3555,8.62,9.26
PNB,Punjab National Bank,8.7,1.63,1116326.04,70.8,13.8,8.123,0.6558,12.3867,8.62,9.26
PNB,Punjab National Bank,8.7,1.63,1116326.04,70.8,13.8,8.123,0.6558,12.3867,8.62,9.26
PNB,Punjab National Bank,8.7,1.63,1116326.04,70.8,13.8,8.123,0.6558,12.3867,8.62,9.26
PNB,Punjab National Bank,8.7,1.63,1116326.04,70.8,13.8,8.123,0.6558,12.3867,8.62,9.26
PNB,Punjab National Bank,8.7,1.63,1116326.04,70.8,13.8,8.123,0.6558,12.3867,8.62,9.26
PNB,Punjab National Bank,8.7,1.63,1458207.93,19.1,9.35,-1.8437,-0.1922,9.5932,8.62,9.26
PNB,Punjab National Bank,8.7,1.63,1458207.93,19.1,9.35,-1.8437,-0.1922,9.5932,8.62,9.26
PNB,Punjab National Bank,8.7,1.63,1458207.93,19.1,9.35,-1.8437,-0.1922,9.5932,8.62,9.26
PNB,Punjab National Bank,8.7,1.63,1458207.93,19.1,9.35,-1.8437,-0.1922,9.5932,8.62,9.26
PNB,Punjab National Bank,8.7,1.63,1458207.93,19.1,9.35,-1.8437,-0.1922,9.5932,8.62,9.26
PNB,Punjab National Bank,8.7,1.63,1458207.93,19.1,9.35,-1.6356,-0.1183,13.8262,8.62,9.26
PNB,Punjab National Bank,8.7,1.63,1458207.93,19.1,9.35,-1.6356,-0.1183,13.8262,8.62,9.26
PNB,Punjab National Bank,8.7,1.63,1458207.93,19.1,9.35,-1.6356,-0.1183,13.8262,8.62,9.26
PNB,Punjab National Bank,8.7,1.63,1458207.93,19.1,9.35,-1.6356,-0.1183,13.8262,8.62,9.26
PNB,Punjab National Bank,8.7,1.63,1458207.93,19.1,9.35,-1.6356,-0.1183,13.8262,8.62,9.26
PNB,Punjab National Bank,8.7,1.63,1458207.93,19.1,9.35,-1.2845,-0.114,11.2643,8.62,9.26
PNB,Punjab National Bank,8.7,1.63,1458207.93,19.1,9.35,-1.2845,-0.114,11.2643,8.62,9.26
PNB,Punjab National Bank,8.7,1.63,1458207.93,19.1,9.35,-1.2845,-0.114,11.2643,8.62,9.26
PNB,Punjab National Bank,8.7,1.63,1458207.93,19.1,9.35,-1.2845,-0.114,11.2643,8.62,9.26
PNB,Punjab National Bank,8.7,1.63,1458207.93,19.1,9.35,-1.2845,-0.114,11.2643,8.62,9.26
PNB,Punjab National Bank,8.7,1.63,1458207.93,19.1,9.35,0.061,0.0061,9.925,8.62,9.26
PNB,Punjab National Bank,8.7,1.63,1458207.93,19.1,9.35,0.061,0.0061,9.925,8.62,9.26
PNB,Punjab National Bank,8.7,1.63,1458207.93,19.1,9.35,0.061,0.0061,9.925,8.62,9.26
PNB,Punjab National Bank,8.7,1.63,1458207.93,19.1,9.35,0.061,0.0061,9.925,8.62,9.26
PNB,Punjab National Bank,8.7,1.63,1458207.93,19.1,9.35,0.061,0.0061,9.925,8.62,9.26
PNB,Punjab National Bank,8.7,1.63,1458207.93,19.1,9.35,0.2221,0.0288,7.7017,8.62,9.26
PNB,Punjab National Bank,8.7,1.63,1458207.93,19.1,9.35,0.2221,0.0288,7.7017,8.62,9.26
PNB,Punjab National Bank,8.7,1.63,1458207.93,19.1,9.35,0.2221,0.0288,7.7017,8.62,9.26
PNB,Punjab National Bank,8.7,1.63,1458207.93,19.1,9.35,0.2221,0.0288,7.7017,8.62,9.26
PNB,Punjab National Bank,8.7,1.63,1458207.93,19.1,9.35,0.2221,0.0288,7.7017,8.62,9.26
PNB,Punjab National Bank,8.7,1.63,1458207.93,19.1,9.35,0.3039,0.0378,8.0448,8.62,9.26
PNB,Punjab National Bank,8.7,1.63,1458207.93,19.1,9.35,0.3039,0.0378,8.0448,8.62,9.26
PNB,Punjab National Bank,8.7,1.63,1458207.93,19.1,9.35,0.3039,0.0378,8.0448,8.62,9.26
PNB,Punjab National Bank,8.7,1.63,1458207.93,19.1,9.35,0.3039,0.0378,8.0448,8.62,9.26
PNB,Punjab National Bank,8.7,1.63,1458207.93,19.1,9.35,0.3039,0.0378,8.0448,8.62,9.26
PNB,Punjab National Bank,8.7,1.63,1458207.93,19.1,9.35,0.3067,0.0503,6.0992,8.62,9.26
PNB,Punjab National Bank,8.7,1.63,1458207.93,19.1,9.35,0.3067,0.0503,6.0992,8.62,9.26
PNB,Punjab National Bank,8.7,1.63,1458207.93,19.1,9.35,0.3067,0.0503,6.0992,8.62,9.26
PNB,Punjab National Bank,8.7,1.63,1458207.93,19.1,9.35,0.3067,0.0503,6.0992,8.62,9.26
PNB,Punjab National Bank,8.7,1.63,1458207.93,19.1,9.35,0.3067,0.0503,6.0992,8.62,9.26
PNB,Punjab National Bank,8.7,1.63,1458207.93,19.1,9.35,0.3987,0.0595,6.6982,8.62,9.26
PNB,Punjab National Bank,8.7,1.63,1458207.93,19.1,9.35,0.3987,0.0595,6.6982,8.62,9.26
PNB,Punjab National Bank,8.7,1.63,1458207.93,19.1,9.35,0.3987,0.0595,6.6982,8.62,9.26
PNB,Punjab National Bank,8.7,1.63,1458207.93,19.1,9.35,0.3987,0.0595,6.6982,8.62,9.26
PNB,Punjab National Bank,8.7,1.63,1458207.93,19.1,9.35,0.3987,0.0595,6.6982,8.62,9.26
PNB,Punjab National Bank,8.7,1.63,1458207.93,19.1,9.35,0.6132,0.1265,4.8464,8.62,9.26
PNB,Punjab National Bank,8.7,1.63,1458207.93,19.1,9.35,0.6132,0.1265,4.8464,8.62,9.26
PNB,Punjab National Bank,8.7,1.63,1458207.93,19.1,9.35,0.6132,0.1265,4.8464,8.62,9.26
PNB,Punjab National Bank,8.7,1.63,1458207.93,19.1,9.35,0.6132,0.1265,4.8464,8.62,9.26
PNB,Punjab National Bank,8.7,1.63,1458207.93,19.1,9.35,0.6132,0.1265,4.8464,8.62,9.26
PNB,Punjab National Bank,8.7,1.63,1458207.93,19.1,9.35,2.2324,0.1852,12.0551,8.62,9.26
PNB,Punjab National Bank,8.7,1.63,1458207.93,19.1,9.35,2.2324,0.1852,12.0551,8.62,9.26
PNB,Punjab National Bank,8.7,1.63,1458207.93,19.1,9.35,2.2324,0.1852,12.0551,8.62,9.26
PNB,Punjab National Bank,8.7,1.63,1458207.93,19.1,9.35,2.2324,0.1852,12.0551,8.62,9.26
PNB,Punjab National Bank,8.7,1.63,1458207.93,19.1,9.35,2.2324,0.1852,12.0551,8.62,9.26
PNB,Punjab National Bank,8.7,1.63,1458207.93,19.1,9.35,3.9336,0.3184,12.3555,8.62,9.26
PNB,Punjab National Bank,8.7,1.63,1458207.93,19.1,9.35,3.9336,0.3184,12.3555,8.62,9.26
PNB,Punjab National Bank,8.7,1.63,1458207.93,19.1,9.35,3.9336,0.3184,12.3555,8.62,9.26
PNB,Punjab National Bank,8.7,1.63,1458207.93,19.1,9.35,3.9336,0.3184,12.3555,8.62,9.26
PNB,Punjab National Bank,8.7,1.63,1458207.93,19.1,9.35,3.9336,0.3184,12.3555,8.62,9.26
PNB,Punjab National Bank,8.7,1.63,1458207.93,19.1,9.35,8.123,0.6558,12.3867,8.62,9.26
PNB,Punjab National Bank,8.7,1.63,1458207.93,19.1,9.35,8.123,0.6558,12.3867,8.62,9.26
PNB,Punjab National Bank,8.7,1.63,1458207.93,19.1,9.35,8.123,0.6558,12.3867,8.62,9.26
PNB,Punjab National Bank,8.7,1.63,1458207.93,19.1,9.35,8.123,0.6558,12.3867,8.62,9.26
PNB,Punjab National Bank,8.7,1.63,1458207.93,19.1,9.35,8.123,0.6558,12.3867,8.62,9.26
PNB,Punjab National Bank,8.7,1.63,1774323.73,20.42,9.61,-1.8437,-0.1922,9.5932,8.62,9.26
PNB,Punjab National Bank,8.7,1.63,1774323.73,20.42,9.61,-1.8437,-0.1922,9.5932,8.62,9.26
PNB,Punjab National Bank,8.7,1.63,1774323.73,20.42,9.61,-1.8437,-0.1922,9.5932,8.62,9.26
PNB,Punjab National Bank,8.7,1.63,1774323.73,20.42,9.61,-1.8437,-0.1922,9.5932,8.62,9.26
PNB,Punjab National Bank,8.7,1.63,1774323.73,20.42,9.61,-1.8437,-0.1922,9.5932,8.62,9.26
PNB,Punjab National Bank,8.7,1.63,1774323.73,20.42,9.61,-1.6356,-0.1183,13.8262,8.62,9.26
PNB,Punjab National Bank,8.7,1.63,1774323.73,20.42,9.61,-1.6356,-0.1183,13.8262,8.62,9.26
PNB,Punjab National Bank,8.7,1.63,1774323.73,20.42,9.61,-1.6356,-0.1183,13.8262,8.62,9.26
PNB,Punjab National Bank,8.7,1.63,1774323.73,20.42,9.61,-1.6356,-0.1183,13.8262,8.62,9.26
PNB,Punjab National Bank,8.7,1.63,1774323.73,20.42,9.61,-1.6356,-0.1183,13.8262,8.62,9.26
PNB,Punjab National Bank,8.7,1.63,1774323.73,20.42,9.61,-1.2845,-0.114,11.2643,8.62,9.26
PNB,Punjab National Bank,8.7,1.63,1774323.73,20.42,9.61,-1.2845,-0.114,11.2643,8.62,9.26
PNB,Punjab National Bank,8.7,1.63,1774323.73,20.42,9.61,-1.2845,-0.114,11.2643,8.62,9.26
PNB,Punjab National Bank,8.7,1.63,1774323.73,20.42,9.61,-1.2845,-0.114,11.2643,8.62,9.26
PNB,Punjab National Bank,8.7,1.63,1774323.73,20.42,9.61,-1.2845,-0.114,11.2643,8.62,9.26
PNB,Punjab National Bank,8.7,1.63,1774323.73,20.42,9.61,0.061,0.0061,9.925,8.62,9.26
PNB,Punjab National Bank,8.7,1.63,1774323.73,20.42,9.61,0.061,0.0061,9.925,8.62,9.26
PNB,Punjab National Bank,8.7,1.63,1774323.73,20.42,9.61,0.061,0.0061,9.925,8.62,9.26
PNB,Punjab National Bank,8.7,1.63,1774323.73,20.42,9.61,0.061,0.0061,9.925,8.62,9.26
PNB,Punjab National Bank,8.7,1.63,1774323.73,20.42,9.61,0.061,0.0061,9.925,8.62,9.26
PNB,Punjab National Bank,8.7,1.63,1774323.73,20.42,9.61,0.2221,0.0288,7.7017,8.62,9.26
PNB,Punjab National Bank,8.7,1.63,1774323.73,20.42,9.61,0.2221,0.0288,7.7017,8.62,9.26
PNB,Punjab National Bank,8.7,1.63,1774323.73,20.42,9.61,0.2221,0.0288,7.7017,8.62,9.26
PNB,Punjab National Bank,8.7,1.63,1774323.73,20.42,9.61,0.2221,0.0288,7.7017,8.62,9.26
PNB,Punjab National Bank,8.7,1.63,1774323.73,20.42,9.61,0.2221,0.0288,7.7017,8.62,9.26
PNB,Punjab National Bank,8.7,1.63,1774323.73,20.42,9.61,0.3039,0.0378,8.0448,8.62,9.26
PNB,Punjab National Bank,8.7,1.63,1774323.73,20.42,9.61,0.3039,0.0378,8.0448,8.62,9.26
PNB,Punjab National Bank,8.7,1.63,1774323.73,20.42,9.61,0.3039,0.0378,8.0448,8.62,9.26
PNB,Punjab National Bank,8.7,1.63,1774323.73,20.42,9.61,0.3039,0.0378,8.0448,8.62,9.26
PNB,Punjab National Bank,8.7,1.63,1774323.73,20.42,9.61,0.3039,0.0378,8.0448,8.62,9.26
PNB,Punjab National Bank,8.7,1.63,1774323.73,20.42,9.61,0.3067,0.0503,6.0992,8.62,9.26
PNB,Punjab National Bank,8.7,1.63,1774323.73,20.42,9.61,0.3067,0.0503,6.0992,8.62,9.26
PNB,Punjab National Bank,8.7,1.63,1774323.73,20.42,9.61,0.3067,0.0503,6.0992,8.62,9.26
PNB,Punjab National Bank,8.7,1.63,1774323.73,20.42,9.61,0.3067,0.0503,6.0992,8.62,9.26
PNB,Punjab National Bank,8.7,1.63,1774323.73,20.42,9.61,0.3067,0.0503,6.0992,8.62,9.26
PNB,Punjab National Bank,8.7,1.63,1774323.73,20.42,9.61,0.3987,0.0595,6.6982,8.62,9.26
PNB,Punjab National Bank,8.7,1.63,1774323.73,20.42,9.61,0.3987,0.0595,6.6982,8.62,9.26
PNB,Punjab National Bank,8.7,1.63,1774323.73,20.42,9.61,0.3987,0.0595,6.6982,8.62,9.26
PNB,Punjab National Bank,8.7,1.63,1774323.73,20.42,9.61,0.3987,0.0595,6.6982,8.62,9.26
PNB,Punjab National Bank,8.7,1.63,1774323.73,20.42,9.61,0.3987,0.0595,6.6982,8.62,9.26
PNB,Punjab National Bank,8.7,1.63,1774323.73,20.42,9.61,0.6132,0.1265,4.8464,8.62,9.26
PNB,Punjab National Bank,8.7,1.63,1774323.73,20.42,9.61,0.6132,0.1265,4.8464,8.62,9.26
PNB,Punjab National Bank,8.7,1.63,1774323.73,20.42,9.61,0.6132,0.1265,4.8464,8.62,9.26
PNB,Punjab National Bank,8.7,1.63,1774323.73,20.42,9.61,0.6132,0.1265,4.8464,8.62,9.26
PNB,Punjab National Bank,8.7,1.63,1774323.73,20.42,9.61,0.6132,0.1265,4.8464,8.62,9.26
PNB,Punjab National Bank,8.7,1.63,1774323.73,20.42,9.61,2.2324,0.1852,12.0551,8.62,9.26
PNB,Punjab National Bank,8.7,1.63,1774323.73,20.42,9.61,2.2324,0.1852,12.0551,8.62,9.26
PNB,Punjab National Bank,8.7,1.63,1774323.73,20.42,9.61,2.2324,0.1852,12.0551,8.62,9.26
PNB,Punjab National Bank,8.7,1.63,1774323.73,20.42,9.61,2.2324,0.1852,12.0551,8.62,9.26
PNB,Punjab National Bank,8.7,1.63,1774323.73,20.42,9.61,2.2324,0.1852,12.0551,8.62,9.26
PNB,Punjab National Bank,8.7,1.63,1774323.73,20.42,9.61,3.9336,0.3184,12.3555,8.62,9.26
PNB,Punjab National Bank,8.7,1.63,1774323.73,20.42,9.61,3.9336,0.3184,12.3555,8.62,9.26
PNB,Punjab National Bank,8.7,1.63,1774323.73,20.42,9.61,3.9336,0.3184,12.3555,8.62,9.26
PNB,Punjab National Bank,8.7,1.63,1774323.73,20.42,9.61,3.9336,0.3184,12.3555,8.62,9.26
PNB,Punjab National Bank,8.7,1.63,1774323.73,20.42,9.61,3.9336,0.3184,12.3555,8.62,9.26
PNB,Punjab National Bank,8.7,1.63,1774323.73,20.42,9.61,8.123,0.6558,12.3867,8.62,9.26
PNB,Punjab National Bank,8.7,1.63,1774323.73,20.42,9.61,8.123,0.6558,12.3867,8.62,9.26
PNB,Punjab National Bank,8.7,1.63,1774323.73,20.42,9.61,8.123,0.6558,12.3867,8.62,9.26
PNB,Punjab National Bank,8.7,1.63,1774323.73,20.42,9.61,8.123,0.6558,12.3867,8.62,9.26
PNB,Punjab National Bank,8.7,1.63,1774323.73,20.42,9.61,8.123,0.6558,12.3867,8.62,9.26
PNB,Punjab National Bank,8.7,1.63,1825925.6,19.29,10.91,-1.8437,-0.1922,9.5932,8.62,9.26
PNB,Punjab National Bank,8.7,1.63,1825925.6,19.29,10.91,-1.8437,-0.1922,9.5932,8.62,9.26
PNB,Punjab National Bank,8.7,1.63,1825925.6,19.29,10.91,-1.8437,-0.1922,9.5932,8.62,9.26
PNB,Punjab National Bank,8.7,1.63,1825925.6,19.29,10.91,-1.8437,-0.1922,9.5932,8.62,9.26
PNB,Punjab National Bank,8.7,1.63,1825925.6,19.29,10.91,-1.8437,-0.1922,9.5932,8.62,9.26
PNB,Punjab National Bank,8.7,1.63,1825925.6,19.29,10.91,-1.6356,-0.1183,13.8262,8.62,9.26
PNB,Punjab National Bank,8.7,1.63,1825925.6,19.29,10.91,-1.6356,-0.1183,13.8262,8.62,9.26
PNB,Punjab National Bank,8.7,1.63,1825925.6,19.29,10.91,-1.6356,-0.1183,13.8262,8.62,9.26
PNB,Punjab National Bank,8.7,1.63,1825925.6,19.29,10.91,-1.6356,-0.1183,13.8262,8.62,9.26
PNB,Punjab National Bank,8.7,1.63,1825925.6,19.29,10.91,-1.6356,-0.1183,13.8262,8.62,9.26
PNB,Punjab National Bank,8.7,1.63,1825925.6,19.29,10.91,-1.2845,-0.114,11.2643,8.62,9.26
PNB,Punjab National Bank,8.7,1.63,1825925.6,19.29,10.91,-1.2845,-0.114,11.2643,8.62,9.26
PNB,Punjab National Bank,8.7,1.63,1825925.6,19.29,10.91,-1.2845,-0.114,11.2643,8.62,9.26
PNB,Punjab National Bank,8.7,1.63,1825925.6,19.29,10.91,-1.2845,-0.114,11.2643,8.62,9.26
PNB,Punjab National Bank,8.7,1.63,1825925.6,19.29,10.91,-1.2845,-0.114,11.2643,8.62,9.26
PNB,Punjab National Bank,8.7,1.63,1825925.6,19.29,10.91,0.061,0.0061,9.925,8.62,9.26
PNB,Punjab National Bank,8.7,1.63,1825925.6,19.29,10.91,0.061,0.0061,9.925,8.62,9.26
PNB,Punjab National Bank,8.7,1.63,1825925.6,19.29,10.91,0.061,0.0061,9.925,8.62,9.26
PNB,Punjab National Bank,8.7,1.63,1825925.6,19.29,10.91,0.061,0.0061,9.925,8.62,9.26
PNB,Punjab National Bank,8.7,1.63,1825925.6,19.29,10.91,0.061,0.0061,9.925,8.62,9.26
PNB,Punjab National Bank,8.7,1.63,1825925.6,19.29,10.91,0.2221,0.0288,7.7017,8.62,9.26
PNB,Punjab National Bank,8.7,1.63,1825925.6,19.29,10.91,0.2221,0.0288,7.7017,8.62,9.26
PNB,Punjab National Bank,8.7,1.63,1825925.6,19.29,10.91,0.2221,0.0288,7.7017,8.62,9.26
PNB,Punjab National Bank,8.7,1.63,1825925.6,19.29,10.91,0.2221,0.0288,7.7017,8.62,9.26
PNB,Punjab National Bank,8.7,1.63,1825925.6,19.29,10.91,0.2221,0.0288,7.7017,8.62,9.26
PNB,Punjab National Bank,8.7,1.63,1825925.6,19.29,10.91,0.3039,0.0378,8.0448,8.62,9.26
PNB,Punjab National Bank,8.7,1.63,1825925.6,19.29,10.91,0.3039,0.0378,8.0448,8.62,9.26
PNB,Punjab National Bank,8.7,1.63,1825925.6,19.29,10.91,0.3039,0.0378,8.0448,8.62,9.26
PNB,Punjab National Bank,8.7,1.63,1825925.6,19.29,10.91,0.3039,0.0378,8.0448,8.62,9.26
PNB,Punjab National Bank,8.7,1.63,1825925.6,19.29,10.91,0.3039,0.0378,8.0448,8.62,9.26
PNB,Punjab National Bank,8.7,1.63,1825925.6,19.29,10.91,0.3067,0.0503,6.0992,8.62,9.26
PNB,Punjab National Bank,8.7,1.63,1825925.6,19.29,10.91,0.3067,0.0503,6.0992,8.62,9.26
PNB,Punjab National Bank,8.7,1.63,1825925.6,19.29,10.91,0.3067,0.0503,6.0992,8.62,9.26
PNB,Punjab National Bank,8.7,1.63,1825925.6,19.29,10.91,0.3067,0.0503,6.0992,8.62,9.26
PNB,Punjab National Bank,8.7,1.63,1825925.6,19.29,10.91,0.3067,0.0503,6.0992,8.62,9.26
PNB,Punjab National Bank,8.7,1.63,1825925.6,19.29,10.91,0.3987,0.0595,6.6982,8.62,9.26
PNB,Punjab National Bank,8.7,1.63,1825925.6,19.29,10.91,0.3987,0.0595,6.6982,8.62,9.26
PNB,Punjab National Bank,8.7,1.63,1825925.6,19.29,10.91,0.3987,0.0595,6.6982,8.62,9.26
PNB,Punjab National Bank,8.7,1.63,1825925.6,19.29,10.91,0.3987,0.0595,6.6982,8.62,9.26
PNB,Punjab National Bank,8.7,1.63,1825925.6,19.29,10.91,0.3987,0.0595,6.6982,8.62,9.26
PNB,Punjab National Bank,8.7,1.63,1825925.6,19.29,10.91,0.6132,0.1265,4.8464,8.62,9.26
PNB,Punjab National Bank,8.7,1.63,1825925.6,19.29,10.91,0.6132,0.1265,4.8464,8.62,9.26
PNB,Punjab National Bank,8.7,1.63,1825925.6,19.29,10.91,0.6132,0.1265,4.8464,8.62,9.26
PNB,Punjab National Bank,8.7,1.63,1825925.6,19.29,10.91,0.6132,0.1265,4.8464,8.62,9.26
PNB,Punjab National Bank,8.7,1.63,1825925.6,19.29,10.91,0.6132,0.1265,4.8464,8.62,9.26
PNB,Punjab National Bank,8.7,1.63,1825925.6,19.29,10.91,2.2324,0.1852,12.0551,8.62,9.26
PNB,Punjab National Bank,8.7,1.63,1825925.6,19.29,10.91,2.2324,0.1852,12.0551,8.62,9.26
PNB,Punjab National Bank,8.7,1.63,1825925.6,19.29,10.91,2.2324,0.1852,12.0551,8.62,9.26
PNB,Punjab National Bank,8.7,1.63,1825925.6,19.29,10.91,2.2324,0.1852,12.0551,8.62,9.26
PNB,Punjab National Bank,8.7,1.63,1825925.6,19.29,10.91,2.2324,0.1852,12.0551,8.62,9.26
PNB,Punjab National Bank,8.7,1.63,1825925.6,19.29,10.91,3.9336,0.3184,12.3555,8.62,9.26
PNB,Punjab National Bank,8.7,1.63,1825925.6,19.29,10.91,3.9336,0.3184,12.3555,8.62,9.26
PNB,Punjab National Bank,8.7,1.63,1825925.6,19.29,10.91,3.9336,0.3184,12.3555,8.62,9.26
PNB,Punjab National Bank,8.7,1.63,1825925.6,19.29,10.91,3.9336,0.3184,12.3555,8.62,9.26
PNB,Punjab National Bank,8.7,1.63,1825925.6,19.29,10.91,3.9336,0.3184,12.3555,8.62,9.26
PNB,Punjab National Bank,8.7,1.63,1825925.6,19.29,10.91,8.123,0.6558,12.3867,8.62,9.26
PNB,Punjab National Bank,8.7,1.63,1825925.6,19.29,10.91,8.123,0.6558,12.3867,8.62,9.26
PNB,Punjab National Bank,8.7,1.63,1825925.6,19.29,10.91,8.123,0.6558,12.3867,8.62,9.26
PNB,Punjab National Bank,8.7,1.63,1825925.6,19.29,10.91,8.123,0.6558,12.3867,8.62,9.26
PNB,Punjab National Bank,8.7,1.63,1825925.6,19.29,10.91,8.123,0.6558,12.3867,8.62,9.26
PNB,Punjab National Bank,8.7,1.63,2086779.73,20.74,8.38,-1.8437,-0.1922,9.5932,8.62,9.26
PNB,Punjab National Bank,8.7,1.63,2086779.73,20.74,8.38,-1.8437,-0.1922,9.5932,8.62,9.26
PNB,Punjab National Bank,8.7,1.63,2086779.73,20.74,8.38,-1.8437,-0.1922,9.5932,8.62,9.26
PNB,Punjab National Bank,8.7,1.63,2086779.73,20.74,8.38,-1.8437,-0.1922,9.5932,8.62,9.26
PNB,Punjab National Bank,8.7,1.63,2086779.73,20.74,8.38,-1.8437,-0.1922,9.5932,8.62,9.26
PNB,Punjab National Bank,8.7,1.63,2086779.73,20.74,8.38,-1.6356,-0.1183,13.8262,8.62,9.26
PNB,Punjab National Bank,8.7,1.63,2086779.73,20.74,8.38,-1.6356,-0.1183,13.8262,8.62,9.26
PNB,Punjab National Bank,8.7,1.63,2086779.73,20.74,8.38,-1.6356,-0.1183,13.8262,8.62,9.26
PNB,Punjab National Bank,8.7,1.63,2086779.73,20.74,8.38,-1.6356,-0.1183,13.8262,8.62,9.26
PNB,Punjab National Bank,8.7,1.63,2086779.73,20.74,8.38,-1.6356,-0.1183,13.8262,8.62,9.26
PNB,Punjab National Bank,8.7,1.63,2086779.73,20.74,8.38,-1.2845,-0.114,11.2643,8.62,9.26
PNB,Punjab National Bank,8.7,1.63,2086779.73,20.74,8.38,-1.2845,-0.114,11.2643,8.62,9.26
PNB,Punjab National Bank,8.7,1.63,2086779.73,20.74,8.38,-1.2845,-0.114,11.2643,8.62,9.26
PNB,Punjab National Bank,8.7,1.63,2086779.73,20.74,8.38,-1.2845,-0.114,11.2643,8.62,9.26
PNB,Punjab National Bank,8.7,1.63,2086779.73,20.74,8.38,-1.2845,-0.114,11.2643,8.62,9.26
PNB,Punjab National Bank,8.7,1.63,2086779.73,20.74,8.38,0.061,0.0061,9.925,8.62,9.26
PNB,Punjab National Bank,8.7,1.63,2086779.73,20.74,8.38,0.061,0.0061,9.925,8.62,9.26
PNB,Punjab National Bank,8.7,1.63,2086779.73,20.74,8.38,0.061,0.0061,9.925,8.62,9.26
PNB,Punjab National Bank,8.7,1.63,2086779.73,20.74,8.38,0.061,0.0061,9.925,8.62,9.26
PNB,Punjab National Bank,8.7,1.63,2086779.73,20.74,8.38,0.061,0.0061,9.925,8.62,9.26
PNB,Punjab National Bank,8.7,1.63,2086779.73,20.74,8.38,0.2221,0.0288,7.7017,8.62,9.26
PNB,Punjab National Bank,8.7,1.63,2086779.73,20.74,8.38,0.2221,0.0288,7.7017,8.62,9.26
PNB,Punjab National Bank,8.7,1.63,2086779.73,20.74,8.38,0.2221,0.0288,7.7017,8.62,9.26
PNB,Punjab National Bank,8.7,1.63,2086779.73,20.74,8.38,0.2221,0.0288,7.7017,8.62,9.26
PNB,Punjab National Bank,8.7,1.63,2086779.73,20.74,8.38,0.2221,0.0288,7.7017,8.62,9.26
PNB,Punjab National Bank,8.7,1.63,2086779.73,20.74,8.38,0.3039,0.0378,8.0448,8.62,9.26
PNB,Punjab National Bank,8.7,1.63,2086779.73,20.74,8.38,0.3039,0.0378,8.0448,8.62,9.26
PNB,Punjab National Bank,8.7,1.63,2086779.73,20.74,8.38,0.3039,0.0378,8.0448,8.62,9.26
PNB,Punjab National Bank,8.7,1.63,2086779.73,20.74,8.38,0.3039,0.0378,8.0448,8.62,9.26
PNB,Punjab National Bank,8.7,1.63,2086779.73,20.74,8.38,0.3039,0.0378,8.0448,8.62,9.26
PNB,Punjab National Bank,8.7,1.63,2086779.73,20.74,8.38,0.3067,0.0503,6.0992,8.62,9.26
PNB,Punjab National Bank,8.7,1.63,2086779.73,20.74,8.38,0.3067,0.0503,6.0992,8.62,9.26
PNB,Punjab National Bank,8.7,1.63,2086779.73,20.74,8.38,0.3067,0.0503,6.0992,8.62,9.26
PNB,Punjab National Bank,8.7,1.63,2086779.73,20.74,8.38,0.3067,0.0503,6.0992,8.62,9.26
PNB,Punjab National Bank,8.7,1.63,2086779.73,20.74,8.38,0.3067,0.0503,6.0992,8.62,9.26
PNB,Punjab National Bank,8.7,1.63,2086779.73,20.74,8.38,0.3987,0.0595,6.6982,8.62,9.26
PNB,Punjab National Bank,8.7,1.63,2086779.73,20.74,8.38,0.3987,0.0595,6.6982,8.62,9.26
PNB,Punjab National Bank,8.7,1.63,2086779.73,20.74,8.38,0.3987,0.0595,6.6982,8.62,9.26
PNB,Punjab National Bank,8.7,1.63,2086779.73,20.74,8.38,0.3987,0.0595,6.6982,8.62,9.26
PNB,Punjab National Bank,8.7,1.63,2086779.73,20.74,8.38,0.3987,0.0595,6.6982,8.62,9.26
PNB,Punjab National Bank,8.7,1.63,2086779.73,20.74,8.38,0.6132,0.1265,4.8464,8.62,9.26
PNB,Punjab National Bank,8.7,1.63,2086779.73,20.74,8.38,0.6132,0.1265,4.8464,8.62,9.26
PNB,Punjab National Bank,8.7,1.63,2086779.73,20.74,8.38,0.6132,0.1265,4.8464,8.62,9.26
PNB,Punjab National Bank,8.7,1.63,2086779.73,20.74,8.38,0.6132,0.1265,4.8464,8.62,9.26
PNB,Punjab National Bank,8.7,1.63,2086779.73,20.74,8.38,0.6132,0.1265,4.8464,8.62,9.26
PNB,Punjab National Bank,8.7,1.63,2086779.73,20.74,8.38,2.2324,0.1852,12.0551,8.62,9.26
PNB,Punjab National Bank,8.7,1.63,2086779.73,20.74,8.38,2.2324,0.1852,12.0551,8.62,9.26
PNB,Punjab National Bank,8.7,1.63,2086779.73,20.74,8.38,2.2324,0.1852,12.0551,8.62,9.26
PNB,Punjab National Bank,8.7,1.63,2086779.73,20.74,8.38,2.2324,0.1852,12.0551,8.62,9.26
PNB,Punjab National Bank,8.7,1.63,2086779.73,20.74,8.38,2.2324,0.1852,12.0551,8.62,9.26
PNB,Punjab National Bank,8.7,1.63,2086779.73,20.74,8.38,3.9336,0.3184,12.3555,8.62,9.26
PNB,Punjab National Bank,8.7,1.63,2086779.73,20.74,8.38,3.9336,0.3184,12.3555,8.62,9.26
PNB,Punjab National Bank,8.7,1.63,2086779.73,20.74,8.38,3.9336,0.3184,12.3555,8.62,9.26
PNB,Punjab National Bank,8.7,1.63,2086779.73,20.74,8.38,3.9336,0.3184,12.3555,8.62,9.26
PNB,Punjab National Bank,8.7,1.63,2086779.73,20.74,8.38,3.9336,0.3184,12.3555,8.62,9.26
PNB,Punjab National Bank,8.7,1.63,2086779.73,20.74,8.38,8.123,0.6558,12.3867,8.62,9.26
PNB,Punjab National Bank,8.7,1.63,2086779.73,20.74,8.38,8.123,0.6558,12.3867,8.62,9.26
PNB,Punjab National Bank,8.7,1.63,2086779.73,20.74,8.38,8.123,0.6558,12.3867,8.62,9.26
PNB,Punjab National Bank,8.7,1.63,2086779.73,20.74,8.38,8.123,0.6558,12.3867,8.62,9.26
PNB,Punjab National Bank,8.7,1.63,2086779.73,20.74,8.38,8.123,0.6558,12.3867,8.62,9.26
PNB,Punjab National Bank,8.7,1.63,2107018.91,21.47,10.12,-1.8437,-0.1922,9.5932,8.62,9.26
PNB,Punjab National Bank,8.7,1.63,2107018.91,21.47,10.12,-1.8437,-0.1922,9.5932,8.62,9.26
PNB,Punjab National Bank,8.7,1.63,2107018.91,21.47,10.12,-1.8437,-0.1922,9.5932,8.62,9.26
PNB,Punjab National Bank,8.7,1.63,2107018.91,21.47,10.12,-1.8437,-0.1922,9.5932,8.62,9.26
PNB,Punjab National Bank,8.7,1.63,2107018.91,21.47,10.12,-1.8437,-0.1922,9.5932,8.62,9.26
PNB,Punjab National Bank,8.7,1.63,2107018.91,21.47,10.12,-1.6356,-0.1183,13.8262,8.62,9.26
PNB,Punjab National Bank,8.7,1.63,2107018.91,21.47,10.12,-1.6356,-0.1183,13.8262,8.62,9.26
PNB,Punjab National Bank,8.7,1.63,2107018.91,21.47,10.12,-1.6356,-0.1183,13.8262,8.62,9.26
PNB,Punjab National Bank,8.7,1.63,2107018.91,21.47,10.12,-1.6356,-0.1183,13.8262,8.62,9.26
PNB,Punjab National Bank,8.7,1.63,2107018.91,21.47,10.12,-1.6356,-0.1183,13.8262,8.62,9.26
PNB,Punjab National Bank,8.7,1.63,2107018.91,21.47,10.12,-1.2845,-0.114,11.2643,8.62,9.26
PNB,Punjab National Bank,8.7,1.63,2107018.91,21.47,10.12,-1.2845,-0.114,11.2643,8.62,9.26
PNB,Punjab National Bank,8.7,1.63,2107018.91,21.47,10.12,-1.2845,-0.114,11.2643,8.62,9.26
PNB,Punjab National Bank,8.7,1.63,2107018.91,21.47,10.12,-1.2845,-0.114,11.2643,8.62,9.26
PNB,Punjab National Bank,8.7,1.63,2107018.91,21.47,10.12,-1.2845,-0.114,11.2643,8.62,9.26
PNB,Punjab National Bank,8.7,1.63,2107018.91,21.47,10.12,0.061,0.0061,9.925,8.62,9.26
PNB,Punjab National Bank,8.7,1.63,2107018.91,21.47,10.12,0.061,0.0061,9.925,8.62,9.26
PNB,Punjab National Bank,8.7,1.63,2107018.91,21.47,10.12,0.061,0.0061,9.925,8.62,9.26
PNB,Punjab National Bank,8.7,1.63,2107018.91,21.47,10.12,0.061,0.0061,9.925,8.62,9.26
PNB,Punjab National Bank,8.7,1.63,2107018.91,21.47,10.12,0.061,0.0061,9.925,8.62,9.26
PNB,Punjab National Bank,8.7,1.63,2107018.91,21.47,10.12,0.2221,0.0288,7.7017,8.62,9.26
PNB,Punjab National Bank,8.7,1.63,2107018.91,21.47,10.12,0.2221,0.0288,7.7017,8.62,9.26
PNB,Punjab National Bank,8.7,1.63,2107018.91,21.47,10.12,0.2221,0.0288,7.7017,8.62,9.26
PNB,Punjab National Bank,8.7,1.63,2107018.91,21.47,10.12,0.2221,0.0288,7.7017,8.62,9.26
PNB,Punjab National Bank,8.7,1.63,2107018.91,21.47,10.12,0.2221,0.0288,7.7017,8.62,9.26
PNB,Punjab National Bank,8.7,1.63,2107018.91,21.47,10.12,0.3039,0.0378,8.0448,8.62,9.26
PNB,Punjab National Bank,8.7,1.63,2107018.91,21.47,10.12,0.3039,0.0378,8.0448,8.62,9.26
PNB,Punjab National Bank,8.7,1.63,2107018.91,21.47,10.12,0.3039,0.0378,8.0448,8.62,9.26
PNB,Punjab National Bank,8.7,1.63,2107018.91,21.47,10.12,0.3039,0.0378,8.0448,8.62,9.26
PNB,Punjab National Bank,8.7,1.63,2107018.91,21.47,10.12,0.3039,0.0378,8.0448,8.62,9.26
PNB,Punjab National Bank,8.7,1.63,2107018.91,21.47,10.12,0.3067,0.0503,6.0992,8.62,9.26
PNB,Punjab National Bank,8.7,1.63,2107018.91,21.47,10.12,0.3067,0.0503,6.0992,8.62,9.26
PNB,Punjab National Bank,8.7,1.63,2107018.91,21.47,10.12,0.3067,0.0503,6.0992,8.62,9.26
PNB,Punjab National Bank,8.7,1.63,2107018.91,21.47,10.12,0.3067,0.0503,6.0992,8.62,9.26
PNB,Punjab National Bank,8.7,1.63,2107018.91,21.47,10.12,0.3067,0.0503,6.0992,8.62,9.26
PNB,Punjab National Bank,8.7,1.63,2107018.91,21.47,10.12,0.3987,0.0595,6.6982,8.62,9.26
PNB,Punjab National Bank,8.7,1.63,2107018.91,21.47,10.12,0.3987,0.0595,6.6982,8.62,9.26
PNB,Punjab National Bank,8.7,1.63,2107018.91,21.47,10.12,0.3987,0.0595,6.6982,8.62,9.26
PNB,Punjab National Bank,8.7,1.63,2107018.91,21.47,10.12,0.3987,0.0595,6.6982,8.62,9.26
PNB,Punjab National Bank,8.7,1.63,2107018.91,21.47,10.12,0.3987,0.0595,6.6982,8.62,9.26
PNB,Punjab National Bank,8.7,1.63,2107018.91,21.47,10.12,0.6132,0.1265,4.8464,8.62,9.26
PNB,Punjab National Bank,8.7,1.63,2107018.91,21.47,10.12,0.6132,0.1265,4.8464,8.62,9.26
PNB,Punjab National Bank,8.7,1.63,2107018.91,21.47,10.12,0.6132,0.1265,4.8464,8.62,9.26
PNB,Punjab National Bank,8.7,1.63,2107018.91,21.47,10.12,0.6132,0.1265,4.8464,8.62,9.26
PNB,Punjab National Bank,8.7,1.63,2107018.91,21.47,10.12,0.6132,0.1265,4.8464,8.62,9.26
PNB,Punjab National Bank,8.7,1.63,2107018.91,21.47,10.12,2.2324,0.1852,12.0551,8.62,9.26
PNB,Punjab National Bank,8.7,1.63,2107018.91,21.47,10.12,2.2324,0.1852,12.0551,8.62,9.26
PNB,Punjab National Bank,8.7,1.63,2107018.91,21.47,10.12,2.2324,0.1852,12.0551,8.62,9.26
PNB,Punjab National Bank,8.7,1.63,2107018.91,21.47,10.12,2.2324,0.1852,12.0551,8.62,9.26
PNB,Punjab National Bank,8.7,1.63,2107018.91,21.47,10.12,2.2324,0.1852,12.0551,8.62,9.26
PNB,Punjab National Bank,8.7,1.63,2107018.91,21.47,10.12,3.9336,0.3184,12.3555,8.62,9.26
PNB,Punjab National Bank,8.7,1.63,2107018.91,21.47,10.12,3.9336,0.3184,12.3555,8.62,9.26
PNB,Punjab National Bank,8.7,1.63,2107018.91,21.47,10.12,3.9336,0.3184,12.3555,8.62,9.26
PNB,Punjab National Bank,8.7,1.63,2107018.91,21.47,10.12,3.9336,0.3184,12.3555,8.62,9.26
PNB,Punjab National Bank,8.7,1.63,2107018.91,21.47,10.12,3.9336,0.3184,12.3555,8.62,9.26
PNB,Punjab National Bank,8.7,1.63,2107018.91,21.47,10.12,8.123,0.6558,12.3867,8.62,9.26
PNB,Punjab National Bank,8.7,1.63,2107018.91,21.47,10.12,8.123,0.6558,12.3867,8.62,9.26
PNB,Punjab National Bank,8.7,1.63,2107018.91,21.47,10.12,8.123,0.6558,12.3867,8.62,9.26
PNB,Punjab National Bank,8.7,1.63,2107018.91,21.47,10.12,8.123,0.6558,12.3867,8.62,9.26
PNB,Punjab National Bank,8.7,1.63,2107018.91,21.47,10.12,8.123,0.6558,12.3867,8.62,9.26
POWERGRID,Power Grid Corporation of India Ltd,19.0,13.2,253564.15,70.85,7.24,0.1311,0.0321,4.0775,11.01,11.37
POWERGRID,Power Grid Corporation of India Ltd,19.0,13.2,253564.15,70.85,7.24,0.1311,0.0321,4.0775,11.01,11.37
POWERGRID,Power Grid Corporation of India Ltd,19.0,13.2,253564.15,70.85,7.24,0.1313,0.0314,4.1828,11.01,11.37
POWERGRID,Power Grid Corporation of India Ltd,19.0,13.2,253564.15,70.85,7.24,0.1313,0.0314,4.1828,11.01,11.37
POWERGRID,Power Grid Corporation of India Ltd,19.0,13.2,253564.15,70.85,7.24,0.1355,0.0332,4.0781,11.01,11.37
POWERGRID,Power Grid Corporation of India Ltd,19.0,13.2,253564.15,70.85,7.24,0.1355,0.0332,4.0781,11.01,11.37
POWERGRID,Power Grid Corporation of India Ltd,19.0,13.2,253564.15,70.85,7.24,0.1494,0.0381,3.9238,11.01,11.37
POWERGRID,Power Grid Corporation of India Ltd,19.0,13.2,253564.15,70.85,7.24,0.1494,0.0381,3.9238,11.01,11.37
POWERGRID,Power Grid Corporation of India Ltd,19.0,13.2,253564.15,70.85,7.24,0.1507,0.0364,4.1406,11.01,11.37
POWERGRID,Power Grid Corporation of India Ltd,19.0,13.2,253564.15,70.85,7.24,0.1507,0.0364,4.1406,11.01,11.37
POWERGRID,Power Grid Corporation of India Ltd,19.0,13.2,253564.15,70.85,7.24,0.1634,0.038,4.2944,11.01,11.37
POWERGRID,Power Grid Corporation of India Ltd,19.0,13.2,253564.15,70.85,7.24,0.1634,0.038,4.2944,11.01,11.37
POWERGRID,Power Grid Corporation of India Ltd,19.0,13.2,253564.15,70.85,7.24,0.1698,0.0406,4.1866,11.01,11.37
POWERGRID,Power Grid Corporation of India Ltd,19.0,13.2,253564.15,70.85,7.24,0.1698,0.0406,4.1866,11.01,11.37
POWERGRID,Power Grid Corporation of India Ltd,19.0,13.2,253564.15,70.85,7.24,0.1709,0.0431,3.9673,11.01,11.37
POWERGRID,Power Grid Corporation of India Ltd,19.0,13.2,253564.15,70.85,7.24,0.1709,0.0431,3.9673,11.01,11.37
POWERGRID,Power Grid Corporation of India Ltd,19.0,13.2,253564.15,70.85,7.24,0.1721,0.0471,3.6563,11.01,11.37
POWERGRID,Power Grid Corporation of India Ltd,19.0,13.2,253564.15,70.85,7.24,0.1721,0.0471,3.6563,11.01,11.37
POWERGRID,Power Grid Corporation of India Ltd,19.0,13.2,253564.15,70.85,7.24,0.1787,0.0621,2.8783,11.01,11.37
POWERGRID,Power Grid Corporation of India Ltd,19.0,13.2,253564.15,70.85,7.24,0.1787,0.0621,2.8783,11.01,11.37
POWERGRID,Power Grid Corporation of India Ltd,19.0,13.2,253564.15,70.85,7.24,0.1857,0.0611,3.0379,11.01,11.37
POWERGRID,Power Grid Corporation of India Ltd,19.0,13.2,253564.15,70.85,7.24,0.1857,0.0611,3.0379,11.01,11.37
POWERGRID,Power Grid Corporation of India Ltd,19.0,13.2,253564.15,70.85,7.24,0.2207,0.067,3.2913,11.01,11.37
POWERGRID,Power Grid Corporation of India Ltd,19.0,13.2,253564.15,70.85,7.24,0.2207,0.067,3.2913,11.01,11.37
POWERGRID,Power Grid Corporation of India Ltd,19.0,13.2,270631.91,65.69,3.16,0.1311,0.0321,4.0775,11.01,11.37
POWERGRID,Power Grid Corporation of India Ltd,19.0,13.2,270631.91,65.69,3.16,0.1311,0.0321,4.0775,11.01,11.37
POWERGRID,Power Grid Corporation of India Ltd,19.0,13.2,270631.91,65.69,3.16,0.1313,0.0314,4.1828,11.01,11.37
POWERGRID,Power Grid Corporation of India Ltd,19.0,13.2,270631.91,65.69,3.16,0.1313,0.0314,4.1828,11.01,11.37
POWERGRID,Power Grid Corporation of India Ltd,19.0,13.2,270631.91,65.69,3.16,0.1355,0.0332,4.0781,11.01,11.37
POWERGRID,Power Grid Corporation of India Ltd,19.0,13.2,270631.91,65.69,3.16,0.1355,0.0332,4.0781,11.01,11.37
POWERGRID,Power Grid Corporation of India Ltd,19.0,13.2,270631.91,65.69,3.16,0.1494,0.0381,3.9238,11.01,11.37
POWERGRID,Power Grid Corporation of India Ltd,19.0,13.2,270631.91,65.69,3.16,0.1494,0.0381,3.9238,11.01,11.37
POWERGRID,Power Grid Corporation of India Ltd,19.0,13.2,270631.91,65.69,3.16,0.1507,0.0364,4.1406,11.01,11.37
POWERGRID,Power Grid Corporation of India Ltd,19.0,13.2,270631.91,65.69,3.16,0.1507,0.0364,4.1406,11.01,11.37
POWERGRID,Power Grid Corporation of India Ltd,19.0,13.2,270631.91,65.69,3.16,0.1634,0.038,4.2944,11.01,11.37
POWERGRID,Power Grid Corporation of India Ltd,19.0,13.2,270631.91,65.69,3.16,0.1634,0.038,4.2944,11.01,11.37
POWERGRID,Power Grid Corporation of India Ltd,19.0,13.2,270631.91,65.69,3.16,0.1698,0.0406,4.1866,11.01,11.37
POWERGRID,Power Grid Corporation of India Ltd,19.0,13.2,270631.91,65.69,3.16,0.1698,0.0406,4.1866,11.01,11.37
POWERGRID,Power Grid Corporation of India Ltd,19.0,13.2,270631.91,65.69,3.16,0.1709,0.0431,3.9673,11.01,11.37
POWERGRID,Power Grid Corporation of India Ltd,19.0,13.2,270631.91,65.69,3.16,0.1709,0.0431,3.9673,11.01,11.37
POWERGRID,Power Grid Corporation of India Ltd,19.0,13.2,270631.91,65.69,3.16,0.1721,0.0471,3.6563,11.01,11.37
POWERGRID,Power Grid Corporation of India Ltd,19.0,13.2,270631.91,65.69,3.16,0.1721,0.0471,3.6563,11.01,11.37
POWERGRID,Power Grid Corporation of India Ltd,19.0,13.2,270631.91,65.69,3.16,0.1787,0.0621,2.8783,11.01,11.37
POWERGRID,Power Grid Corporation of India Ltd,19.0,13.2,270631.91,65.69,3.16,0.1787,0.0621,2.8783,11.01,11.37
POWERGRID,Power Grid Corporation of India Ltd,19.0,13.2,270631.91,65.69,3.16,0.1857,0.0611,3.0379,11.01,11.37
POWERGRID,Power Grid Corporation of India Ltd,19.0,13.2,270631.91,65.69,3.16,0.1857,0.0611,3.0379,11.01,11.37
POWERGRID,Power Grid Corporation of India Ltd,19.0,13.2,270631.91,65.69,3.16,0.2207,0.067,3.2913,11.01,11.37
POWERGRID,Power Grid Corporation of India Ltd,19.0,13.2,270631.91,65.69,3.16,0.2207,0.067,3.2913,11.01,11.37
POWERGRID,Power Grid Corporation of India Ltd,19.0,13.2,277274.49,37.33,5.79,0.1311,0.0321,4.0775,11.01,11.37
POWERGRID,Power Grid Corporation of India Ltd,19.0,13.2,277274.49,37.33,5.79,0.1311,0.0321,4.0775,11.01,11.37
POWERGRID,Power Grid Corporation of India Ltd,19.0,13.2,277274.49,37.33,5.79,0.1313,0.0314,4.1828,11.01,11.37
POWERGRID,Power Grid Corporation of India Ltd,19.0,13.2,277274.49,37.33,5.79,0.1313,0.0314,4.1828,11.01,11.37
POWERGRID,Power Grid Corporation of India Ltd,19.0,13.2,277274.49,37.33,5.79,0.1355,0.0332,4.0781,11.01,11.37
POWERGRID,Power Grid Corporation of India Ltd,19.0,13.2,277274.49,37.33,5.79,0.1355,0.0332,4.0781,11.01,11.37
POWERGRID,Power Grid Corporation of India Ltd,19.0,13.2,277274.49,37.33,5.79,0.1494,0.0381,3.9238,11.01,11.37
POWERGRID,Power Grid Corporation of India Ltd,19.0,13.2,277274.49,37.33,5.79,0.1494,0.0381,3.9238,11.01,11.37
POWERGRID,Power Grid Corporation of India Ltd,19.0,13.2,277274.49,37.33,5.79,0.1507,0.0364,4.1406,11.01,11.37
POWERGRID,Power Grid Corporation of India Ltd,19.0,13.2,277274.49,37.33,5.79,0.1507,0.0364,4.1406,11.01,11.37
POWERGRID,Power Grid Corporation of India Ltd,19.0,13.2,277274.49,37.33,5.79,0.1634,0.038,4.2944,11.01,11.37
POWERGRID,Power Grid Corporation of India Ltd,19.0,13.2,277274.49,37.33,5.79,0.1634,0.038,4.2944,11.01,11.37
POWERGRID,Power Grid Corporation of India Ltd,19.0,13.2,277274.49,37.33,5.79,0.1698,0.0406,4.1866,11.01,11.37
POWERGRID,Power Grid Corporation of India Ltd,19.0,13.2,277274.49,37.33,5.79,0.1698,0.0406,4.1866,11.01,11.37
POWERGRID,Power Grid Corporation of India Ltd,19.0,13.2,277274.49,37.33,5.79,0.1709,0.0431,3.9673,11.01,11.37
POWERGRID,Power Grid Corporation of India Ltd,19.0,13.2,277274.49,37.33,5.79,0.1709,0.0431,3.9673,11.01,11.37
POWERGRID,Power Grid Corporation of India Ltd,19.0,13.2,277274.49,37.33,5.79,0.1721,0.0471,3.6563,11.01,11.37
POWERGRID,Power Grid Corporation of India Ltd,19.0,13.2,277274.49,37.33,5.79,0.1721,0.0471,3.6563,11.01,11.37
POWERGRID,Power Grid Corporation of India Ltd,19.0,13.2,277274.49,37.33,5.79,0.1787,0.0621,2.8783,11.01,11.37
POWERGRID,Power Grid Corporation of India Ltd,19.0,13.2,277274.49,37.33,5.79,0.1787,0.0621,2.8783,11.01,11.37
POWERGRID,Power Grid Corporation of India Ltd,19.0,13.2,277274.49,37.33,5.79,0.1857,0.0611,3.0379,11.01,11.37
POWERGRID,Power Grid Corporation of India Ltd,19.0,13.2,277274.49,37.33,5.79,0.1857,0.0611,3.0379,11.01,11.37
POWERGRID,Power Grid Corporation of India Ltd,19.0,13.2,277274.49,37.33,5.79,0.2207,0.067,3.2913,11.01,11.37
POWERGRID,Power Grid Corporation of India Ltd,19.0,13.2,277274.49,37.33,5.79,0.2207,0.067,3.2913,11.01,11.37
POWERGRID,Power Grid Corporation of India Ltd,19.0,13.2,300348.19,30.87,8.89,0.1311,0.0321,4.0775,11.01,11.37
POWERGRID,Power Grid Corporation of India Ltd,19.0,13.2,300348.19,30.87,8.89,0.1311,0.0321,4.0775,11.01,11.37
POWERGRID,Power Grid Corporation of India Ltd,19.0,13.2,300348.19,30.87,8.89,0.1313,0.0314,4.1828,11.01,11.37
POWERGRID,Power Grid Corporation of India Ltd,19.0,13.2,300348.19,30.87,8.89,0.1313,0.0314,4.1828,11.01,11.37
POWERGRID,Power Grid Corporation of India Ltd,19.0,13.2,300348.19,30.87,8.89,0.1355,0.0332,4.0781,11.01,11.37
POWERGRID,Power Grid Corporation of India Ltd,19.0,13.2,300348.19,30.87,8.89,0.1355,0.0332,4.0781,11.01,11.37
POWERGRID,Power Grid Corporation of India Ltd,19.0,13.2,300348.19,30.87,8.89,0.1494,0.0381,3.9238,11.01,11.37
POWERGRID,Power Grid Corporation of India Ltd,19.0,13.2,300348.19,30.87,8.89,0.1494,0.0381,3.9238,11.01,11.37
POWERGRID,Power Grid Corporation of India Ltd,19.0,13.2,300348.19,30.87,8.89,0.1507,0.0364,4.1406,11.01,11.37
POWERGRID,Power Grid Corporation of India Ltd,19.0,13.2,300348.19,30.87,8.89,0.1507,0.0364,4.1406,11.01,11.37
POWERGRID,Power Grid Corporation of India Ltd,19.0,13.2,300348.19,30.87,8.89,0.1634,0.038,4.2944,11.01,11.37
POWERGRID,Power Grid Corporation of India Ltd,19.0,13.2,300348.19,30.87,8.89,0.1634,0.038,4.2944,11.01,11.37
POWERGRID,Power Grid Corporation of India Ltd,19.0,13.2,300348.19,30.87,8.89,0.1698,0.0406,4.1866,11.01,11.37
POWERGRID,Power Grid Corporation of India Ltd,19.0,13.2,300348.19,30.87,8.89,0.1698,0.0406,4.1866,11.01,11.37
POWERGRID,Power Grid Corporation of India Ltd,19.0,13.2,300348.19,30.87,8.89,0.1709,0.0431,3.9673,11.01,11.37
POWERGRID,Power Grid Corporation of India Ltd,19.0,13.2,300348.19,30.87,8.89,0.1709,0.0431,3.9673,11.01,11.37
POWERGRID,Power Grid Corporation of India Ltd,19.0,13.2,300348.19,30.87,8.89,0.1721,0.0471,3.6563,11.01,11.37
POWERGRID,Power Grid Corporation of India Ltd,19.0,13.2,300348.19,30.87,8.89,0.1721,0.0471,3.6563,11.01,11.37
POWERGRID,Power Grid Corporation of India Ltd,19.0,13.2,300348.19,30.87,8.89,0.1787,0.0621,2.8783,11.01,11.37
POWERGRID,Power Grid Corporation of India Ltd,19.0,13.2,300348.19,30.87,8.89,0.1787,0.0621,2.8783,11.01,11.37
POWERGRID,Power Grid Corporation of India Ltd,19.0,13.2,300348.19,30.87,8.89,0.1857,0.0611,3.0379,11.01,11.37
POWERGRID,Power Grid Corporation of India Ltd,19.0,13.2,300348.19,30.87,8.89,0.1857,0.0611,3.0379,11.01,11.37
POWERGRID,Power Grid Corporation of India Ltd,19.0,13.2,300348.19,30.87,8.89,0.2207,0.067,3.2913,11.01,11.37
POWERGRID,Power Grid Corporation of India Ltd,19.0,13.2,300348.19,30.87,8.89,0.2207,0.067,3.2913,11.01,11.37
POWERGRID,Power Grid Corporation of India Ltd,19.0,13.2,300792.57,31.09,12.44,0.1311,0.0321,4.0775,11.01,11.37
POWERGRID,Power Grid Corporation of India Ltd,19.0,13.2,300792.57,31.09,12.44,0.1311,0.0321,4.0775,11.01,11.37
POWERGRID,Power Grid Corporation of India Ltd,19.0,13.2,300792.57,31.09,12.44,0.1313,0.0314,4.1828,11.01,11.37
POWERGRID,Power Grid Corporation of India Ltd,19.0,13.2,300792.57,31.09,12.44,0.1313,0.0314,4.1828,11.01,11.37
POWERGRID,Power Grid Corporation of India Ltd,19.0,13.2,300792.57,31.09,12.44,0.1355,0.0332,4.0781,11.01,11.37
POWERGRID,Power Grid Corporation of India Ltd,19.0,13.2,300792.57,31.09,12.44,0.1355,0.0332,4.0781,11.01,11.37
POWERGRID,Power Grid Corporation of India Ltd,19.0,13.2,300792.57,31.09,12.44,0.1494,0.0381,3.9238,11.01,11.37
POWERGRID,Power Grid Corporation of India Ltd,19.0,13.2,300792.57,31.09,12.44,0.1494,0.0381,3.9238,11.01,11.37
POWERGRID,Power Grid Corporation of India Ltd,19.0,13.2,300792.57,31.09,12.44,0.1507,0.0364,4.1406,11.01,11.37
POWERGRID,Power Grid Corporation of India Ltd,19.0,13.2,300792.57,31.09,12.44,0.1507,0.0364,4.1406,11.01,11.37
POWERGRID,Power Grid Corporation of India Ltd,19.0,13.2,300792.57,31.09,12.44,0.1634,0.038,4.2944,11.01,11.37
POWERGRID,Power Grid Corporation of India Ltd,19.0,13.2,300792.57,31.09,12.44,0.1634,0.038,4.2944,11.01,11.37
POWERGRID,Power Grid Corporation of India Ltd,19.0,13.2,300792.57,31.09,12.44,0.1698,0.0406,4.1866,11.01,11.37
POWERGRID,Power Grid Corporation of India Ltd,19.0,13.2,300792.57,31.09,12.44,0.1698,0.0406,4.1866,11.01,11.37
POWERGRID,Power Grid Corporation of India Ltd,19.0,13.2,300792.57,31.09,12.44,0.1709,0.0431,3.9673,11.01,11.37
POWERGRID,Power Grid Corporation of India Ltd,19.0,13.2,300792.57,31.09,12.44,0.1709,0.0431,3.9673,11.01,11.37
POWERGRID,Power Grid Corporation of India Ltd,19.0,13.2,300792.57,31.09,12.44,0.1721,0.0471,3.6563,11.01,11.37
POWERGRID,Power Grid Corporation of India Ltd,19.0,13.2,300792.57,31.09,12.44,0.1721,0.0471,3.6563,11.01,11.37
POWERGRID,Power Grid Corporation of India Ltd,19.0,13.2,300792.57,31.09,12.44,0.1787,0.0621,2.8783,11.01,11.37
POWERGRID,Power Grid Corporation of India Ltd,19.0,13.2,300792.57,31.09,12.44,0.1787,0.0621,2.8783,11.01,11.37
POWERGRID,Power Grid Corporation of India Ltd,19.0,13.2,300792.57,31.09,12.44,0.1857,0.0611,3.0379,11.01,11.37
POWERGRID,Power Grid Corporation of India Ltd,19.0,13.2,300792.57,31.09,12.44,0.1857,0.0611,3.0379,11.01,11.37
POWERGRID,Power Grid Corporation of India Ltd,19.0,13.2,300792.57,31.09,12.44,0.2207,0.067,3.2913,11.01,11.37
POWERGRID,Power Grid Corporation of India Ltd,19.0,13.2,300792.57,31.09,12.44,0.2207,0.067,3.2913,11.01,11.37
POWERGRID,Power Grid Corporation of India Ltd,19.0,13.2,372584.24,64.39,5.1,0.1311,0.0321,4.0775,11.01,11.37
POWERGRID,Power Grid Corporation of India Ltd,19.0,13.2,372584.24,64.39,5.1,0.1311,0.0321,4.0775,11.01,11.37
POWERGRID,Power Grid Corporation of India Ltd,19.0,13.2,372584.24,64.39,5.1,0.1313,0.0314,4.1828,11.01,11.37
POWERGRID,Power Grid Corporation of India Ltd,19.0,13.2,372584.24,64.39,5.1,0.1313,0.0314,4.1828,11.01,11.37
POWERGRID,Power Grid Corporation of India Ltd,19.0,13.2,372584.24,64.39,5.1,0.1355,0.0332,4.0781,11.01,11.37
POWERGRID,Power Grid Corporation of India Ltd,19.0,13.2,372584.24,64.39,5.1,0.1355,0.0332,4.0781,11.01,11.37
POWERGRID,Power Grid Corporation of India Ltd,19.0,13.2,372584.24,64.39,5.1,0.1494,0.0381,3.9238,11.01,11.37
POWERGRID,Power Grid Corporation of India Ltd,19.0,13.2,372584.24,64.39,5.1,0.1494,0.0381,3.9238,11.01,11.37
POWERGRID,Power Grid Corporation of India Ltd,19.0,13.2,372584.24,64.39,5.1,0.1507,0.0364,4.1406,11.01,11.37
POWERGRID,Power Grid Corporation of India Ltd,19.0,13.2,372584.24,64.39,5.1,0.1507,0.0364,4.1406,11.01,11.37
POWERGRID,Power Grid Corporation of India Ltd,19.0,13.2,372584.24,64.39,5.1,0.1634,0.038,4.2944,11.01,11.37
POWERGRID,Power Grid Corporation of India Ltd,19.0,13.2,372584.24,64.39,5.1,0.1634,0.038,4.2944,11.01,11.37
POWERGRID,Power Grid Corporation of India Ltd,19.0,13.2,372584.24,64.39,5.1,0.1698,0.0406,4.1866,11.01,11.37
POWERGRID,Power Grid Corporation of India Ltd,19.0,13.2,372584.24,64.39,5.1,0.1698,0.0406,4.1866,11.01,11.37
POWERGRID,Power Grid Corporation of India Ltd,19.0,13.2,372584.24,64.39,5.1,0.1709,0.0431,3.9673,11.01,11.37
POWERGRID,Power Grid Corporation of India Ltd,19.0,13.2,372584.24,64.39,5.1,0.1709,0.0431,3.9673,11.01,11.37
POWERGRID,Power Grid Corporation of India Ltd,19.0,13.2,372584.24,64.39,5.1,0.1721,0.0471,3.6563,11.01,11.37
POWERGRID,Power Grid Corporation of India Ltd,19.0,13.2,372584.24,64.39,5.1,0.1721,0.0471,3.6563,11.01,11.37
POWERGRID,Power Grid Corporation of India Ltd,19.0,13.2,372584.24,64.39,5.1,0.1787,0.0621,2.8783,11.01,11.37
POWERGRID,Power Grid Corporation of India Ltd,19.0,13.2,372584.24,64.39,5.1,0.1787,0.0621,2.8783,11.01,11.37
POWERGRID,Power Grid Corporation of India Ltd,19.0,13.2,372584.24,64.39,5.1,0.1857,0.0611,3.0379,11.01,11.37
POWERGRID,Power Grid Corporation of India Ltd,19.0,13.2,372584.24,64.39,5.1,0.1857,0.0611,3.0379,11.01,11.37
POWERGRID,Power Grid Corporation of India Ltd,19.0,13.2,372584.24,64.39,5.1,0.2207,0.067,3.2913,11.01,11.37
POWERGRID,Power Grid Corporation of India Ltd,19.0,13.2,372584.24,64.39,5.1,0.2207,0.067,3.2913,11.01,11.37
RECLTD,REC Ltd,22.2,10.0,252889.41,55.19,7.65,0.1366,0.0184,7.4374,11.71,11.97
RECLTD,REC Ltd,22.2,10.0,252889.41,55.19,7.65,0.1405,0.0143,9.8039,11.71,11.97
RECLTD,REC Ltd,22.2,10.0,252889.41,55.19,7.65,0.1662,0.0192,8.6393,11.71,11.97
RECLTD,REC Ltd,22.2,10.0,252889.41,55.19,7.65,0.1875,0.03,6.2441,11.71,11.97
RECLTD,REC Ltd,22.2,10.0,252889.41,55.19,7.65,0.1914,0.0209,9.1597,11.71,11.97
RECLTD,REC Ltd,22.2,10.0,252889.41,55.19,7.65,0.1921,0.024,8.0093,11.71,11.97
RECLTD,REC Ltd,22.2,10.0,252889.41,55.19,7.65,0.1956,0.0244,8.0068,11.71,11.97
RECLTD,REC Ltd,22.2,10.0,252889.41,55.19,7.65,0.197,0.0275,7.1625,11.71,11.97
RECLTD,REC Ltd,22.2,10.0,252889.41,55.19,7.65,0.204,0.0258,7.9047,11.71,11.97
RECLTD,REC Ltd,22.2,10.0,252889.41,55.19,7.65,0.2131,0.0291,7.3172,11.71,11.97
RECLTD,REC Ltd,22.2,10.0,252889.41,55.19,7.65,0.2187,0.0294,7.4484,11.71,11.97
RECLTD,REC Ltd,22.2,10.0,252889.41,55.19,7.65,0.2279,0.031,7.352,11.71,11.97
RECLTD,REC Ltd,22.2,10.0,291917.42,31.49,4.59,0.1366,0.0184,7.4374,11.71,11.97
RECLTD,REC Ltd,22.2,10.0,291917.42,31.49,4.59,0.1405,0.0143,9.8039,11.71,11.97
RECLTD,REC Ltd,22.2,10.0,291917.42,31.49,4.59,0.1662,0.0192,8.6393,11.71,11.97
RECLTD,REC Ltd,22.2,10.0,291917.42,31.49,4.59,0.1875,0.03,6.2441,11.71,11.97
RECLTD,REC Ltd,22.2,10.0,291917.42,31.49,4.59,0.1914,0.0209,9.1597,11.71,11.97
RECLTD,REC Ltd,22.2,10.0,291917.42,31.49,4.59,0.1921,0.024,8.0093,11.71,11.97
RECLTD,REC Ltd,22.2,10.0,291917.42,31.49,4.59,0.1956,0.0244,8.0068,11.71,11.97
RECLTD,REC Ltd,22.2,10.0,291917.42,31.49,4.59,0.197,0.0275,7.1625,11.71,11.97
RECLTD,REC Ltd,22.2,10.0,291917.42,31.49,4.59,0.204,0.0258,7.9047,11.71,11.97
RECLTD,REC Ltd,22.2,10.0,291917.42,31.49,4.59,0.2131,0.0291,7.3172,11.71,11.97
RECLTD,REC Ltd,22.2,10.0,291917.42,31.49,4.59,0.2187,0.0294,7.4484,11.71,11.97
RECLTD,REC Ltd,22.2,10.0,291917.42,31.49,4.59,0.2279,0.031,7.352,11.71,11.97
RECLTD,REC Ltd,22.2,10.0,306600.13,16.55,4.55,0.1366,0.0184,7.4374,11.71,11.97
RECLTD,REC Ltd,22.2,10.0,306600.13,16.55,4.55,0.1405,0.0143,9.8039,11.71,11.97
RECLTD,REC Ltd,22.2,10.0,306600.13,16.55,4.55,0.1662,0.0192,8.6393,11.71,11.97
RECLTD,REC Ltd,22.2,10.0,306600.13,16.55,4.55,0.1875,0.03,6.2441,11.71,11.97
RECLTD,REC Ltd,22.2,10.0,306600.13,16.55,4.55,0.1914,0.0209,9.1597,11.71,11.97
RECLTD,REC Ltd,22.2,10.0,306600.13,16.55,4.55,0.1921,0.024,8.0093,11.71,11.97
RECLTD,REC Ltd,22.2,10.0,306600.13,16.55,4.55,0.1956,0.0244,8.0068,11.71,11.97
RECLTD,REC Ltd,22.2,10.0,306600.13,16.55,4.55,0.197,0.0275,7.1625,11.71,11.97
RECLTD,REC Ltd,22.2,10.0,306600.13,16.55,4.55,0.204,0.0258,7.9047,11.71,11.97
RECLTD,REC Ltd,22.2,10.0,306600.13,16.55,4.55,0.2131,0.0291,7.3172,11.71,11.97
RECLTD,REC Ltd,22.2,10.0,306600.13,16.55,4.55,0.2187,0.0294,7.4484,11.71,11.97
RECLTD,REC Ltd,22.2,10.0,306600.13,16.55,4.55,0.2279,0.031,7.352,11.71,11.97
RECLTD,REC Ltd,22.2,10.0,324371.96,74.2,3.44,0.1366,0.0184,7.4374,11.71,11.97
RECLTD,REC Ltd,22.2,10.0,324371.96,74.2,3.44,0.1405,0.0143,9.8039,11.71,11.97
RECLTD,REC Ltd,22.2,10.0,324371.96,74.2,3.44,0.1662,0.0192,8.6393,11.71,11.97
RECLTD,REC Ltd,22.2,10.0,324371.96,74.2,3.44,0.1875,0.03,6.2441,11.71,11.97
RECLTD,REC Ltd,22.2,10.0,324371.96,74.2,3.44,0.1914,0.0209,9.1597,11.71,11.97
RECLTD,REC Ltd,22.2,10.0,324371.96,74.2,3.44,0.1921,0.024,8.0093,11.71,11.97
RECLTD,REC Ltd,22.2,10.0,324371.96,74.2,3.44,0.1956,0.0244,8.0068,11.71,11.97
RECLTD,REC Ltd,22.2,10.0,324371.96,74.2,3.44,0.197,0.0275,7.1625,11.71,11.97
RECLTD,REC Ltd,22.2,10.0,324371.96,74.2,3.44,0.204,0.0258,7.9047,11.71,11.97
RECLTD,REC Ltd,22.2,10.0,324371.96,74.2,3.44,0.2131,0.0291,7.3172,11.71,11.97
RECLTD,REC Ltd,22.2,10.0,324371.96,74.2,3.44,0.2187,0.0294,7.4484,11.71,11.97
RECLTD,REC Ltd,22.2,10.0,324371.96,74.2,3.44,0.2279,0.031,7.352,11.71,11.97
RECLTD,REC Ltd,22.2,10.0,326394.54,30.66,6.23,0.1366,0.0184,7.4374,11.71,11.97
RECLTD,REC Ltd,22.2,10.0,326394.54,30.66,6.23,0.1405,0.0143,9.8039,11.71,11.97
RECLTD,REC Ltd,22.2,10.0,326394.54,30.66,6.23,0.1662,0.0192,8.6393,11.71,11.97
RECLTD,REC Ltd,22.2,10.0,326394.54,30.66,6.23,0.1875,0.03,6.2441,11.71,11.97
RECLTD,REC Ltd,22.2,10.0,326394.54,30.66,6.23,0.1914,0.0209,9.1597,11.71,11.97
RECLTD,REC Ltd,22.2,10.0,326394.54,30.66,6.23,0.1921,0.024,8.0093,11.71,11.97
RECLTD,REC Ltd,22.2,10.0,326394.54,30.66,6.23,0.1956,0.0244,8.0068,11.71,11.97
RECLTD,REC Ltd,22.2,10.0,326394.54,30.66,6.23,0.197,0.0275,7.1625,11.71,11.97
RECLTD,REC Ltd,22.2,10.0,326394.54,30.66,6.23,0.204,0.0258,7.9047,11.71,11.97
RECLTD,REC Ltd,22.2,10.0,326394.54,30.66,6.23,0.2131,0.0291,7.3172,11.71,11.97
RECLTD,REC Ltd,22.2,10.0,326394.54,30.66,6.23,0.2187,0.0294,7.4484,11.71,11.97
RECLTD,REC Ltd,22.2,10.0,326394.54,30.66,6.23,0.2279,0.031,7.352,11.71,11.97
RECLTD,REC Ltd,22.2,10.0,362149.73,77.79,3.64,0.1366,0.0184,7.4374,11.71,11.97
RECLTD,REC Ltd,22.2,10.0,362149.73,77.79,3.64,0.1405,0.0143,9.8039,11.71,11.97
RECLTD,REC Ltd,22.2,10.0,362149.73,77.79,3.64,0.1662,0.0192,8.6393,11.71,11.97
RECLTD,REC Ltd,22.2,10.0,362149.73,77.79,3.64,0.1875,0.03,6.2441,11.71,11.97
RECLTD,REC Ltd,22.2,10.0,362149.73,77.79,3.64,0.1914,0.0209,9.1597,11.71,11.97
RECLTD,REC Ltd,22.2,10.0,362149.73,77.79,3.64,0.1921,0.024,8.0093,11.71,11.97
RECLTD,REC Ltd,22.2,10.0,362149.73,77.79,3.64,0.1956,0.0244,8.0068,11.71,11.97
RECLTD,REC Ltd,22.2,10.0,362149.73,77.79,3.64,0.197,0.0275,7.1625,11.71,11.97
RECLTD,REC Ltd,22.2,10.0,362149.73,77.79,3.64,0.204,0.0258,7.9047,11.71,11.97
RECLTD,REC Ltd,22.2,10.0,362149.73,77.79,3.64,0.2131,0.0291,7.3172,11.71,11.97
RECLTD,REC Ltd,22.2,10.0,362149.73,77.79,3.64,0.2187,0.0294,7.4484,11.71,11.97
RECLTD,REC Ltd,22.2,10.0,362149.73,77.79,3.64,0.2279,0.031,7.352,11.71,11.97
RELIANCE,"Reliance Industries Ltd
",9.25,9.61,421125.76,34.76,7.47,0.0768,0.0407,1.8853,7.47,11.83
RELIANCE,"Reliance Industries Ltd
",9.25,9.61,421125.76,34.76,7.47,0.087,0.0453,1.9226,7.47,11.83
RELIANCE,"Reliance Industries Ltd
",9.25,9.61,421125.76,34.76,7.47,0.0888,0.0343,2.5893,7.47,11.83
RELIANCE,"Reliance Industries Ltd
",9.25,9.61,421125.76,34.76,7.47,0.0996,0.045,2.2118,7.47,11.83
RELIANCE,"Reliance Industries Ltd
",9.25,9.61,421125.76,34.76,7.47,0.1029,0.0399,2.5771,7.47,11.83
RELIANCE,"Reliance Industries Ltd
",9.25,9.61,421125.76,34.76,7.47,0.1035,0.0461,2.2433,7.47,11.83
RELIANCE,"Reliance Industries Ltd
",9.25,9.61,421125.76,34.76,7.47,0.1082,0.0469,2.3089,7.47,11.83
RELIANCE,"Reliance Industries Ltd
",9.25,9.61,421125.76,34.76,7.47,0.1131,0.0422,2.6802,7.47,11.83
RELIANCE,"Reliance Industries Ltd
",9.25,9.61,421125.76,34.76,7.47,0.1135,0.0526,2.1584,7.47,11.83
RELIANCE,"Reliance Industries Ltd
",9.25,9.61,421125.76,34.76,7.47,0.1147,0.0576,1.9904,7.47,11.83
RELIANCE,"Reliance Industries Ltd
",9.25,9.61,421125.76,34.76,7.47,0.1229,0.0445,2.7641,7.47,11.83
RELIANCE,"Reliance Industries Ltd
",9.25,9.61,421125.76,34.76,7.47,0.129,0.0499,2.5868,7.47,11.83
RELIANCE,"Reliance Industries Ltd
",9.25,9.61,432472.71,58.34,3.25,0.0768,0.0407,1.8853,7.47,11.83
RELIANCE,"Reliance Industries Ltd
",9.25,9.61,432472.71,58.34,3.25,0.087,0.0453,1.9226,7.47,11.83
RELIANCE,"Reliance Industries Ltd
",9.25,9.61,432472.71,58.34,3.25,0.0888,0.0343,2.5893,7.47,11.83
RELIANCE,"Reliance Industries Ltd
",9.25,9.61,432472.71,58.34,3.25,0.0996,0.045,2.2118,7.47,11.83
RELIANCE,"Reliance Industries Ltd
",9.25,9.61,432472.71,58.34,3.25,0.1029,0.0399,2.5771,7.47,11.83
RELIANCE,"Reliance Industries Ltd
",9.25,9.61,432472.71,58.34,3.25,0.1035,0.0461,2.2433,7.47,11.83
RELIANCE,"Reliance Industries Ltd
",9.25,9.61,432472.71,58.34,3.25,0.1082,0.0469,2.3089,7.47,11.83
RELIANCE,"Reliance Industries Ltd
",9.25,9.61,432472.71,58.34,3.25,0.1131,0.0422,2.6802,7.47,11.83
RELIANCE,"Reliance Industries Ltd
",9.25,9.61,432472.71,58.34,3.25,0.1135,0.0526,2.1584,7.47,11.83
RELIANCE,"Reliance Industries Ltd
",9.25,9.61,432472.71,58.34,3.25,0.1147,0.0576,1.9904,7.47,11.83
RELIANCE,"Reliance Industries Ltd
",9.25,9.61,432472.71,58.34,3.25,0.1229,0.0445,2.7641,7.47,11.83
RELIANCE,"Reliance Industries Ltd
",9.25,9.61,432472.71,58.34,3.25,0.129,0.0499,2.5868,7.47,11.83
RELIANCE,"Reliance Industries Ltd
",9.25,9.61,449714.02,75.41,8.7,0.0768,0.0407,1.8853,7.47,11.83
RELIANCE,"Reliance Industries Ltd
",9.25,9.61,449714.02,75.41,8.7,0.087,0.0453,1.9226,7.47,11.83
RELIANCE,"Reliance Industries Ltd
",9.25,9.61,449714.02,75.41,8.7,0.0888,0.0343,2.5893,7.47,11.83
RELIANCE,"Reliance Industries Ltd
",9.25,9.61,449714.02,75.41,8.7,0.0996,0.045,2.2118,7.47,11.83
RELIANCE,"Reliance Industries Ltd
",9.25,9.61,449714.02,75.41,8.7,0.1029,0.0399,2.5771,7.47,11.83
RELIANCE,"Reliance Industries Ltd
",9.25,9.61,449714.02,75.41,8.7,0.1035,0.0461,2.2433,7.47,11.83
RELIANCE,"Reliance Industries Ltd
",9.25,9.61,449714.02,75.41,8.7,0.1082,0.0469,2.3089,7.47,11.83
RELIANCE,"Reliance Industries Ltd
",9.25,9.61,449714.02,75.41,8.7,0.1131,0.0422,2.6802,7.47,11.83
RELIANCE,"Reliance Industries Ltd
",9.25,9.61,449714.02,75.41,8.7,0.1135,0.0526,2.1584,7.47,11.83
RELIANCE,"Reliance Industries Ltd
",9.25,9.61,449714.02,75.41,8.7,0.1147,0.0576,1.9904,7.47,11.83
RELIANCE,"Reliance Industries Ltd
",9.25,9.61,449714.02,75.41,8.7,0.1229,0.0445,2.7641,7.47,11.83
RELIANCE,"Reliance Industries Ltd
",9.25,9.61,449714.02,75.41,8.7,0.129,0.0499,2.5868,7.47,11.83
RELIANCE,"Reliance Industries Ltd
",9.25,9.61,477545.63,14.91,14.48,0.0768,0.0407,1.8853,7.47,11.83
RELIANCE,"Reliance Industries Ltd
",9.25,9.61,477545.63,14.91,14.48,0.087,0.0453,1.9226,7.47,11.83
RELIANCE,"Reliance Industries Ltd
",9.25,9.61,477545.63,14.91,14.48,0.0888,0.0343,2.5893,7.47,11.83
RELIANCE,"Reliance Industries Ltd
",9.25,9.61,477545.63,14.91,14.48,0.0996,0.045,2.2118,7.47,11.83
RELIANCE,"Reliance Industries Ltd
",9.25,9.61,477545.63,14.91,14.48,0.1029,0.0399,2.5771,7.47,11.83
RELIANCE,"Reliance Industries Ltd
",9.25,9.61,477545.63,14.91,14.48,0.1035,0.0461,2.2433,7.47,11.83
RELIANCE,"Reliance Industries Ltd
",9.25,9.61,477545.63,14.91,14.48,0.1082,0.0469,2.3089,7.47,11.83
RELIANCE,"Reliance Industries Ltd
",9.25,9.61,477545.63,14.91,14.48,0.1131,0.0422,2.6802,7.47,11.83
RELIANCE,"Reliance Industries Ltd
",9.25,9.61,477545.63,14.91,14.48,0.1135,0.0526,2.1584,7.47,11.83
RELIANCE,"Reliance Industries Ltd
",9.25,9.61,477545.63,14.91,14.48,0.1147,0.0576,1.9904,7.47,11.83
RELIANCE,"Reliance Industries Ltd
",9.25,9.61,477545.63,14.91,14.48,0.1229,0.0445,2.7641,7.47,11.83
RELIANCE,"Reliance Industries Ltd
",9.25,9.61,477545.63,14.91,14.48,0.129,0.0499,2.5868,7.47,11.83
RELIANCE,"Reliance Industries Ltd
",9.25,9.61,552791.93,62.77,2.06,0.0768,0.0407,1.8853,7.47,11.83
RELIANCE,"Reliance Industries Ltd
",9.25,9.61,552791.93,62.77,2.06,0.087,0.0453,1.9226,7.47,11.83
RELIANCE,"Reliance Industries Ltd
",9.25,9.61,552791.93,62.77,2.06,0.0888,0.0343,2.5893,7.47,11.83
RELIANCE,"Reliance Industries Ltd
",9.25,9.61,552791.93,62.77,2.06,0.0996,0.045,2.2118,7.47,11.83
RELIANCE,"Reliance Industries Ltd
",9.25,9.61,552791.93,62.77,2.06,0.1029,0.0399,2.5771,7.47,11.83
RELIANCE,"Reliance Industries Ltd
",9.25,9.61,552791.93,62.77,2.06,0.1035,0.0461,2.2433,7.47,11.83
RELIANCE,"Reliance Industries Ltd
",9.25,9.61,552791.93,62.77,2.06,0.1082,0.0469,2.3089,7.47,11.83
RELIANCE,"Reliance Industries Ltd
",9.25,9.61,552791.93,62.77,2.06,0.1131,0.0422,2.6802,7.47,11.83
RELIANCE,"Reliance Industries Ltd
",9.25,9.61,552791.93,62.77,2.06,0.1135,0.0526,2.1584,7.47,11.83
RELIANCE,"Reliance Industries Ltd
",9.25,9.61,552791.93,62.77,2.06,0.1147,0.0576,1.9904,7.47,11.83
RELIANCE,"Reliance Industries Ltd
",9.25,9.61,552791.93,62.77,2.06,0.1229,0.0445,2.7641,7.47,11.83
RELIANCE,"Reliance Industries Ltd
",9.25,9.61,552791.93,62.77,2.06,0.129,0.0499,2.5868,7.47,11.83
RELIANCE,"Reliance Industries Ltd
",9.25,9.61,648684.98,42.66,12.4,0.0768,0.0407,1.8853,7.47,11.83
RELIANCE,"Reliance Industries Ltd
",9.25,9.61,648684.98,42.66,12.4,0.087,0.0453,1.9226,7.47,11.83
RELIANCE,"Reliance Industries Ltd
",9.25,9.61,648684.98,42.66,12.4,0.0888,0.0343,2.5893,7.47,11.83
RELIANCE,"Reliance Industries Ltd
",9.25,9.61,648684.98,42.66,12.4,0.0996,0.045,2.2118,7.47,11.83
RELIANCE,"Reliance Industries Ltd
",9.25,9.61,648684.98,42.66,12.4,0.1029,0.0399,2.5771,7.47,11.83
RELIANCE,"Reliance Industries Ltd
",9.25,9.61,648684.98,42.66,12.4,0.1035,0.0461,2.2433,7.47,11.83
RELIANCE,"Reliance Industries Ltd
",9.25,9.61,648684.98,42.66,12.4,0.1082,0.0469,2.3089,7.47,11.83
RELIANCE,"Reliance Industries Ltd
",9.25,9.61,648684.98,42.66,12.4,0.1131,0.0422,2.6802,7.47,11.83
RELIANCE,"Reliance Industries Ltd
",9.25,9.61,648684.98,42.66,12.4,0.1135,0.0526,2.1584,7.47,11.83
RELIANCE,"Reliance Industries Ltd
",9.25,9.61,648684.98,42.66,12.4,0.1147,0.0576,1.9904,7.47,11.83
RELIANCE,"Reliance Industries Ltd
",9.25,9.61,648684.98,42.66,12.4,0.1229,0.0445,2.7641,7.47,11.83
RELIANCE,"Reliance Industries Ltd
",9.25,9.61,648684.98,42.66,12.4,0.129,0.0499,2.5868,7.47,11.83
SBILIFE,SBI Life Insurance Company Ltd,12.0,13.2,491285.25,41.21,6.55,0.127,0.0048,26.7171,19.81,11.83
SBILIFE,SBI Life Insurance Company Ltd,12.0,13.2,491285.25,41.21,6.55,0.1296,0.0055,23.5189,19.81,11.83
SBILIFE,SBI Life Insurance Company Ltd,12.0,13.2,491285.25,41.21,6.55,0.1322,0.0055,24.1665,19.81,11.83
SBILIFE,SBI Life Insurance Company Ltd,12.0,13.2,491285.25,41.21,6.55,0.14,0.0064,21.8106,19.81,11.83
SBILIFE,SBI Life Insurance Company Ltd,12.0,13.2,491285.25,41.21,6.55,0.1626,0.0086,18.9386,19.81,11.83
SBILIFE,SBI Life Insurance Company Ltd,12.0,13.2,491285.25,41.21,6.55,0.172,0.0093,18.415,19.81,11.83
SBILIFE,SBI Life Insurance Company Ltd,12.0,13.2,491285.25,41.21,6.55,0.1752,0.009,19.3683,19.81,11.83
SBILIFE,SBI Life Insurance Company Ltd,12.0,13.2,491285.25,41.21,6.55,0.1762,0.0094,18.6458,19.81,11.83
SBILIFE,SBI Life Insurance Company Ltd,12.0,13.2,491285.25,41.21,6.55,0.1783,0.0101,17.6271,19.81,11.83
SBILIFE,SBI Life Insurance Company Ltd,12.0,13.2,491285.25,41.21,6.55,0.2009,0.011,18.2744,19.81,11.83
SBILIFE,SBI Life Insurance Company Ltd,12.0,13.2,491285.25,41.21,6.55,0.2169,0.012,18.0691,19.81,11.83
SBILIFE,SBI Life Insurance Company Ltd,12.0,13.2,491285.25,41.21,6.55,0.2303,0.0117,19.6323,19.81,11.83
SBILIFE,SBI Life Insurance Company Ltd,12.0,13.2,625311.99,10.2,6.98,0.127,0.0048,26.7171,19.81,11.83
SBILIFE,SBI Life Insurance Company Ltd,12.0,13.2,625311.99,10.2,6.98,0.1296,0.0055,23.5189,19.81,11.83
SBILIFE,SBI Life Insurance Company Ltd,12.0,13.2,625311.99,10.2,6.98,0.1322,0.0055,24.1665,19.81,11.83
SBILIFE,SBI Life Insurance Company Ltd,12.0,13.2,625311.99,10.2,6.98,0.14,0.0064,21.8106,19.81,11.83
SBILIFE,SBI Life Insurance Company Ltd,12.0,13.2,625311.99,10.2,6.98,0.1626,0.0086,18.9386,19.81,11.83
SBILIFE,SBI Life Insurance Company Ltd,12.0,13.2,625311.99,10.2,6.98,0.172,0.0093,18.415,19.81,11.83
SBILIFE,SBI Life Insurance Company Ltd,12.0,13.2,625311.99,10.2,6.98,0.1752,0.009,19.3683,19.81,11.83
SBILIFE,SBI Life Insurance Company Ltd,12.0,13.2,625311.99,10.2,6.98,0.1762,0.0094,18.6458,19.81,11.83
SBILIFE,SBI Life Insurance Company Ltd,12.0,13.2,625311.99,10.2,6.98,0.1783,0.0101,17.6271,19.81,11.83
SBILIFE,SBI Life Insurance Company Ltd,12.0,13.2,625311.99,10.2,6.98,0.2009,0.011,18.2744,19.81,11.83
SBILIFE,SBI Life Insurance Company Ltd,12.0,13.2,625311.99,10.2,6.98,0.2169,0.012,18.0691,19.81,11.83
SBILIFE,SBI Life Insurance Company Ltd,12.0,13.2,625311.99,10.2,6.98,0.2303,0.0117,19.6323,19.81,11.83
SBILIFE,SBI Life Insurance Company Ltd,12.0,13.2,654418.26,76.94,1.19,0.127,0.0048,26.7171,19.81,11.83
SBILIFE,SBI Life Insurance Company Ltd,12.0,13.2,654418.26,76.94,1.19,0.1296,0.0055,23.5189,19.81,11.83
SBILIFE,SBI Life Insurance Company Ltd,12.0,13.2,654418.26,76.94,1.19,0.1322,0.0055,24.1665,19.81,11.83
SBILIFE,SBI Life Insurance Company Ltd,12.0,13.2,654418.26,76.94,1.19,0.14,0.0064,21.8106,19.81,11.83
SBILIFE,SBI Life Insurance Company Ltd,12.0,13.2,654418.26,76.94,1.19,0.1626,0.0086,18.9386,19.81,11.83
SBILIFE,SBI Life Insurance Company Ltd,12.0,13.2,654418.26,76.94,1.19,0.172,0.0093,18.415,19.81,11.83
SBILIFE,SBI Life Insurance Company Ltd,12.0,13.2,654418.26,76.94,1.19,0.1752,0.009,19.3683,19.81,11.83
SBILIFE,SBI Life Insurance Company Ltd,12.0,13.2,654418.26,76.94,1.19,0.1762,0.0094,18.6458,19.81,11.83
SBILIFE,SBI Life Insurance Company Ltd,12.0,13.2,654418.26,76.94,1.19,0.1783,0.0101,17.6271,19.81,11.83
SBILIFE,SBI Life Insurance Company Ltd,12.0,13.2,654418.26,76.94,1.19,0.2009,0.011,18.2744,19.81,11.83
SBILIFE,SBI Life Insurance Company Ltd,12.0,13.2,654418.26,76.94,1.19,0.2169,0.012,18.0691,19.81,11.83
SBILIFE,SBI Life Insurance Company Ltd,12.0,13.2,654418.26,76.94,1.19,0.2303,0.0117,19.6323,19.81,11.83
SBILIFE,SBI Life Insurance Company Ltd,12.0,13.2,703278.16,60.68,3.62,0.127,0.0048,26.7171,19.81,11.83
SBILIFE,SBI Life Insurance Company Ltd,12.0,13.2,703278.16,60.68,3.62,0.1296,0.0055,23.5189,19.81,11.83
SBILIFE,SBI Life Insurance Company Ltd,12.0,13.2,703278.16,60.68,3.62,0.1322,0.0055,24.1665,19.81,11.83
SBILIFE,SBI Life Insurance Company Ltd,12.0,13.2,703278.16,60.68,3.62,0.14,0.0064,21.8106,19.81,11.83
SBILIFE,SBI Life Insurance Company Ltd,12.0,13.2,703278.16,60.68,3.62,0.1626,0.0086,18.9386,19.81,11.83
SBILIFE,SBI Life Insurance Company Ltd,12.0,13.2,703278.16,60.68,3.62,0.172,0.0093,18.415,19.81,11.83
SBILIFE,SBI Life Insurance Company Ltd,12.0,13.2,703278.16,60.68,3.62,0.1752,0.009,19.3683,19.81,11.83
SBILIFE,SBI Life Insurance Company Ltd,12.0,13.2,703278.16,60.68,3.62,0.1762,0.0094,18.6458,19.81,11.83
SBILIFE,SBI Life Insurance Company Ltd,12.0,13.2,703278.16,60.68,3.62,0.1783,0.0101,17.6271,19.81,11.83
SBILIFE,SBI Life Insurance Company Ltd,12.0,13.2,703278.16,60.68,3.62,0.2009,0.011,18.2744,19.81,11.83
SBILIFE,SBI Life Insurance Company Ltd,12.0,13.2,703278.16,60.68,3.62,0.2169,0.012,18.0691,19.81,11.83
SBILIFE,SBI Life Insurance Company Ltd,12.0,13.2,703278.16,60.68,3.62,0.2303,0.0117,19.6323,19.81,11.83
SBILIFE,SBI Life Insurance Company Ltd,12.0,13.2,781640.88,47.37,11.71,0.127,0.0048,26.7171,19.81,11.83
SBILIFE,SBI Life Insurance Company Ltd,12.0,13.2,781640.88,47.37,11.71,0.1296,0.0055,23.5189,19.81,11.83
SBILIFE,SBI Life Insurance Company Ltd,12.0,13.2,781640.88,47.37,11.71,0.1322,0.0055,24.1665,19.81,11.83
SBILIFE,SBI Life Insurance Company Ltd,12.0,13.2,781640.88,47.37,11.71,0.14,0.0064,21.8106,19.81,11.83
SBILIFE,SBI Life Insurance Company Ltd,12.0,13.2,781640.88,47.37,11.71,0.1626,0.0086,18.9386,19.81,11.83
SBILIFE,SBI Life Insurance Company Ltd,12.0,13.2,781640.88,47.37,11.71,0.172,0.0093,18.415,19.81,11.83
SBILIFE,SBI Life Insurance Company Ltd,12.0,13.2,781640.88,47.37,11.71,0.1752,0.009,19.3683,19.81,11.83
SBILIFE,SBI Life Insurance Company Ltd,12.0,13.2,781640.88,47.37,11.71,0.1762,0.0094,18.6458,19.81,11.83
SBILIFE,SBI Life Insurance Company Ltd,12.0,13.2,781640.88,47.37,11.71,0.1783,0.0101,17.6271,19.81,11.83
SBILIFE,SBI Life Insurance Company Ltd,12.0,13.2,781640.88,47.37,11.71,0.2009,0.011,18.2744,19.81,11.83
SBILIFE,SBI Life Insurance Company Ltd,12.0,13.2,781640.88,47.37,11.71,0.2169,0.012,18.0691,19.81,11.83
SBILIFE,SBI Life Insurance Company Ltd,12.0,13.2,781640.88,47.37,11.71,0.2303,0.0117,19.6323,19.81,11.83
SBILIFE,SBI Life Insurance Company Ltd,12.0,13.2,886097.71,69.98,9.48,0.127,0.0048,26.7171,19.81,11.83
SBILIFE,SBI Life Insurance Company Ltd,12.0,13.2,886097.71,69.98,9.48,0.1296,0.0055,23.5189,19.81,11.83
SBILIFE,SBI Life Insurance Company Ltd,12.0,13.2,886097.71,69.98,9.48,0.1322,0.0055,24.1665,19.81,11.83
SBILIFE,SBI Life Insurance Company Ltd,12.0,13.2,886097.71,69.98,9.48,0.14,0.0064,21.8106,19.81,11.83
SBILIFE,SBI Life Insurance Company Ltd,12.0,13.2,886097.71,69.98,9.48,0.1626,0.0086,18.9386,19.81,11.83
SBILIFE,SBI Life Insurance Company Ltd,12.0,13.2,886097.71,69.98,9.48,0.172,0.0093,18.415,19.81,11.83
SBILIFE,SBI Life Insurance Company Ltd,12.0,13.2,886097.71,69.98,9.48,0.1752,0.009,19.3683,19.81,11.83
SBILIFE,SBI Life Insurance Company Ltd,12.0,13.2,886097.71,69.98,9.48,0.1762,0.0094,18.6458,19.81,11.83
SBILIFE,SBI Life Insurance Company Ltd,12.0,13.2,886097.71,69.98,9.48,0.1783,0.0101,17.6271,19.81,11.83
SBILIFE,SBI Life Insurance Company Ltd,12.0,13.2,886097.71,69.98,9.48,0.2009,0.011,18.2744,19.81,11.83
SBILIFE,SBI Life Insurance Company Ltd,12.0,13.2,886097.71,69.98,9.48,0.2169,0.012,18.0691,19.81,11.83
SBILIFE,SBI Life Insurance Company Ltd,12.0,13.2,886097.71,69.98,9.48,0.2303,0.0117,19.6323,19.81,11.83
SBIN,State Bank of India,17.3,6.16,1482417.4,28.31,2.13,,,,8.95,12.28
SBIN,State Bank of India,17.3,6.16,1692341.99,47.04,2.29,,,,8.95,12.28
SBIN,State Bank of India,17.3,6.16,1705155.98,43.56,13.01,,,,8.95,12.28
SBIN,State Bank of India,17.3,6.16,2187008.32,62.26,7.26,,,,8.95,12.28
SBIN,State Bank of India,17.3,6.16,2400436.05,54.93,2.72,,,,8.95,12.28
SBIN,State Bank of India,17.3,6.16,2664457.97,72.12,7.09,,,,8.95,12.28
SHREECEM,Shree Cement Ltd,12.2,14.8,1156357.29,35.24,14.91,0.0727,0.0534,1.3602,11.41,4.65
SHREECEM,Shree Cement Ltd,12.2,14.8,1156357.29,35.24,14.91,0.0807,0.0533,1.5159,11.41,4.65
SHREECEM,Shree Cement Ltd,12.2,14.8,1156357.29,35.24,14.91,0.0837,0.0621,1.3488,11.41,4.65
SHREECEM,Shree Cement Ltd,12.2,14.8,1156357.29,35.24,14.91,0.105,0.0655,1.602,11.41,4.65
SHREECEM,Shree Cement Ltd,12.2,14.8,1156357.29,35.24,14.91,0.1172,0.0774,1.5145,11.41,4.65
SHREECEM,Shree Cement Ltd,12.2,14.8,1156357.29,35.24,14.91,0.1271,0.09,1.4131,11.41,4.65
SHREECEM,Shree Cement Ltd,12.2,14.8,1156357.29,35.24,14.91,0.1518,0.1086,1.3972,11.41,4.65
SHREECEM,Shree Cement Ltd,12.2,14.8,1156357.29,35.24,14.91,0.1556,0.0914,1.7019,11.41,4.65
SHREECEM,Shree Cement Ltd,12.2,14.8,1156357.29,35.24,14.91,0.1671,0.1074,1.5557,11.41,4.65
SHREECEM,Shree Cement Ltd,12.2,14.8,1156357.29,35.24,14.91,0.1739,0.1199,1.4505,11.41,4.65
SHREECEM,Shree Cement Ltd,12.2,14.8,1156357.29,35.24,14.91,0.2612,0.163,1.6025,11.41,4.65
SHREECEM,Shree Cement Ltd,12.2,14.8,1370108.42,67.14,8.03,0.0727,0.0534,1.3602,11.41,4.65
SHREECEM,Shree Cement Ltd,12.2,14.8,1370108.42,67.14,8.03,0.0807,0.0533,1.5159,11.41,4.65
SHREECEM,Shree Cement Ltd,12.2,14.8,1370108.42,67.14,8.03,0.0837,0.0621,1.3488,11.41,4.65
SHREECEM,Shree Cement Ltd,12.2,14.8,1370108.42,67.14,8.03,0.105,0.0655,1.602,11.41,4.65
SHREECEM,Shree Cement Ltd,12.2,14.8,1370108.42,67.14,8.03,0.1172,0.0774,1.5145,11.41,4.65
SHREECEM,Shree Cement Ltd,12.2,14.8,1370108.42,67.14,8.03,0.1271,0.09,1.4131,11.41,4.65
SHREECEM,Shree Cement Ltd,12.2,14.8,1370108.42,67.14,8.03,0.1518,0.1086,1.3972,11.41,4.65
SHREECEM,Shree Cement Ltd,12.2,14.8,1370108.42,67.14,8.03,0.1556,0.0914,1.7019,11.41,4.65
SHREECEM,Shree Cement Ltd,12.2,14.8,1370108.42,67.14,8.03,0.1671,0.1074,1.5557,11.41,4.65
SHREECEM,Shree Cement Ltd,12.2,14.8,1370108.42,67.14,8.03,0.1739,0.1199,1.4505,11.41,4.65
SHREECEM,Shree Cement Ltd,12.2,14.8,1370108.42,67.14,8.03,0.2612,0.163,1.6025,11.41,4.65
SHREECEM,Shree Cement Ltd,12.2,14.8,1568926.09,32.7,6.72,0.0727,0.0534,1.3602,11.41,4.65
SHREECEM,Shree Cement Ltd,12.2,14.8,1568926.09,32.7,6.72,0.0807,0.0533,1.5159,11.41,4.65
SHREECEM,Shree Cement Ltd,12.2,14.8,1568926.09,32.7,6.72,0.0837,0.0621,1.3488,11.41,4.65
SHREECEM,Shree Cement Ltd,12.2,14.8,1568926.09,32.7,6.72,0.105,0.0655,1.602,11.41,4.65
SHREECEM,Shree Cement Ltd,12.2,14.8,1568926.09,32.7,6.72,0.1172,0.0774,1.5145,11.41,4.65
SHREECEM,Shree Cement Ltd,12.2,14.8,1568926.09,32.7,6.72,0.1271,0.09,1.4131,11.41,4.65
SHREECEM,Shree Cement Ltd,12.2,14.8,1568926.09,32.7,6.72,0.1518,0.1086,1.3972,11.41,4.65
SHREECEM,Shree Cement Ltd,12.2,14.8,1568926.09,32.7,6.72,0.1556,0.0914,1.7019,11.41,4.65
SHREECEM,Shree Cement Ltd,12.2,14.8,1568926.09,32.7,6.72,0.1671,0.1074,1.5557,11.41,4.65
SHREECEM,Shree Cement Ltd,12.2,14.8,1568926.09,32.7,6.72,0.1739,0.1199,1.4505,11.41,4.65
SHREECEM,Shree Cement Ltd,12.2,14.8,1568926.09,32.7,6.72,0.2612,0.163,1.6025,11.41,4.65
SHREECEM,Shree Cement Ltd,12.2,14.8,1932061.03,25.68,0.89,0.0727,0.0534,1.3602,11.41,4.65
SHREECEM,Shree Cement Ltd,12.2,14.8,1932061.03,25.68,0.89,0.0807,0.0533,1.5159,11.41,4.65
SHREECEM,Shree Cement Ltd,12.2,14.8,1932061.03,25.68,0.89,0.0837,0.0621,1.3488,11.41,4.65
SHREECEM,Shree Cement Ltd,12.2,14.8,1932061.03,25.68,0.89,0.105,0.0655,1.602,11.41,4.65
SHREECEM,Shree Cement Ltd,12.2,14.8,1932061.03,25.68,0.89,0.1172,0.0774,1.5145,11.41,4.65
SHREECEM,Shree Cement Ltd,12.2,14.8,1932061.03,25.68,0.89,0.1271,0.09,1.4131,11.41,4.65
SHREECEM,Shree Cement Ltd,12.2,14.8,1932061.03,25.68,0.89,0.1518,0.1086,1.3972,11.41,4.65
SHREECEM,Shree Cement Ltd,12.2,14.8,1932061.03,25.68,0.89,0.1556,0.0914,1.7019,11.41,4.65
SHREECEM,Shree Cement Ltd,12.2,14.8,1932061.03,25.68,0.89,0.1671,0.1074,1.5557,11.41,4.65
SHREECEM,Shree Cement Ltd,12.2,14.8,1932061.03,25.68,0.89,0.1739,0.1199,1.4505,11.41,4.65
SHREECEM,Shree Cement Ltd,12.2,14.8,1932061.03,25.68,0.89,0.2612,0.163,1.6025,11.41,4.65
SHREECEM,Shree Cement Ltd,12.2,14.8,2414420.31,36.21,8.67,0.0727,0.0534,1.3602,11.41,4.65
SHREECEM,Shree Cement Ltd,12.2,14.8,2414420.31,36.21,8.67,0.0807,0.0533,1.5159,11.41,4.65
SHREECEM,Shree Cement Ltd,12.2,14.8,2414420.31,36.21,8.67,0.0837,0.0621,1.3488,11.41,4.65
SHREECEM,Shree Cement Ltd,12.2,14.8,2414420.31,36.21,8.67,0.105,0.0655,1.602,11.41,4.65
SHREECEM,Shree Cement Ltd,12.2,14.8,2414420.31,36.21,8.67,0.1172,0.0774,1.5145,11.41,4.65
SHREECEM,Shree Cement Ltd,12.2,14.8,2414420.31,36.21,8.67,0.1271,0.09,1.4131,11.41,4.65
SHREECEM,Shree Cement Ltd,12.2,14.8,2414420.31,36.21,8.67,0.1518,0.1086,1.3972,11.41,4.65
SHREECEM,Shree Cement Ltd,12.2,14.8,2414420.31,36.21,8.67,0.1556,0.0914,1.7019,11.41,4.65
SHREECEM,Shree Cement Ltd,12.2,14.8,2414420.31,36.21,8.67,0.1671,0.1074,1.5557,11.41,4.65
SHREECEM,Shree Cement Ltd,12.2,14.8,2414420.31,36.21,8.67,0.1739,0.1199,1.4505,11.41,4.65
SHREECEM,Shree Cement Ltd,12.2,14.8,2414420.31,36.21,8.67,0.2612,0.163,1.6025,11.41,4.65
SHREECEM,Shree Cement Ltd,12.2,14.8,3154358.33,25.87,1.21,0.0727,0.0534,1.3602,11.41,4.65
SHREECEM,Shree Cement Ltd,12.2,14.8,3154358.33,25.87,1.21,0.0807,0.0533,1.5159,11.41,4.65
SHREECEM,Shree Cement Ltd,12.2,14.8,3154358.33,25.87,1.21,0.0837,0.0621,1.3488,11.41,4.65
SHREECEM,Shree Cement Ltd,12.2,14.8,3154358.33,25.87,1.21,0.105,0.0655,1.602,11.41,4.65
SHREECEM,Shree Cement Ltd,12.2,14.8,3154358.33,25.87,1.21,0.1172,0.0774,1.5145,11.41,4.65
SHREECEM,Shree Cement Ltd,12.2,14.8,3154358.33,25.87,1.21,0.1271,0.09,1.4131,11.41,4.65
SHREECEM,Shree Cement Ltd,12.2,14.8,3154358.33,25.87,1.21,0.1518,0.1086,1.3972,11.41,4.65
SHREECEM,Shree Cement Ltd,12.2,14.8,3154358.33,25.87,1.21,0.1556,0.0914,1.7019,11.41,4.65
SHREECEM,Shree Cement Ltd,12.2,14.8,3154358.33,25.87,1.21,0.1671,0.1074,1.5557,11.41,4.65
SHREECEM,Shree Cement Ltd,12.2,14.8,3154358.33,25.87,1.21,0.1739,0.1199,1.4505,11.41,4.65
SHREECEM,Shree Cement Ltd,12.2,14.8,3154358.33,25.87,1.21,0.2612,0.163,1.6025,11.41,4.65
SHRIRAMFIN,"Shriram Finance Ltd
",15.9,11.3,513251.36,11.8,11.36,0.1043,0.0191,5.4519,15.59,16.82
SHRIRAMFIN,"Shriram Finance Ltd
",15.9,11.3,513251.36,11.8,11.36,0.1109,0.0165,6.7077,15.59,16.82
SHRIRAMFIN,"Shriram Finance Ltd
",15.9,11.3,513251.36,11.8,11.36,0.1117,0.017,6.5695,15.59,16.82
SHRIRAMFIN,"Shriram Finance Ltd
",15.9,11.3,513251.36,11.8,11.36,0.1151,0.0192,5.9819,15.59,16.82
SHRIRAMFIN,"Shriram Finance Ltd
",15.9,11.3,513251.36,11.8,11.36,0.1164,0.0174,6.6837,15.59,16.82
SHRIRAMFIN,"Shriram Finance Ltd
",15.9,11.3,513251.36,11.8,11.36,0.1384,0.0286,4.8394,15.59,16.82
SHRIRAMFIN,"Shriram Finance Ltd
",15.9,11.3,513251.36,11.8,11.36,0.1385,0.022,6.2984,15.59,16.82
SHRIRAMFIN,"Shriram Finance Ltd
",15.9,11.3,513251.36,11.8,11.36,0.1512,0.0298,5.0721,15.59,16.82
SHRIRAMFIN,"Shriram Finance Ltd
",15.9,11.3,513251.36,11.8,11.36,0.1596,0.0259,6.1495,15.59,16.82
SHRIRAMFIN,"Shriram Finance Ltd
",15.9,11.3,513251.36,11.8,11.36,0.1614,0.0244,6.604,15.59,16.82
SHRIRAMFIN,"Shriram Finance Ltd
",15.9,11.3,513251.36,11.8,11.36,0.1862,0.0262,7.1118,15.59,16.82
SHRIRAMFIN,"Shriram Finance Ltd
",15.9,11.3,513251.36,11.8,11.36,0.1994,0.0309,6.4424,15.59,16.82
SHRIRAMFIN,"Shriram Finance Ltd
",15.9,11.3,594898.99,79.88,0.51,0.1043,0.0191,5.4519,15.59,16.82
SHRIRAMFIN,"Shriram Finance Ltd
",15.9,11.3,594898.99,79.88,0.51,0.1109,0.0165,6.7077,15.59,16.82
SHRIRAMFIN,"Shriram Finance Ltd
",15.9,11.3,594898.99,79.88,0.51,0.1117,0.017,6.5695,15.59,16.82
SHRIRAMFIN,"Shriram Finance Ltd
",15.9,11.3,594898.99,79.88,0.51,0.1151,0.0192,5.9819,15.59,16.82
SHRIRAMFIN,"Shriram Finance Ltd
",15.9,11.3,594898.99,79.88,0.51,0.1164,0.0174,6.6837,15.59,16.82
SHRIRAMFIN,"Shriram Finance Ltd
",15.9,11.3,594898.99,79.88,0.51,0.1384,0.0286,4.8394,15.59,16.82
SHRIRAMFIN,"Shriram Finance Ltd
",15.9,11.3,594898.99,79.88,0.51,0.1385,0.022,6.2984,15.59,16.82
SHRIRAMFIN,"Shriram Finance Ltd
",15.9,11.3,594898.99,79.88,0.51,0.1512,0.0298,5.0721,15.59,16.82
SHRIRAMFIN,"Shriram Finance Ltd
",15.9,11.3,594898.99,79.88,0.51,0.1596,0.0259,6.1495,15.59,16.82
SHRIRAMFIN,"Shriram Finance Ltd
",15.9,11.3,594898.99,79.88,0.51,0.1614,0.0244,6.604,15.59,16.82
SHRIRAMFIN,"Shriram Finance Ltd
",15.9,11.3,594898.99,79.88,0.51,0.1862,0.0262,7.1118,15.59,16.82
SHRIRAMFIN,"Shriram Finance Ltd
",15.9,11.3,594898.99,79.88,0.51,0.1994,0.0309,6.4424,15.59,16.82
SHRIRAMFIN,"Shriram Finance Ltd
",15.9,11.3,652156.9,37.85,14.56,0.1043,0.0191,5.4519,15.59,16.82
SHRIRAMFIN,"Shriram Finance Ltd
",15.9,11.3,652156.9,37.85,14.56,0.1109,0.0165,6.7077,15.59,16.82
SHRIRAMFIN,"Shriram Finance Ltd
",15.9,11.3,652156.9,37.85,14.56,0.1117,0.017,6.5695,15.59,16.82
SHRIRAMFIN,"Shriram Finance Ltd
",15.9,11.3,652156.9,37.85,14.56,0.1151,0.0192,5.9819,15.59,16.82
SHRIRAMFIN,"Shriram Finance Ltd
",15.9,11.3,652156.9,37.85,14.56,0.1164,0.0174,6.6837,15.59,16.82
SHRIRAMFIN,"Shriram Finance Ltd
",15.9,11.3,652156.9,37.85,14.56,0.1384,0.0286,4.8394,15.59,16.82
SHRIRAMFIN,"Shriram Finance Ltd
",15.9,11.3,652156.9,37.85,14.56,0.1385,0.022,6.2984,15.59,16.82
SHRIRAMFIN,"Shriram Finance Ltd
",15.9,11.3,652156.9,37.85,14.56,0.1512,0.0298,5.0721,15.59,16.82
SHRIRAMFIN,"Shriram Finance Ltd
",15.9,11.3,652156.9,37.85,14.56,0.1596,0.0259,6.1495,15.59,16.82
SHRIRAMFIN,"Shriram Finance Ltd
",15.9,11.3,652156.9,37.85,14.56,0.1614,0.0244,6.604,15.59,16.82
SHRIRAMFIN,"Shriram Finance Ltd
",15.9,11.3,652156.9,37.85,14.56,0.1862,0.0262,7.1118,15.59,16.82
SHRIRAMFIN,"Shriram Finance Ltd
",15.9,11.3,652156.9,37.85,14.56,0.1994,0.0309,6.4424,15.59,16.82
SHRIRAMFIN,"Shriram Finance Ltd
",15.9,11.3,721018.22,56.67,6.47,0.1043,0.0191,5.4519,15.59,16.82
SHRIRAMFIN,"Shriram Finance Ltd
",15.9,11.3,721018.22,56.67,6.47,0.1109,0.0165,6.7077,15.59,16.82
SHRIRAMFIN,"Shriram Finance Ltd
",15.9,11.3,721018.22,56.67,6.47,0.1117,0.017,6.5695,15.59,16.82
SHRIRAMFIN,"Shriram Finance Ltd
",15.9,11.3,721018.22,56.67,6.47,0.1151,0.0192,5.9819,15.59,16.82
SHRIRAMFIN,"Shriram Finance Ltd
",15.9,11.3,721018.22,56.67,6.47,0.1164,0.0174,6.6837,15.59,16.82
SHRIRAMFIN,"Shriram Finance Ltd
",15.9,11.3,721018.22,56.67,6.47,0.1384,0.0286,4.8394,15.59,16.82
SHRIRAMFIN,"Shriram Finance Ltd
",15.9,11.3,721018.22,56.67,6.47,0.1385,0.022,6.2984,15.59,16.82
SHRIRAMFIN,"Shriram Finance Ltd
",15.9,11.3,721018.22,56.67,6.47,0.1512,0.0298,5.0721,15.59,16.82
SHRIRAMFIN,"Shriram Finance Ltd
",15.9,11.3,721018.22,56.67,6.47,0.1596,0.0259,6.1495,15.59,16.82
SHRIRAMFIN,"Shriram Finance Ltd
",15.9,11.3,721018.22,56.67,6.47,0.1614,0.0244,6.604,15.59,16.82
SHRIRAMFIN,"Shriram Finance Ltd
",15.9,11.3,721018.22,56.67,6.47,0.1862,0.0262,7.1118,15.59,16.82
SHRIRAMFIN,"Shriram Finance Ltd
",15.9,11.3,721018.22,56.67,6.47,0.1994,0.0309,6.4424,15.59,16.82
SHRIRAMFIN,"Shriram Finance Ltd
",15.9,11.3,816109.58,27.14,10.02,0.1043,0.0191,5.4519,15.59,16.82
SHRIRAMFIN,"Shriram Finance Ltd
",15.9,11.3,816109.58,27.14,10.02,0.1109,0.0165,6.7077,15.59,16.82
SHRIRAMFIN,"Shriram Finance Ltd
",15.9,11.3,816109.58,27.14,10.02,0.1117,0.017,6.5695,15.59,16.82
SHRIRAMFIN,"Shriram Finance Ltd
",15.9,11.3,816109.58,27.14,10.02,0.1151,0.0192,5.9819,15.59,16.82
SHRIRAMFIN,"Shriram Finance Ltd
",15.9,11.3,816109.58,27.14,10.02,0.1164,0.0174,6.6837,15.59,16.82
SHRIRAMFIN,"Shriram Finance Ltd
",15.9,11.3,816109.58,27.14,10.02,0.1384,0.0286,4.8394,15.59,16.82
SHRIRAMFIN,"Shriram Finance Ltd
",15.9,11.3,816109.58,27.14,10.02,0.1385,0.022,6.2984,15.59,16.82
SHRIRAMFIN,"Shriram Finance Ltd
",15.9,11.3,816109.58,27.14,10.02,0.1512,0.0298,5.0721,15.59,16.82
SHRIRAMFIN,"Shriram Finance Ltd
",15.9,11.3,816109.58,27.14,10.02,0.1596,0.0259,6.1495,15.59,16.82
SHRIRAMFIN,"Shriram Finance Ltd
",15.9,11.3,816109.58,27.14,10.02,0.1614,0.0244,6.604,15.59,16.82
SHRIRAMFIN,"Shriram Finance Ltd
",15.9,11.3,816109.58,27.14,10.02,0.1862,0.0262,7.1118,15.59,16.82
SHRIRAMFIN,"Shriram Finance Ltd
",15.9,11.3,816109.58,27.14,10.02,0.1994,0.0309,6.4424,15.59,16.82
SHRIRAMFIN,"Shriram Finance Ltd
",15.9,11.3,868933.47,68.53,7.91,0.1043,0.0191,5.4519,15.59,16.82
SHRIRAMFIN,"Shriram Finance Ltd
",15.9,11.3,868933.47,68.53,7.91,0.1109,0.0165,6.7077,15.59,16.82
SHRIRAMFIN,"Shriram Finance Ltd
",15.9,11.3,868933.47,68.53,7.91,0.1117,0.017,6.5695,15.59,16.82
SHRIRAMFIN,"Shriram Finance Ltd
",15.9,11.3,868933.47,68.53,7.91,0.1151,0.0192,5.9819,15.59,16.82
SHRIRAMFIN,"Shriram Finance Ltd
",15.9,11.3,868933.47,68.53,7.91,0.1164,0.0174,6.6837,15.59,16.82
SHRIRAMFIN,"Shriram Finance Ltd
",15.9,11.3,868933.47,68.53,7.91,0.1384,0.0286,4.8394,15.59,16.82
SHRIRAMFIN,"Shriram Finance Ltd
",15.9,11.3,868933.47,68.53,7.91,0.1385,0.022,6.2984,15.59,16.82
SHRIRAMFIN,"Shriram Finance Ltd
",15.9,11.3,868933.47,68.53,7.91,0.1512,0.0298,5.0721,15.59,16.82
SHRIRAMFIN,"Shriram Finance Ltd
",15.9,11.3,868933.47,68.53,7.91,0.1596,0.0259,6.1495,15.59,16.82
SHRIRAMFIN,"Shriram Finance Ltd
",15.9,11.3,868933.47,68.53,7.91,0.1614,0.0244,6.604,15.59,16.82
SHRIRAMFIN,"Shriram Finance Ltd
",15.9,11.3,868933.47,68.53,7.91,0.1862,0.0262,7.1118,15.59,16.82
SHRIRAMFIN,"Shriram Finance Ltd
",15.9,11.3,868933.47,68.53,7.91,0.1994,0.0309,6.4424,15.59,16.82
SIEMENS,Siemens Ltd,19.1,25.6,821304.84,41.13,10.16,0.081,0.0485,1.6709,5.81,10.93
SIEMENS,Siemens Ltd,19.1,25.6,821304.84,41.13,10.16,0.1052,0.0604,1.7411,5.81,10.93
SIEMENS,Siemens Ltd,19.1,25.6,821304.84,41.13,10.16,0.1086,0.0628,1.7274,5.81,10.93
SIEMENS,Siemens Ltd,19.1,25.6,821304.84,41.13,10.16,0.1214,0.0716,1.6972,5.81,10.93
SIEMENS,Siemens Ltd,19.1,25.6,821304.84,41.13,10.16,0.1329,0.0767,1.732,5.81,10.93
SIEMENS,Siemens Ltd,19.1,25.6,821304.84,41.13,10.16,0.1378,0.0586,2.352,5.81,10.93
SIEMENS,Siemens Ltd,19.1,25.6,821304.84,41.13,10.16,0.1479,0.0865,1.7085,5.81,10.93
SIEMENS,Siemens Ltd,19.1,25.6,821304.84,41.13,10.16,0.1499,0.0906,1.654,5.81,10.93
SIEMENS,Siemens Ltd,19.1,25.6,821304.84,41.13,10.16,0.177,0.1074,1.6474,5.81,10.93
SIEMENS,Siemens Ltd,19.1,25.6,821304.84,41.13,10.16,0.2275,0.0854,2.6619,5.81,10.93
SIEMENS,Siemens Ltd,19.1,25.6,821304.84,41.13,10.16,0.2294,0.111,2.0668,5.81,10.93
SIEMENS,Siemens Ltd,19.1,25.6,821304.84,41.13,10.16,0.4283,0.2431,1.7619,5.81,10.93
SIEMENS,Siemens Ltd,19.1,25.6,882073.22,76.63,4.67,0.081,0.0485,1.6709,5.81,10.93
SIEMENS,Siemens Ltd,19.1,25.6,882073.22,76.63,4.67,0.1052,0.0604,1.7411,5.81,10.93
SIEMENS,Siemens Ltd,19.1,25.6,882073.22,76.63,4.67,0.1086,0.0628,1.7274,5.81,10.93
SIEMENS,Siemens Ltd,19.1,25.6,882073.22,76.63,4.67,0.1214,0.0716,1.6972,5.81,10.93
SIEMENS,Siemens Ltd,19.1,25.6,882073.22,76.63,4.67,0.1329,0.0767,1.732,5.81,10.93
SIEMENS,Siemens Ltd,19.1,25.6,882073.22,76.63,4.67,0.1378,0.0586,2.352,5.81,10.93
SIEMENS,Siemens Ltd,19.1,25.6,882073.22,76.63,4.67,0.1479,0.0865,1.7085,5.81,10.93
SIEMENS,Siemens Ltd,19.1,25.6,882073.22,76.63,4.67,0.1499,0.0906,1.654,5.81,10.93
SIEMENS,Siemens Ltd,19.1,25.6,882073.22,76.63,4.67,0.177,0.1074,1.6474,5.81,10.93
SIEMENS,Siemens Ltd,19.1,25.6,882073.22,76.63,4.67,0.2275,0.0854,2.6619,5.81,10.93
SIEMENS,Siemens Ltd,19.1,25.6,882073.22,76.63,4.67,0.2294,0.111,2.0668,5.81,10.93
SIEMENS,Siemens Ltd,19.1,25.6,882073.22,76.63,4.67,0.4283,0.2431,1.7619,5.81,10.93
SIEMENS,Siemens Ltd,19.1,25.6,911257.72,10.54,5.57,0.081,0.0485,1.6709,5.81,10.93
SIEMENS,Siemens Ltd,19.1,25.6,911257.72,10.54,5.57,0.1052,0.0604,1.7411,5.81,10.93
SIEMENS,Siemens Ltd,19.1,25.6,911257.72,10.54,5.57,0.1086,0.0628,1.7274,5.81,10.93
SIEMENS,Siemens Ltd,19.1,25.6,911257.72,10.54,5.57,0.1214,0.0716,1.6972,5.81,10.93
SIEMENS,Siemens Ltd,19.1,25.6,911257.72,10.54,5.57,0.1329,0.0767,1.732,5.81,10.93
SIEMENS,Siemens Ltd,19.1,25.6,911257.72,10.54,5.57,0.1378,0.0586,2.352,5.81,10.93
SIEMENS,Siemens Ltd,19.1,25.6,911257.72,10.54,5.57,0.1479,0.0865,1.7085,5.81,10.93
SIEMENS,Siemens Ltd,19.1,25.6,911257.72,10.54,5.57,0.1499,0.0906,1.654,5.81,10.93
SIEMENS,Siemens Ltd,19.1,25.6,911257.72,10.54,5.57,0.177,0.1074,1.6474,5.81,10.93
SIEMENS,Siemens Ltd,19.1,25.6,911257.72,10.54,5.57,0.2275,0.0854,2.6619,5.81,10.93
SIEMENS,Siemens Ltd,19.1,25.6,911257.72,10.54,5.57,0.2294,0.111,2.0668,5.81,10.93
SIEMENS,Siemens Ltd,19.1,25.6,911257.72,10.54,5.57,0.4283,0.2431,1.7619,5.81,10.93
SIEMENS,Siemens Ltd,19.1,25.6,951918.38,23.09,1.05,0.081,0.0485,1.6709,5.81,10.93
SIEMENS,Siemens Ltd,19.1,25.6,951918.38,23.09,1.05,0.1052,0.0604,1.7411,5.81,10.93
SIEMENS,Siemens Ltd,19.1,25.6,951918.38,23.09,1.05,0.1086,0.0628,1.7274,5.81,10.93
SIEMENS,Siemens Ltd,19.1,25.6,951918.38,23.09,1.05,0.1214,0.0716,1.6972,5.81,10.93
SIEMENS,Siemens Ltd,19.1,25.6,951918.38,23.09,1.05,0.1329,0.0767,1.732,5.81,10.93
SIEMENS,Siemens Ltd,19.1,25.6,951918.38,23.09,1.05,0.1378,0.0586,2.352,5.81,10.93
SIEMENS,Siemens Ltd,19.1,25.6,951918.38,23.09,1.05,0.1479,0.0865,1.7085,5.81,10.93
SIEMENS,Siemens Ltd,19.1,25.6,951918.38,23.09,1.05,0.1499,0.0906,1.654,5.81,10.93
SIEMENS,Siemens Ltd,19.1,25.6,951918.38,23.09,1.05,0.177,0.1074,1.6474,5.81,10.93
SIEMENS,Siemens Ltd,19.1,25.6,951918.38,23.09,1.05,0.2275,0.0854,2.6619,5.81,10.93
SIEMENS,Siemens Ltd,19.1,25.6,951918.38,23.09,1.05,0.2294,0.111,2.0668,5.81,10.93
SIEMENS,Siemens Ltd,19.1,25.6,951918.38,23.09,1.05,0.4283,0.2431,1.7619,5.81,10.93
SIEMENS,Siemens Ltd,19.1,25.6,1145547.03,48.76,12.77,0.081,0.0485,1.6709,5.81,10.93
SIEMENS,Siemens Ltd,19.1,25.6,1145547.03,48.76,12.77,0.1052,0.0604,1.7411,5.81,10.93
SIEMENS,Siemens Ltd,19.1,25.6,1145547.03,48.76,12.77,0.1086,0.0628,1.7274,5.81,10.93
SIEMENS,Siemens Ltd,19.1,25.6,1145547.03,48.76,12.77,0.1214,0.0716,1.6972,5.81,10.93
SIEMENS,Siemens Ltd,19.1,25.6,1145547.03,48.76,12.77,0.1329,0.0767,1.732,5.81,10.93
SIEMENS,Siemens Ltd,19.1,25.6,1145547.03,48.76,12.77,0.1378,0.0586,2.352,5.81,10.93
SIEMENS,Siemens Ltd,19.1,25.6,1145547.03,48.76,12.77,0.1479,0.0865,1.7085,5.81,10.93
SIEMENS,Siemens Ltd,19.1,25.6,1145547.03,48.76,12.77,0.1499,0.0906,1.654,5.81,10.93
SIEMENS,Siemens Ltd,19.1,25.6,1145547.03,48.76,12.77,0.177,0.1074,1.6474,5.81,10.93
SIEMENS,Siemens Ltd,19.1,25.6,1145547.03,48.76,12.77,0.2275,0.0854,2.6619,5.81,10.93
SIEMENS,Siemens Ltd,19.1,25.6,1145547.03,48.76,12.77,0.2294,0.111,2.0668,5.81,10.93
SIEMENS,Siemens Ltd,19.1,25.6,1145547.03,48.76,12.77,0.4283,0.2431,1.7619,5.81,10.93
SIEMENS,Siemens Ltd,19.1,25.6,1191331.95,33.32,9.25,0.081,0.0485,1.6709,5.81,10.93
SIEMENS,Siemens Ltd,19.1,25.6,1191331.95,33.32,9.25,0.1052,0.0604,1.7411,5.81,10.93
SIEMENS,Siemens Ltd,19.1,25.6,1191331.95,33.32,9.25,0.1086,0.0628,1.7274,5.81,10.93
SIEMENS,Siemens Ltd,19.1,25.6,1191331.95,33.32,9.25,0.1214,0.0716,1.6972,5.81,10.93
SIEMENS,Siemens Ltd,19.1,25.6,1191331.95,33.32,9.25,0.1329,0.0767,1.732,5.81,10.93
SIEMENS,Siemens Ltd,19.1,25.6,1191331.95,33.32,9.25,0.1378,0.0586,2.352,5.81,10.93
SIEMENS,Siemens Ltd,19.1,25.6,1191331.95,33.32,9.25,0.1479,0.0865,1.7085,5.81,10.93
SIEMENS,Siemens Ltd,19.1,25.6,1191331.95,33.32,9.25,0.1499,0.0906,1.654,5.81,10.93
SIEMENS,Siemens Ltd,19.1,25.6,1191331.95,33.32,9.25,0.177,0.1074,1.6474,5.81,10.93
SIEMENS,Siemens Ltd,19.1,25.6,1191331.95,33.32,9.25,0.2275,0.0854,2.6619,5.81,10.93
SIEMENS,Siemens Ltd,19.1,25.6,1191331.95,33.32,9.25,0.2294,0.111,2.0668,5.81,10.93
SIEMENS,Siemens Ltd,19.1,25.6,1191331.95,33.32,9.25,0.4283,0.2431,1.7619,5.81,10.93
SUNPHARMA,Sun Pharmaceuticals Industries Ltd,16.7,17.3,714309.02,42.97,2.81,0.0489,0.0336,1.4554,13.39,10.19
SUNPHARMA,Sun Pharmaceuticals Industries Ltd,16.7,17.3,714309.02,42.97,2.81,0.0663,0.0395,1.6782,13.39,10.19
SUNPHARMA,Sun Pharmaceuticals Industries Ltd,16.7,17.3,714309.02,42.97,2.81,0.0706,0.0486,1.4533,13.39,10.19
SUNPHARMA,Sun Pharmaceuticals Industries Ltd,16.7,17.3,714309.02,42.97,2.81,0.0775,0.0497,1.5598,13.39,10.19
SUNPHARMA,Sun Pharmaceuticals Industries Ltd,16.7,17.3,714309.02,42.97,2.81,0.0922,0.0612,1.5066,13.39,10.19
SUNPHARMA,Sun Pharmaceuticals Industries Ltd,16.7,17.3,714309.02,42.97,2.81,0.1509,0.1127,1.3399,13.39,10.19
SUNPHARMA,Sun Pharmaceuticals Industries Ltd,16.7,17.3,714309.02,42.97,2.81,0.152,0.1055,1.4414,13.39,10.19
SUNPHARMA,Sun Pharmaceuticals Industries Ltd,16.7,17.3,714309.02,42.97,2.81,0.1715,0.1021,1.6805,13.39,10.19
SUNPHARMA,Sun Pharmaceuticals Industries Ltd,16.7,17.3,714309.02,42.97,2.81,0.2094,0.1333,1.5706,13.39,10.19
SUNPHARMA,Sun Pharmaceuticals Industries Ltd,16.7,17.3,714309.02,42.97,2.81,0.2136,0.1124,1.9004,13.39,10.19
SUNPHARMA,Sun Pharmaceuticals Industries Ltd,16.7,17.3,714309.02,42.97,2.81,0.2141,0.1284,1.6674,13.39,10.19
SUNPHARMA,Sun Pharmaceuticals Industries Ltd,16.7,17.3,714309.02,42.97,2.81,0.2314,0.1702,1.3594,13.39,10.19
SUNPHARMA,Sun Pharmaceuticals Industries Ltd,16.7,17.3,758612.89,74.3,10.71,0.0489,0.0336,1.4554,13.39,10.19
SUNPHARMA,Sun Pharmaceuticals Industries Ltd,16.7,17.3,758612.89,74.3,10.71,0.0663,0.0395,1.6782,13.39,10.19
SUNPHARMA,Sun Pharmaceuticals Industries Ltd,16.7,17.3,758612.89,74.3,10.71,0.0706,0.0486,1.4533,13.39,10.19
SUNPHARMA,Sun Pharmaceuticals Industries Ltd,16.7,17.3,758612.89,74.3,10.71,0.0775,0.0497,1.5598,13.39,10.19
SUNPHARMA,Sun Pharmaceuticals Industries Ltd,16.7,17.3,758612.89,74.3,10.71,0.0922,0.0612,1.5066,13.39,10.19
SUNPHARMA,Sun Pharmaceuticals Industries Ltd,16.7,17.3,758612.89,74.3,10.71,0.1509,0.1127,1.3399,13.39,10.19
SUNPHARMA,Sun Pharmaceuticals Industries Ltd,16.7,17.3,758612.89,74.3,10.71,0.152,0.1055,1.4414,13.39,10.19
SUNPHARMA,Sun Pharmaceuticals Industries Ltd,16.7,17.3,758612.89,74.3,10.71,0.1715,0.1021,1.6805,13.39,10.19
SUNPHARMA,Sun Pharmaceuticals Industries Ltd,16.7,17.3,758612.89,74.3,10.71,0.2094,0.1333,1.5706,13.39,10.19
SUNPHARMA,Sun Pharmaceuticals Industries Ltd,16.7,17.3,758612.89,74.3,10.71,0.2136,0.1124,1.9004,13.39,10.19
SUNPHARMA,Sun Pharmaceuticals Industries Ltd,16.7,17.3,758612.89,74.3,10.71,0.2141,0.1284,1.6674,13.39,10.19
SUNPHARMA,Sun Pharmaceuticals Industries Ltd,16.7,17.3,758612.89,74.3,10.71,0.2314,0.1702,1.3594,13.39,10.19
SUNPHARMA,Sun Pharmaceuticals Industries Ltd,16.7,17.3,794888.64,12.16,2.14,0.0489,0.0336,1.4554,13.39,10.19
SUNPHARMA,Sun Pharmaceuticals Industries Ltd,16.7,17.3,794888.64,12.16,2.14,0.0663,0.0395,1.6782,13.39,10.19
SUNPHARMA,Sun Pharmaceuticals Industries Ltd,16.7,17.3,794888.64,12.16,2.14,0.0706,0.0486,1.4533,13.39,10.19
SUNPHARMA,Sun Pharmaceuticals Industries Ltd,16.7,17.3,794888.64,12.16,2.14,0.0775,0.0497,1.5598,13.39,10.19
SUNPHARMA,Sun Pharmaceuticals Industries Ltd,16.7,17.3,794888.64,12.16,2.14,0.0922,0.0612,1.5066,13.39,10.19
SUNPHARMA,Sun Pharmaceuticals Industries Ltd,16.7,17.3,794888.64,12.16,2.14,0.1509,0.1127,1.3399,13.39,10.19
SUNPHARMA,Sun Pharmaceuticals Industries Ltd,16.7,17.3,794888.64,12.16,2.14,0.152,0.1055,1.4414,13.39,10.19
SUNPHARMA,Sun Pharmaceuticals Industries Ltd,16.7,17.3,794888.64,12.16,2.14,0.1715,0.1021,1.6805,13.39,10.19
SUNPHARMA,Sun Pharmaceuticals Industries Ltd,16.7,17.3,794888.64,12.16,2.14,0.2094,0.1333,1.5706,13.39,10.19
SUNPHARMA,Sun Pharmaceuticals Industries Ltd,16.7,17.3,794888.64,12.16,2.14,0.2136,0.1124,1.9004,13.39,10.19
SUNPHARMA,Sun Pharmaceuticals Industries Ltd,16.7,17.3,794888.64,12.16,2.14,0.2141,0.1284,1.6674,13.39,10.19
SUNPHARMA,Sun Pharmaceuticals Industries Ltd,16.7,17.3,794888.64,12.16,2.14,0.2314,0.1702,1.3594,13.39,10.19
SUNPHARMA,Sun Pharmaceuticals Industries Ltd,16.7,17.3,812572.94,11.76,9.71,0.0489,0.0336,1.4554,13.39,10.19
SUNPHARMA,Sun Pharmaceuticals Industries Ltd,16.7,17.3,812572.94,11.76,9.71,0.0663,0.0395,1.6782,13.39,10.19
SUNPHARMA,Sun Pharmaceuticals Industries Ltd,16.7,17.3,812572.94,11.76,9.71,0.0706,0.0486,1.4533,13.39,10.19
SUNPHARMA,Sun Pharmaceuticals Industries Ltd,16.7,17.3,812572.94,11.76,9.71,0.0775,0.0497,1.5598,13.39,10.19
SUNPHARMA,Sun Pharmaceuticals Industries Ltd,16.7,17.3,812572.94,11.76,9.71,0.0922,0.0612,1.5066,13.39,10.19
SUNPHARMA,Sun Pharmaceuticals Industries Ltd,16.7,17.3,812572.94,11.76,9.71,0.1509,0.1127,1.3399,13.39,10.19
SUNPHARMA,Sun Pharmaceuticals Industries Ltd,16.7,17.3,812572.94,11.76,9.71,0.152,0.1055,1.4414,13.39,10.19
SUNPHARMA,Sun Pharmaceuticals Industries Ltd,16.7,17.3,812572.94,11.76,9.71,0.1715,0.1021,1.6805,13.39,10.19
SUNPHARMA,Sun Pharmaceuticals Industries Ltd,16.7,17.3,812572.94,11.76,9.71,0.2094,0.1333,1.5706,13.39,10.19
SUNPHARMA,Sun Pharmaceuticals Industries Ltd,16.7,17.3,812572.94,11.76,9.71,0.2136,0.1124,1.9004,13.39,10.19
SUNPHARMA,Sun Pharmaceuticals Industries Ltd,16.7,17.3,812572.94,11.76,9.71,0.2141,0.1284,1.6674,13.39,10.19
SUNPHARMA,Sun Pharmaceuticals Industries Ltd,16.7,17.3,812572.94,11.76,9.71,0.2314,0.1702,1.3594,13.39,10.19
SUNPHARMA,Sun Pharmaceuticals Industries Ltd,16.7,17.3,1064162.39,24.58,7.54,0.0489,0.0336,1.4554,13.39,10.19
SUNPHARMA,Sun Pharmaceuticals Industries Ltd,16.7,17.3,1064162.39,24.58,7.54,0.0663,0.0395,1.6782,13.39,10.19
SUNPHARMA,Sun Pharmaceuticals Industries Ltd,16.7,17.3,1064162.39,24.58,7.54,0.0706,0.0486,1.4533,13.39,10.19
SUNPHARMA,Sun Pharmaceuticals Industries Ltd,16.7,17.3,1064162.39,24.58,7.54,0.0775,0.0497,1.5598,13.39,10.19
SUNPHARMA,Sun Pharmaceuticals Industries Ltd,16.7,17.3,1064162.39,24.58,7.54,0.0922,0.0612,1.5066,13.39,10.19
SUNPHARMA,Sun Pharmaceuticals Industries Ltd,16.7,17.3,1064162.39,24.58,7.54,0.1509,0.1127,1.3399,13.39,10.19
SUNPHARMA,Sun Pharmaceuticals Industries Ltd,16.7,17.3,1064162.39,24.58,7.54,0.152,0.1055,1.4414,13.39,10.19
SUNPHARMA,Sun Pharmaceuticals Industries Ltd,16.7,17.3,1064162.39,24.58,7.54,0.1715,0.1021,1.6805,13.39,10.19
SUNPHARMA,Sun Pharmaceuticals Industries Ltd,16.7,17.3,1064162.39,24.58,7.54,0.2094,0.1333,1.5706,13.39,10.19
SUNPHARMA,Sun Pharmaceuticals Industries Ltd,16.7,17.3,1064162.39,24.58,7.54,0.2136,0.1124,1.9004,13.39,10.19
SUNPHARMA,Sun Pharmaceuticals Industries Ltd,16.7,17.3,1064162.39,24.58,7.54,0.2141,0.1284,1.6674,13.39,10.19
SUNPHARMA,Sun Pharmaceuticals Industries Ltd,16.7,17.3,1064162.39,24.58,7.54,0.2314,0.1702,1.3594,13.39,10.19
SUNPHARMA,Sun Pharmaceuticals Industries Ltd,16.7,17.3,1339586.09,37.9,6.71,0.0489,0.0336,1.4554,13.39,10.19
SUNPHARMA,Sun Pharmaceuticals Industries Ltd,16.7,17.3,1339586.09,37.9,6.71,0.0663,0.0395,1.6782,13.39,10.19
SUNPHARMA,Sun Pharmaceuticals Industries Ltd,16.7,17.3,1339586.09,37.9,6.71,0.0706,0.0486,1.4533,13.39,10.19
SUNPHARMA,Sun Pharmaceuticals Industries Ltd,16.7,17.3,1339586.09,37.9,6.71,0.0775,0.0497,1.5598,13.39,10.19
SUNPHARMA,Sun Pharmaceuticals Industries Ltd,16.7,17.3,1339586.09,37.9,6.71,0.0922,0.0612,1.5066,13.39,10.19
SUNPHARMA,Sun Pharmaceuticals Industries Ltd,16.7,17.3,1339586.09,37.9,6.71,0.1509,0.1127,1.3399,13.39,10.19
SUNPHARMA,Sun Pharmaceuticals Industries Ltd,16.7,17.3,1339586.09,37.9,6.71,0.152,0.1055,1.4414,13.39,10.19
SUNPHARMA,Sun Pharmaceuticals Industries Ltd,16.7,17.3,1339586.09,37.9,6.71,0.1715,0.1021,1.6805,13.39,10.19
SUNPHARMA,Sun Pharmaceuticals Industries Ltd,16.7,17.3,1339586.09,37.9,6.71,0.2094,0.1333,1.5706,13.39,10.19
SUNPHARMA,Sun Pharmaceuticals Industries Ltd,16.7,17.3,1339586.09,37.9,6.71,0.2136,0.1124,1.9004,13.39,10.19
SUNPHARMA,Sun Pharmaceuticals Industries Ltd,16.7,17.3,1339586.09,37.9,6.71,0.2141,0.1284,1.6674,13.39,10.19
SUNPHARMA,Sun Pharmaceuticals Industries Ltd,16.7,17.3,1339586.09,37.9,6.71,0.2314,0.1702,1.3594,13.39,10.19
TATACONSUM,Tata Consumer Products Ltd,8.32,10.6,298527.54,20.52,1.59,-0.0059,-0.0037,1.584,6.86,8.39
TATACONSUM,Tata Consumer Products Ltd,8.32,10.6,298527.54,20.52,1.59,0.0333,0.0249,1.3372,6.86,8.39
TATACONSUM,Tata Consumer Products Ltd,8.32,10.6,298527.54,20.52,1.59,0.0497,0.0289,1.7218,6.86,8.39
TATACONSUM,Tata Consumer Products Ltd,8.32,10.6,298527.54,20.52,1.59,0.0623,0.042,1.484,6.86,8.39
TATACONSUM,Tata Consumer Products Ltd,8.32,10.6,298527.54,20.52,1.59,0.064,0.046,1.3911,6.86,8.39
TATACONSUM,Tata Consumer Products Ltd,8.32,10.6,298527.54,20.52,1.59,0.067,0.0482,1.3918,6.86,8.39
TATACONSUM,Tata Consumer Products Ltd,8.32,10.6,298527.54,20.52,1.59,0.0726,0.0476,1.5245,6.86,8.39
TATACONSUM,Tata Consumer Products Ltd,8.32,10.6,298527.54,20.52,1.59,0.0757,0.0436,1.7363,6.86,8.39
TATACONSUM,Tata Consumer Products Ltd,8.32,10.6,298527.54,20.52,1.59,0.0791,0.0531,1.4878,6.86,8.39
TATACONSUM,Tata Consumer Products Ltd,8.32,10.6,298527.54,20.52,1.59,0.0811,0.058,1.3984,6.86,8.39
TATACONSUM,Tata Consumer Products Ltd,8.32,10.6,298527.54,20.52,1.59,0.0872,0.0515,1.6945,6.86,8.39
TATACONSUM,Tata Consumer Products Ltd,8.32,10.6,298527.54,20.52,1.59,0.0925,0.0506,1.8283,6.86,8.39
TATACONSUM,Tata Consumer Products Ltd,8.32,10.6,304809.07,9.49,3.65,-0.0059,-0.0037,1.584,6.86,8.39
TATACONSUM,Tata Consumer Products Ltd,8.32,10.6,304809.07,9.49,3.65,0.0333,0.0249,1.3372,6.86,8.39
TATACONSUM,Tata Consumer Products Ltd,8.32,10.6,304809.07,9.49,3.65,0.0497,0.0289,1.7218,6.86,8.39
TATACONSUM,Tata Consumer Products Ltd,8.32,10.6,304809.07,9.49,3.65,0.0623,0.042,1.484,6.86,8.39
TATACONSUM,Tata Consumer Products Ltd,8.32,10.6,304809.07,9.49,3.65,0.064,0.046,1.3911,6.86,8.39
TATACONSUM,Tata Consumer Products Ltd,8.32,10.6,304809.07,9.49,3.65,0.067,0.0482,1.3918,6.86,8.39
TATACONSUM,Tata Consumer Products Ltd,8.32,10.6,304809.07,9.49,3.65,0.0726,0.0476,1.5245,6.86,8.39
TATACONSUM,Tata Consumer Products Ltd,8.32,10.6,304809.07,9.49,3.65,0.0757,0.0436,1.7363,6.86,8.39
TATACONSUM,Tata Consumer Products Ltd,8.32,10.6,304809.07,9.49,3.65,0.0791,0.0531,1.4878,6.86,8.39
TATACONSUM,Tata Consumer Products Ltd,8.32,10.6,304809.07,9.49,3.65,0.0811,0.058,1.3984,6.86,8.39
TATACONSUM,Tata Consumer Products Ltd,8.32,10.6,304809.07,9.49,3.65,0.0872,0.0515,1.6945,6.86,8.39
TATACONSUM,Tata Consumer Products Ltd,8.32,10.6,304809.07,9.49,3.65,0.0925,0.0506,1.8283,6.86,8.39
TATACONSUM,Tata Consumer Products Ltd,8.32,10.6,307664.97,14.67,8.63,-0.0059,-0.0037,1.584,6.86,8.39
TATACONSUM,Tata Consumer Products Ltd,8.32,10.6,307664.97,14.67,8.63,0.0333,0.0249,1.3372,6.86,8.39
TATACONSUM,Tata Consumer Products Ltd,8.32,10.6,307664.97,14.67,8.63,0.0497,0.0289,1.7218,6.86,8.39
TATACONSUM,Tata Consumer Products Ltd,8.32,10.6,307664.97,14.67,8.63,0.0623,0.042,1.484,6.86,8.39
TATACONSUM,Tata Consumer Products Ltd,8.32,10.6,307664.97,14.67,8.63,0.064,0.046,1.3911,6.86,8.39
TATACONSUM,Tata Consumer Products Ltd,8.32,10.6,307664.97,14.67,8.63,0.067,0.0482,1.3918,6.86,8.39
TATACONSUM,Tata Consumer Products Ltd,8.32,10.6,307664.97,14.67,8.63,0.0726,0.0476,1.5245,6.86,8.39
TATACONSUM,Tata Consumer Products Ltd,8.32,10.6,307664.97,14.67,8.63,0.0757,0.0436,1.7363,6.86,8.39
TATACONSUM,Tata Consumer Products Ltd,8.32,10.6,307664.97,14.67,8.63,0.0791,0.0531,1.4878,6.86,8.39
TATACONSUM,Tata Consumer Products Ltd,8.32,10.6,307664.97,14.67,8.63,0.0811,0.058,1.3984,6.86,8.39
TATACONSUM,Tata Consumer Products Ltd,8.32,10.6,307664.97,14.67,8.63,0.0872,0.0515,1.6945,6.86,8.39
TATACONSUM,Tata Consumer Products Ltd,8.32,10.6,307664.97,14.67,8.63,0.0925,0.0506,1.8283,6.86,8.39
TATACONSUM,Tata Consumer Products Ltd,8.32,10.6,314022.94,66.35,4.55,-0.0059,-0.0037,1.584,6.86,8.39
TATACONSUM,Tata Consumer Products Ltd,8.32,10.6,314022.94,66.35,4.55,0.0333,0.0249,1.3372,6.86,8.39
TATACONSUM,Tata Consumer Products Ltd,8.32,10.6,314022.94,66.35,4.55,0.0497,0.0289,1.7218,6.86,8.39
TATACONSUM,Tata Consumer Products Ltd,8.32,10.6,314022.94,66.35,4.55,0.0623,0.042,1.484,6.86,8.39
TATACONSUM,Tata Consumer Products Ltd,8.32,10.6,314022.94,66.35,4.55,0.064,0.046,1.3911,6.86,8.39
TATACONSUM,Tata Consumer Products Ltd,8.32,10.6,314022.94,66.35,4.55,0.067,0.0482,1.3918,6.86,8.39
TATACONSUM,Tata Consumer Products Ltd,8.32,10.6,314022.94,66.35,4.55,0.0726,0.0476,1.5245,6.86,8.39
TATACONSUM,Tata Consumer Products Ltd,8.32,10.6,314022.94,66.35,4.55,0.0757,0.0436,1.7363,6.86,8.39
TATACONSUM,Tata Consumer Products Ltd,8.32,10.6,314022.94,66.35,4.55,0.0791,0.0531,1.4878,6.86,8.39
TATACONSUM,Tata Consumer Products Ltd,8.32,10.6,314022.94,66.35,4.55,0.0811,0.058,1.3984,6.86,8.39
TATACONSUM,Tata Consumer Products Ltd,8.32,10.6,314022.94,66.35,4.55,0.0872,0.0515,1.6945,6.86,8.39
TATACONSUM,Tata Consumer Products Ltd,8.32,10.6,314022.94,66.35,4.55,0.0925,0.0506,1.8283,6.86,8.39
TATACONSUM,Tata Consumer Products Ltd,8.32,10.6,350543.35,54.79,7.14,-0.0059,-0.0037,1.584,6.86,8.39
TATACONSUM,Tata Consumer Products Ltd,8.32,10.6,350543.35,54.79,7.14,0.0333,0.0249,1.3372,6.86,8.39
TATACONSUM,Tata Consumer Products Ltd,8.32,10.6,350543.35,54.79,7.14,0.0497,0.0289,1.7218,6.86,8.39
TATACONSUM,Tata Consumer Products Ltd,8.32,10.6,350543.35,54.79,7.14,0.0623,0.042,1.484,6.86,8.39
TATACONSUM,Tata Consumer Products Ltd,8.32,10.6,350543.35,54.79,7.14,0.064,0.046,1.3911,6.86,8.39
TATACONSUM,Tata Consumer Products Ltd,8.32,10.6,350543.35,54.79,7.14,0.067,0.0482,1.3918,6.86,8.39
TATACONSUM,Tata Consumer Products Ltd,8.32,10.6,350543.35,54.79,7.14,0.0726,0.0476,1.5245,6.86,8.39
TATACONSUM,Tata Consumer Products Ltd,8.32,10.6,350543.35,54.79,7.14,0.0757,0.0436,1.7363,6.86,8.39
TATACONSUM,Tata Consumer Products Ltd,8.32,10.6,350543.35,54.79,7.14,0.0791,0.0531,1.4878,6.86,8.39
TATACONSUM,Tata Consumer Products Ltd,8.32,10.6,350543.35,54.79,7.14,0.0811,0.058,1.3984,6.86,8.39
TATACONSUM,Tata Consumer Products Ltd,8.32,10.6,350543.35,54.79,7.14,0.0872,0.0515,1.6945,6.86,8.39
TATACONSUM,Tata Consumer Products Ltd,8.32,10.6,350543.35,54.79,7.14,0.0925,0.0506,1.8283,6.86,8.39
TATACONSUM,Tata Consumer Products Ltd,8.32,10.6,365505.69,77.06,7.38,-0.0059,-0.0037,1.584,6.86,8.39
TATACONSUM,Tata Consumer Products Ltd,8.32,10.6,365505.69,77.06,7.38,0.0333,0.0249,1.3372,6.86,8.39
TATACONSUM,Tata Consumer Products Ltd,8.32,10.6,365505.69,77.06,7.38,0.0497,0.0289,1.7218,6.86,8.39
TATACONSUM,Tata Consumer Products Ltd,8.32,10.6,365505.69,77.06,7.38,0.0623,0.042,1.484,6.86,8.39
TATACONSUM,Tata Consumer Products Ltd,8.32,10.6,365505.69,77.06,7.38,0.064,0.046,1.3911,6.86,8.39
TATACONSUM,Tata Consumer Products Ltd,8.32,10.6,365505.69,77.06,7.38,0.067,0.0482,1.3918,6.86,8.39
TATACONSUM,Tata Consumer Products Ltd,8.32,10.6,365505.69,77.06,7.38,0.0726,0.0476,1.5245,6.86,8.39
TATACONSUM,Tata Consumer Products Ltd,8.32,10.6,365505.69,77.06,7.38,0.0757,0.0436,1.7363,6.86,8.39
TATACONSUM,Tata Consumer Products Ltd,8.32,10.6,365505.69,77.06,7.38,0.0791,0.0531,1.4878,6.86,8.39
TATACONSUM,Tata Consumer Products Ltd,8.32,10.6,365505.69,77.06,7.38,0.0811,0.058,1.3984,6.86,8.39
TATACONSUM,Tata Consumer Products Ltd,8.32,10.6,365505.69,77.06,7.38,0.0872,0.0515,1.6945,6.86,8.39
TATACONSUM,Tata Consumer Products Ltd,8.32,10.6,365505.69,77.06,7.38,0.0925,0.0506,1.8283,6.86,8.39
TATAMOTORS,Tata Motors Ltd,49.4,20.1,919827.57,14.79,1.74,-0.4773,-0.094,5.0799,7.31,10.71
TATAMOTORS,Tata Motors Ltd,49.4,20.1,919827.57,14.79,1.74,-0.2538,-0.0344,7.3845,7.31,10.71
TATAMOTORS,Tata Motors Ltd,49.4,20.1,919827.57,14.79,1.74,-0.2425,-0.0392,6.1826,7.31,10.71
TATAMOTORS,Tata Motors Ltd,49.4,20.1,919827.57,14.79,1.74,-0.1898,-0.0374,5.0758,7.31,10.71
TATAMOTORS,Tata Motors Ltd,49.4,20.1,919827.57,14.79,1.74,0.0594,0.008,7.3844,7.31,10.71
TATAMOTORS,Tata Motors Ltd,49.4,20.1,919827.57,14.79,1.74,0.0953,0.0278,3.4287,7.31,10.71
TATAMOTORS,Tata Motors Ltd,49.4,20.1,919827.57,14.79,1.74,0.1302,0.0277,4.6946,7.31,10.71
TATAMOTORS,Tata Motors Ltd,49.4,20.1,919827.57,14.79,1.74,0.1479,0.0444,3.3335,7.31,10.71
TATAMOTORS,Tata Motors Ltd,49.4,20.1,919827.57,14.79,1.74,0.2142,0.0643,3.3295,7.31,10.71
TATAMOTORS,Tata Motors Ltd,49.4,20.1,919827.57,14.79,1.74,0.2501,0.0593,4.218,7.31,10.71
TATAMOTORS,Tata Motors Ltd,49.4,20.1,919827.57,14.79,1.74,0.2651,0.0593,4.4725,7.31,10.71
TATAMOTORS,Tata Motors Ltd,49.4,20.1,919827.57,14.79,1.74,0.3746,0.0861,4.3515,7.31,10.71
TATAMOTORS,Tata Motors Ltd,49.4,20.1,1047137.5,26.23,11.5,-0.4773,-0.094,5.0799,7.31,10.71
TATAMOTORS,Tata Motors Ltd,49.4,20.1,1047137.5,26.23,11.5,-0.2538,-0.0344,7.3845,7.31,10.71
TATAMOTORS,Tata Motors Ltd,49.4,20.1,1047137.5,26.23,11.5,-0.2425,-0.0392,6.1826,7.31,10.71
TATAMOTORS,Tata Motors Ltd,49.4,20.1,1047137.5,26.23,11.5,-0.1898,-0.0374,5.0758,7.31,10.71
TATAMOTORS,Tata Motors Ltd,49.4,20.1,1047137.5,26.23,11.5,0.0594,0.008,7.3844,7.31,10.71
TATAMOTORS,Tata Motors Ltd,49.4,20.1,1047137.5,26.23,11.5,0.0953,0.0278,3.4287,7.31,10.71
TATAMOTORS,Tata Motors Ltd,49.4,20.1,1047137.5,26.23,11.5,0.1302,0.0277,4.6946,7.31,10.71
TATAMOTORS,Tata Motors Ltd,49.4,20.1,1047137.5,26.23,11.5,0.1479,0.0444,3.3335,7.31,10.71
TATAMOTORS,Tata Motors Ltd,49.4,20.1,1047137.5,26.23,11.5,0.2142,0.0643,3.3295,7.31,10.71
TATAMOTORS,Tata Motors Ltd,49.4,20.1,1047137.5,26.23,11.5,0.2501,0.0593,4.218,7.31,10.71
TATAMOTORS,Tata Motors Ltd,49.4,20.1,1047137.5,26.23,11.5,0.2651,0.0593,4.4725,7.31,10.71
TATAMOTORS,Tata Motors Ltd,49.4,20.1,1047137.5,26.23,11.5,0.3746,0.0861,4.3515,7.31,10.71
TATAMOTORS,Tata Motors Ltd,49.4,20.1,1182658.61,29.26,10.95,-0.4773,-0.094,5.0799,7.31,10.71
TATAMOTORS,Tata Motors Ltd,49.4,20.1,1182658.61,29.26,10.95,-0.2538,-0.0344,7.3845,7.31,10.71
TATAMOTORS,Tata Motors Ltd,49.4,20.1,1182658.61,29.26,10.95,-0.2425,-0.0392,6.1826,7.31,10.71
TATAMOTORS,Tata Motors Ltd,49.4,20.1,1182658.61,29.26,10.95,-0.1898,-0.0374,5.0758,7.31,10.71
TATAMOTORS,Tata Motors Ltd,49.4,20.1,1182658.61,29.26,10.95,0.0594,0.008,7.3844,7.31,10.71
TATAMOTORS,Tata Motors Ltd,49.4,20.1,1182658.61,29.26,10.95,0.0953,0.0278,3.4287,7.31,10.71
TATAMOTORS,Tata Motors Ltd,49.4,20.1,1182658.61,29.26,10.95,0.1302,0.0277,4.6946,7.31,10.71
TATAMOTORS,Tata Motors Ltd,49.4,20.1,1182658.61,29.26,10.95,0.1479,0.0444,3.3335,7.31,10.71
TATAMOTORS,Tata Motors Ltd,49.4,20.1,1182658.61,29.26,10.95,0.2142,0.0643,3.3295,7.31,10.71
TATAMOTORS,Tata Motors Ltd,49.4,20.1,1182658.61,29.26,10.95,0.2501,0.0593,4.218,7.31,10.71
TATAMOTORS,Tata Motors Ltd,49.4,20.1,1182658.61,29.26,10.95,0.2651,0.0593,4.4725,7.31,10.71
TATAMOTORS,Tata Motors Ltd,49.4,20.1,1182658.61,29.26,10.95,0.3746,0.0861,4.3515,7.31,10.71
TATAMOTORS,Tata Motors Ltd,49.4,20.1,1385832.42,56.26,6.18,-0.4773,-0.094,5.0799,7.31,10.71
TATAMOTORS,Tata Motors Ltd,49.4,20.1,1385832.42,56.26,6.18,-0.2538,-0.0344,7.3845,7.31,10.71
TATAMOTORS,Tata Motors Ltd,49.4,20.1,1385832.42,56.26,6.18,-0.2425,-0.0392,6.1826,7.31,10.71
TATAMOTORS,Tata Motors Ltd,49.4,20.1,1385832.42,56.26,6.18,-0.1898,-0.0374,5.0758,7.31,10.71
TATAMOTORS,Tata Motors Ltd,49.4,20.1,1385832.42,56.26,6.18,0.0594,0.008,7.3844,7.31,10.71
TATAMOTORS,Tata Motors Ltd,49.4,20.1,1385832.42,56.26,6.18,0.0953,0.0278,3.4287,7.31,10.71
TATAMOTORS,Tata Motors Ltd,49.4,20.1,1385832.42,56.26,6.18,0.1302,0.0277,4.6946,7.31,10.71
TATAMOTORS,Tata Motors Ltd,49.4,20.1,1385832.42,56.26,6.18,0.1479,0.0444,3.3335,7.31,10.71
TATAMOTORS,Tata Motors Ltd,49.4,20.1,1385832.42,56.26,6.18,0.2142,0.0643,3.3295,7.31,10.71
TATAMOTORS,Tata Motors Ltd,49.4,20.1,1385832.42,56.26,6.18,0.2501,0.0593,4.218,7.31,10.71
TATAMOTORS,Tata Motors Ltd,49.4,20.1,1385832.42,56.26,6.18,0.2651,0.0593,4.4725,7.31,10.71
TATAMOTORS,Tata Motors Ltd,49.4,20.1,1385832.42,56.26,6.18,0.3746,0.0861,4.3515,7.31,10.71
TATAMOTORS,Tata Motors Ltd,49.4,20.1,1427382.48,34.17,1.87,-0.4773,-0.094,5.0799,7.31,10.71
TATAMOTORS,Tata Motors Ltd,49.4,20.1,1427382.48,34.17,1.87,-0.2538,-0.0344,7.3845,7.31,10.71
TATAMOTORS,Tata Motors Ltd,49.4,20.1,1427382.48,34.17,1.87,-0.2425,-0.0392,6.1826,7.31,10.71
TATAMOTORS,Tata Motors Ltd,49.4,20.1,1427382.48,34.17,1.87,-0.1898,-0.0374,5.0758,7.31,10.71
TATAMOTORS,Tata Motors Ltd,49.4,20.1,1427382.48,34.17,1.87,0.0594,0.008,7.3844,7.31,10.71
TATAMOTORS,Tata Motors Ltd,49.4,20.1,1427382.48,34.17,1.87,0.0953,0.0278,3.4287,7.31,10.71
TATAMOTORS,Tata Motors Ltd,49.4,20.1,1427382.48,34.17,1.87,0.1302,0.0277,4.6946,7.31,10.71
TATAMOTORS,Tata Motors Ltd,49.4,20.1,1427382.48,34.17,1.87,0.1479,0.0444,3.3335,7.31,10.71
TATAMOTORS,Tata Motors Ltd,49.4,20.1,1427382.48,34.17,1.87,0.2142,0.0643,3.3295,7.31,10.71
TATAMOTORS,Tata Motors Ltd,49.4,20.1,1427382.48,34.17,1.87,0.2501,0.0593,4.218,7.31,10.71
TATAMOTORS,Tata Motors Ltd,49.4,20.1,1427382.48,34.17,1.87,0.2651,0.0593,4.4725,7.31,10.71
TATAMOTORS,Tata Motors Ltd,49.4,20.1,1427382.48,34.17,1.87,0.3746,0.0861,4.3515,7.31,10.71
TATAMOTORS,Tata Motors Ltd,49.4,20.1,1504106.64,67.07,0.93,-0.4773,-0.094,5.0799,7.31,10.71
TATAMOTORS,Tata Motors Ltd,49.4,20.1,1504106.64,67.07,0.93,-0.2538,-0.0344,7.3845,7.31,10.71
TATAMOTORS,Tata Motors Ltd,49.4,20.1,1504106.64,67.07,0.93,-0.2425,-0.0392,6.1826,7.31,10.71
TATAMOTORS,Tata Motors Ltd,49.4,20.1,1504106.64,67.07,0.93,-0.1898,-0.0374,5.0758,7.31,10.71
TATAMOTORS,Tata Motors Ltd,49.4,20.1,1504106.64,67.07,0.93,0.0594,0.008,7.3844,7.31,10.71
TATAMOTORS,Tata Motors Ltd,49.4,20.1,1504106.64,67.07,0.93,0.0953,0.0278,3.4287,7.31,10.71
TATAMOTORS,Tata Motors Ltd,49.4,20.1,1504106.64,67.07,0.93,0.1302,0.0277,4.6946,7.31,10.71
TATAMOTORS,Tata Motors Ltd,49.4,20.1,1504106.64,67.07,0.93,0.1479,0.0444,3.3335,7.31,10.71
TATAMOTORS,Tata Motors Ltd,49.4,20.1,1504106.64,67.07,0.93,0.2142,0.0643,3.3295,7.31,10.71
TATAMOTORS,Tata Motors Ltd,49.4,20.1,1504106.64,67.07,0.93,0.2501,0.0593,4.218,7.31,10.71
TATAMOTORS,Tata Motors Ltd,49.4,20.1,1504106.64,67.07,0.93,0.2651,0.0593,4.4725,7.31,10.71
TATAMOTORS,Tata Motors Ltd,49.4,20.1,1504106.64,67.07,0.93,0.3746,0.0861,4.3515,7.31,10.71
TATAPOWER,"Tata Power Company Ltd
",11.3,11.1,1402442.85,14.5,4.29,0.001,0.0002,5.7562,5.56,34.74
TATAPOWER,"Tata Power Company Ltd
",11.3,11.1,1402442.85,14.5,4.29,0.01,0.0018,5.4525,5.56,34.74
TATAPOWER,"Tata Power Company Ltd
",11.3,11.1,1402442.85,14.5,4.29,0.0319,0.0061,5.2511,5.56,34.74
TATAPOWER,"Tata Power Company Ltd
",11.3,11.1,1402442.85,14.5,4.29,0.0645,0.0146,4.4194,5.56,34.74
TATAPOWER,"Tata Power Company Ltd
",11.3,11.1,1402442.85,14.5,4.29,0.0673,0.0147,4.5832,5.56,34.74
TATAPOWER,"Tata Power Company Ltd
",11.3,11.1,1402442.85,14.5,4.29,0.0676,0.0112,6.0223,5.56,34.74
TATAPOWER,"Tata Power Company Ltd
",11.3,11.1,1402442.85,14.5,4.29,0.0832,0.0133,6.2683,5.56,34.74
TATAPOWER,"Tata Power Company Ltd
",11.3,11.1,1402442.85,14.5,4.29,0.0961,0.0192,5.0152,5.56,34.74
TATAPOWER,"Tata Power Company Ltd
",11.3,11.1,1402442.85,14.5,4.29,0.1323,0.0297,4.4496,5.56,34.74
TATAPOWER,"Tata Power Company Ltd
",11.3,11.1,1402442.85,14.5,4.29,0.1323,0.0308,4.2976,5.56,34.74
TATAPOWER,"Tata Power Company Ltd
",11.3,11.1,1402442.85,14.5,4.29,0.1424,0.031,4.5929,5.56,34.74
TATAPOWER,"Tata Power Company Ltd
",11.3,11.1,1402442.85,14.5,4.29,0.1592,0.0319,4.9937,5.56,34.74
TATAPOWER,"Tata Power Company Ltd
",11.3,11.1,1446057.42,58.26,0.71,0.001,0.0002,5.7562,5.56,34.74
TATAPOWER,"Tata Power Company Ltd
",11.3,11.1,1446057.42,58.26,0.71,0.01,0.0018,5.4525,5.56,34.74
TATAPOWER,"Tata Power Company Ltd
",11.3,11.1,1446057.42,58.26,0.71,0.0319,0.0061,5.2511,5.56,34.74
TATAPOWER,"Tata Power Company Ltd
",11.3,11.1,1446057.42,58.26,0.71,0.0645,0.0146,4.4194,5.56,34.74
TATAPOWER,"Tata Power Company Ltd
",11.3,11.1,1446057.42,58.26,0.71,0.0673,0.0147,4.5832,5.56,34.74
TATAPOWER,"Tata Power Company Ltd
",11.3,11.1,1446057.42,58.26,0.71,0.0676,0.0112,6.0223,5.56,34.74
TATAPOWER,"Tata Power Company Ltd
",11.3,11.1,1446057.42,58.26,0.71,0.0832,0.0133,6.2683,5.56,34.74
TATAPOWER,"Tata Power Company Ltd
",11.3,11.1,1446057.42,58.26,0.71,0.0961,0.0192,5.0152,5.56,34.74
TATAPOWER,"Tata Power Company Ltd
",11.3,11.1,1446057.42,58.26,0.71,0.1323,0.0297,4.4496,5.56,34.74
TATAPOWER,"Tata Power Company Ltd
",11.3,11.1,1446057.42,58.26,0.71,0.1323,0.0308,4.2976,5.56,34.74
TATAPOWER,"Tata Power Company Ltd
",11.3,11.1,1446057.42,58.26,0.71,0.1424,0.031,4.5929,5.56,34.74
TATAPOWER,"Tata Power Company Ltd
",11.3,11.1,1446057.42,58.26,0.71,0.1592,0.0319,4.9937,5.56,34.74
TATAPOWER,"Tata Power Company Ltd
",11.3,11.1,1458746.25,22.32,3.71,0.001,0.0002,5.7562,5.56,34.74
TATAPOWER,"Tata Power Company Ltd
",11.3,11.1,1458746.25,22.32,3.71,0.01,0.0018,5.4525,5.56,34.74
TATAPOWER,"Tata Power Company Ltd
",11.3,11.1,1458746.25,22.32,3.71,0.0319,0.0061,5.2511,5.56,34.74
TATAPOWER,"Tata Power Company Ltd
",11.3,11.1,1458746.25,22.32,3.71,0.0645,0.0146,4.4194,5.56,34.74
TATAPOWER,"Tata Power Company Ltd
",11.3,11.1,1458746.25,22.32,3.71,0.0673,0.0147,4.5832,5.56,34.74
TATAPOWER,"Tata Power Company Ltd
",11.3,11.1,1458746.25,22.32,3.71,0.0676,0.0112,6.0223,5.56,34.74
TATAPOWER,"Tata Power Company Ltd
",11.3,11.1,1458746.25,22.32,3.71,0.0832,0.0133,6.2683,5.56,34.74
TATAPOWER,"Tata Power Company Ltd
",11.3,11.1,1458746.25,22.32,3.71,0.0961,0.0192,5.0152,5.56,34.74
TATAPOWER,"Tata Power Company Ltd
",11.3,11.1,1458746.25,22.32,3.71,0.1323,0.0297,4.4496,5.56,34.74
TATAPOWER,"Tata Power Company Ltd
",11.3,11.1,1458746.25,22.32,3.71,0.1323,0.0308,4.2976,5.56,34.74
TATAPOWER,"Tata Power Company Ltd
",11.3,11.1,1458746.25,22.32,3.71,0.1424,0.031,4.5929,5.56,34.74
TATAPOWER,"Tata Power Company Ltd
",11.3,11.1,1458746.25,22.32,3.71,0.1592,0.0319,4.9937,5.56,34.74
TATAPOWER,"Tata Power Company Ltd
",11.3,11.1,1511545.08,72.1,1.81,0.001,0.0002,5.7562,5.56,34.74
TATAPOWER,"Tata Power Company Ltd
",11.3,11.1,1511545.08,72.1,1.81,0.01,0.0018,5.4525,5.56,34.74
TATAPOWER,"Tata Power Company Ltd
",11.3,11.1,1511545.08,72.1,1.81,0.0319,0.0061,5.2511,5.56,34.74
TATAPOWER,"Tata Power Company Ltd
",11.3,11.1,1511545.08,72.1,1.81,0.0645,0.0146,4.4194,5.56,34.74
TATAPOWER,"Tata Power Company Ltd
",11.3,11.1,1511545.08,72.1,1.81,0.0673,0.0147,4.5832,5.56,34.74
TATAPOWER,"Tata Power Company Ltd
",11.3,11.1,1511545.08,72.1,1.81,0.0676,0.0112,6.0223,5.56,34.74
TATAPOWER,"Tata Power Company Ltd
",11.3,11.1,1511545.08,72.1,1.81,0.0832,0.0133,6.2683,5.56,34.74
TATAPOWER,"Tata Power Company Ltd
",11.3,11.1,1511545.08,72.1,1.81,0.0961,0.0192,5.0152,5.56,34.74
TATAPOWER,"Tata Power Company Ltd
",11.3,11.1,1511545.08,72.1,1.81,0.1323,0.0297,4.4496,5.56,34.74
TATAPOWER,"Tata Power Company Ltd
",11.3,11.1,1511545.08,72.1,1.81,0.1323,0.0308,4.2976,5.56,34.74
TATAPOWER,"Tata Power Company Ltd
",11.3,11.1,1511545.08,72.1,1.81,0.1424,0.031,4.5929,5.56,34.74
TATAPOWER,"Tata Power Company Ltd
",11.3,11.1,1511545.08,72.1,1.81,0.1592,0.0319,4.9937,5.56,34.74
TATAPOWER,"Tata Power Company Ltd
",11.3,11.1,1592398.68,24.7,10.29,0.001,0.0002,5.7562,5.56,34.74
TATAPOWER,"Tata Power Company Ltd
",11.3,11.1,1592398.68,24.7,10.29,0.01,0.0018,5.4525,5.56,34.74
TATAPOWER,"Tata Power Company Ltd
",11.3,11.1,1592398.68,24.7,10.29,0.0319,0.0061,5.2511,5.56,34.74
TATAPOWER,"Tata Power Company Ltd
",11.3,11.1,1592398.68,24.7,10.29,0.0645,0.0146,4.4194,5.56,34.74
TATAPOWER,"Tata Power Company Ltd
",11.3,11.1,1592398.68,24.7,10.29,0.0673,0.0147,4.5832,5.56,34.74
TATAPOWER,"Tata Power Company Ltd
",11.3,11.1,1592398.68,24.7,10.29,0.0676,0.0112,6.0223,5.56,34.74
TATAPOWER,"Tata Power Company Ltd
",11.3,11.1,1592398.68,24.7,10.29,0.0832,0.0133,6.2683,5.56,34.74
TATAPOWER,"Tata Power Company Ltd
",11.3,11.1,1592398.68,24.7,10.29,0.0961,0.0192,5.0152,5.56,34.74
TATAPOWER,"Tata Power Company Ltd
",11.3,11.1,1592398.68,24.7,10.29,0.1323,0.0297,4.4496,5.56,34.74
TATAPOWER,"Tata Power Company Ltd
",11.3,11.1,1592398.68,24.7,10.29,0.1323,0.0308,4.2976,5.56,34.74
TATAPOWER,"Tata Power Company Ltd
",11.3,11.1,1592398.68,24.7,10.29,0.1424,0.031,4.5929,5.56,34.74
TATAPOWER,"Tata Power Company Ltd
",11.3,11.1,1592398.68,24.7,10.29,0.1592,0.0319,4.9937,5.56,34.74
TATAPOWER,"Tata Power Company Ltd
",11.3,11.1,1647269.48,14.5,3.48,0.001,0.0002,5.7562,5.56,34.74
TATAPOWER,"Tata Power Company Ltd
",11.3,11.1,1647269.48,14.5,3.48,0.01,0.0018,5.4525,5.56,34.74
TATAPOWER,"Tata Power Company Ltd
",11.3,11.1,1647269.48,14.5,3.48,0.0319,0.0061,5.2511,5.56,34.74
TATAPOWER,"Tata Power Company Ltd
",11.3,11.1,1647269.48,14.5,3.48,0.0645,0.0146,4.4194,5.56,34.74
TATAPOWER,"Tata Power Company Ltd
",11.3,11.1,1647269.48,14.5,3.48,0.0673,0.0147,4.5832,5.56,34.74
TATAPOWER,"Tata Power Company Ltd
",11.3,11.1,1647269.48,14.5,3.48,0.0676,0.0112,6.0223,5.56,34.74
TATAPOWER,"Tata Power Company Ltd
",11.3,11.1,1647269.48,14.5,3.48,0.0832,0.0133,6.2683,5.56,34.74
TATAPOWER,"Tata Power Company Ltd
",11.3,11.1,1647269.48,14.5,3.48,0.0961,0.0192,5.0152,5.56,34.74
TATAPOWER,"Tata Power Company Ltd
",11.3,11.1,1647269.48,14.5,3.48,0.1323,0.0297,4.4496,5.56,34.74
TATAPOWER,"Tata Power Company Ltd
",11.3,11.1,1647269.48,14.5,3.48,0.1323,0.0308,4.2976,5.56,34.74
TATAPOWER,"Tata Power Company Ltd
",11.3,11.1,1647269.48,14.5,3.48,0.1424,0.031,4.5929,5.56,34.74
TATAPOWER,"Tata Power Company Ltd
",11.3,11.1,1647269.48,14.5,3.48,0.1592,0.0319,4.9937,5.56,34.74
TATASTEEL,"Tata Steel Ltd
",6.55,7.02,293941.16,52.14,11.02,-0.2128,-0.0495,4.2981,4.21,
TATASTEEL,"Tata Steel Ltd
",6.55,7.02,293941.16,52.14,11.02,-0.1256,-0.0248,5.0754,4.21,
TATASTEEL,"Tata Steel Ltd
",6.55,7.02,293941.16,52.14,11.02,-0.1102,-0.0242,4.5598,4.21,
TATASTEEL,"Tata Steel Ltd
",6.55,7.02,293941.16,52.14,11.02,-0.0533,-0.0182,2.9262,4.21,
TATASTEEL,"Tata Steel Ltd
",6.55,7.02,293941.16,52.14,11.02,-0.0114,-0.0028,4.0447,4.21,
TATASTEEL,"Tata Steel Ltd
",6.55,7.02,293941.16,52.14,11.02,0.016,0.0047,3.3863,4.21,
TATASTEEL,"Tata Steel Ltd
",6.55,7.02,293941.16,52.14,11.02,0.0783,0.0283,2.7686,4.21,
TATASTEEL,"Tata Steel Ltd
",6.55,7.02,293941.16,52.14,11.02,0.0904,0.0214,4.2338,4.21,
TATASTEEL,"Tata Steel Ltd
",6.55,7.02,293941.16,52.14,11.02,0.1103,0.0336,3.2855,4.21,
TATASTEEL,"Tata Steel Ltd
",6.55,7.02,293941.16,52.14,11.02,0.1323,0.0392,3.3772,4.21,
TATASTEEL,"Tata Steel Ltd
",6.55,7.02,293941.16,52.14,11.02,0.2915,0.085,3.4289,4.21,
TATASTEEL,"Tata Steel Ltd
",6.55,7.02,293941.16,52.14,11.02,0.3648,0.1478,2.4678,4.21,
TATASTEEL,"Tata Steel Ltd
",6.55,7.02,320309.06,19.23,3.0,-0.2128,-0.0495,4.2981,4.21,
TATASTEEL,"Tata Steel Ltd
",6.55,7.02,320309.06,19.23,3.0,-0.1256,-0.0248,5.0754,4.21,
TATASTEEL,"Tata Steel Ltd
",6.55,7.02,320309.06,19.23,3.0,-0.1102,-0.0242,4.5598,4.21,
TATASTEEL,"Tata Steel Ltd
",6.55,7.02,320309.06,19.23,3.0,-0.0533,-0.0182,2.9262,4.21,
TATASTEEL,"Tata Steel Ltd
",6.55,7.02,320309.06,19.23,3.0,-0.0114,-0.0028,4.0447,4.21,
TATASTEEL,"Tata Steel Ltd
",6.55,7.02,320309.06,19.23,3.0,0.016,0.0047,3.3863,4.21,
TATASTEEL,"Tata Steel Ltd
",6.55,7.02,320309.06,19.23,3.0,0.0783,0.0283,2.7686,4.21,
TATASTEEL,"Tata Steel Ltd
",6.55,7.02,320309.06,19.23,3.0,0.0904,0.0214,4.2338,4.21,
TATASTEEL,"Tata Steel Ltd
",6.55,7.02,320309.06,19.23,3.0,0.1103,0.0336,3.2855,4.21,
TATASTEEL,"Tata Steel Ltd
",6.55,7.02,320309.06,19.23,3.0,0.1323,0.0392,3.3772,4.21,
TATASTEEL,"Tata Steel Ltd
",6.55,7.02,320309.06,19.23,3.0,0.2915,0.085,3.4289,4.21,
TATASTEEL,"Tata Steel Ltd
",6.55,7.02,320309.06,19.23,3.0,0.3648,0.1478,2.4678,4.21,
TATASTEEL,"Tata Steel Ltd
",6.55,7.02,339775.94,73.73,10.62,-0.2128,-0.0495,4.2981,4.21,
TATASTEEL,"Tata Steel Ltd
",6.55,7.02,339775.94,73.73,10.62,-0.1256,-0.0248,5.0754,4.21,
TATASTEEL,"Tata Steel Ltd
",6.55,7.02,339775.94,73.73,10.62,-0.1102,-0.0242,4.5598,4.21,
TATASTEEL,"Tata Steel Ltd
",6.55,7.02,339775.94,73.73,10.62,-0.0533,-0.0182,2.9262,4.21,
TATASTEEL,"Tata Steel Ltd
",6.55,7.02,339775.94,73.73,10.62,-0.0114,-0.0028,4.0447,4.21,
TATASTEEL,"Tata Steel Ltd
",6.55,7.02,339775.94,73.73,10.62,0.016,0.0047,3.3863,4.21,
TATASTEEL,"Tata Steel Ltd
",6.55,7.02,339775.94,73.73,10.62,0.0783,0.0283,2.7686,4.21,
TATASTEEL,"Tata Steel Ltd
",6.55,7.02,339775.94,73.73,10.62,0.0904,0.0214,4.2338,4.21,
TATASTEEL,"Tata Steel Ltd
",6.55,7.02,339775.94,73.73,10.62,0.1103,0.0336,3.2855,4.21,
TATASTEEL,"Tata Steel Ltd
",6.55,7.02,339775.94,73.73,10.62,0.1323,0.0392,3.3772,4.21,
TATASTEEL,"Tata Steel Ltd
",6.55,7.02,339775.94,73.73,10.62,0.2915,0.085,3.4289,4.21,
TATASTEEL,"Tata Steel Ltd
",6.55,7.02,339775.94,73.73,10.62,0.3648,0.1478,2.4678,4.21,
TATASTEEL,"Tata Steel Ltd
",6.55,7.02,358418.76,33.03,9.76,-0.2128,-0.0495,4.2981,4.21,
TATASTEEL,"Tata Steel Ltd
",6.55,7.02,358418.76,33.03,9.76,-0.1256,-0.0248,5.0754,4.21,
TATASTEEL,"Tata Steel Ltd
",6.55,7.02,358418.76,33.03,9.76,-0.1102,-0.0242,4.5598,4.21,
TATASTEEL,"Tata Steel Ltd
",6.55,7.02,358418.76,33.03,9.76,-0.0533,-0.0182,2.9262,4.21,
TATASTEEL,"Tata Steel Ltd
",6.55,7.02,358418.76,33.03,9.76,-0.0114,-0.0028,4.0447,4.21,
TATASTEEL,"Tata Steel Ltd
",6.55,7.02,358418.76,33.03,9.76,0.016,0.0047,3.3863,4.21,
TATASTEEL,"Tata Steel Ltd
",6.55,7.02,358418.76,33.03,9.76,0.0783,0.0283,2.7686,4.21,
TATASTEEL,"Tata Steel Ltd
",6.55,7.02,358418.76,33.03,9.76,0.0904,0.0214,4.2338,4.21,
TATASTEEL,"Tata Steel Ltd
",6.55,7.02,358418.76,33.03,9.76,0.1103,0.0336,3.2855,4.21,
TATASTEEL,"Tata Steel Ltd
",6.55,7.02,358418.76,33.03,9.76,0.1323,0.0392,3.3772,4.21,
TATASTEEL,"Tata Steel Ltd
",6.55,7.02,358418.76,33.03,9.76,0.2915,0.085,3.4289,4.21,
TATASTEEL,"Tata Steel Ltd
",6.55,7.02,358418.76,33.03,9.76,0.3648,0.1478,2.4678,4.21,
TATASTEEL,"Tata Steel Ltd
",6.55,7.02,363770.91,55.54,7.39,-0.2128,-0.0495,4.2981,4.21,
TATASTEEL,"Tata Steel Ltd
",6.55,7.02,363770.91,55.54,7.39,-0.1256,-0.0248,5.0754,4.21,
TATASTEEL,"Tata Steel Ltd
",6.55,7.02,363770.91,55.54,7.39,-0.1102,-0.0242,4.5598,4.21,
TATASTEEL,"Tata Steel Ltd
",6.55,7.02,363770.91,55.54,7.39,-0.0533,-0.0182,2.9262,4.21,
TATASTEEL,"Tata Steel Ltd
",6.55,7.02,363770.91,55.54,7.39,-0.0114,-0.0028,4.0447,4.21,
TATASTEEL,"Tata Steel Ltd
",6.55,7.02,363770.91,55.54,7.39,0.016,0.0047,3.3863,4.21,
TATASTEEL,"Tata Steel Ltd
",6.55,7.02,363770.91,55.54,7.39,0.0783,0.0283,2.7686,4.21,
TATASTEEL,"Tata Steel Ltd
",6.55,7.02,363770.91,55.54,7.39,0.0904,0.0214,4.2338,4.21,
TATASTEEL,"Tata Steel Ltd
",6.55,7.02,363770.91,55.54,7.39,0.1103,0.0336,3.2855,4.21,
TATASTEEL,"Tata Steel Ltd
",6.55,7.02,363770.91,55.54,7.39,0.1323,0.0392,3.3772,4.21,
TATASTEEL,"Tata Steel Ltd
",6.55,7.02,363770.91,55.54,7.39,0.2915,0.085,3.4289,4.21,
TATASTEEL,"Tata Steel Ltd
",6.55,7.02,363770.91,55.54,7.39,0.3648,0.1478,2.4678,4.21,
TATASTEEL,"Tata Steel Ltd
",6.55,7.02,369110.65,48.97,9.23,-0.2128,-0.0495,4.2981,4.21,
TATASTEEL,"Tata Steel Ltd
",6.55,7.02,369110.65,48.97,9.23,-0.1256,-0.0248,5.0754,4.21,
TATASTEEL,"Tata Steel Ltd
",6.55,7.02,369110.65,48.97,9.23,-0.1102,-0.0242,4.5598,4.21,
TATASTEEL,"Tata Steel Ltd
",6.55,7.02,369110.65,48.97,9.23,-0.0533,-0.0182,2.9262,4.21,
TATASTEEL,"Tata Steel Ltd
",6.55,7.02,369110.65,48.97,9.23,-0.0114,-0.0028,4.0447,4.21,
TATASTEEL,"Tata Steel Ltd
",6.55,7.02,369110.65,48.97,9.23,0.016,0.0047,3.3863,4.21,
TATASTEEL,"Tata Steel Ltd
",6.55,7.02,369110.65,48.97,9.23,0.0783,0.0283,2.7686,4.21,
TATASTEEL,"Tata Steel Ltd
",6.55,7.02,369110.65,48.97,9.23,0.0904,0.0214,4.2338,4.21,
TATASTEEL,"Tata Steel Ltd
",6.55,7.02,369110.65,48.97,9.23,0.1103,0.0336,3.2855,4.21,
TATASTEEL,"Tata Steel Ltd
",6.55,7.02,369110.65,48.97,9.23,0.1323,0.0392,3.3772,4.21,
TATASTEEL,"Tata Steel Ltd
",6.55,7.02,369110.65,48.97,9.23,0.2915,0.085,3.4289,4.21,
TATASTEEL,"Tata Steel Ltd
",6.55,7.02,369110.65,48.97,9.23,0.3648,0.1478,2.4678,4.21,
TCS,Tata Consultancy Services Ltd,0.52,64.3,286225.25,47.53,2.11,0.304,0.2462,1.2349,12.25,10.96
TCS,Tata Consultancy Services Ltd,0.52,64.3,286225.25,47.53,2.11,0.3057,0.2576,1.187,12.25,10.96
TCS,Tata Consultancy Services Ltd,0.52,64.3,286225.25,47.53,2.11,0.3424,0.2757,1.2423,12.25,10.96
TCS,Tata Consultancy Services Ltd,0.52,64.3,286225.25,47.53,2.11,0.3529,0.2771,1.2734,12.25,10.96
TCS,Tata Consultancy Services Ltd,0.52,64.3,286225.25,47.53,2.11,0.3652,0.271,1.3473,12.25,10.96
TCS,Tata Consultancy Services Ltd,0.52,64.3,286225.25,47.53,2.11,0.3767,0.2505,1.504,12.25,10.96
TCS,Tata Consultancy Services Ltd,0.52,64.3,286225.25,47.53,2.11,0.3857,0.2701,1.4279,12.25,10.96
TCS,Tata Consultancy Services Ltd,0.52,64.3,286225.25,47.53,2.11,0.393,0.2893,1.3585,12.25,10.96
TCS,Tata Consultancy Services Ltd,0.52,64.3,286225.25,47.53,2.11,0.3962,0.2736,1.448,12.25,10.96
TCS,Tata Consultancy Services Ltd,0.52,64.3,286225.25,47.53,2.11,0.4313,0.2728,1.5809,12.25,10.96
TCS,Tata Consultancy Services Ltd,0.52,64.3,286225.25,47.53,2.11,0.4678,0.2961,1.5799,12.25,10.96
TCS,Tata Consultancy Services Ltd,0.52,64.3,286225.25,47.53,2.11,0.5094,0.3169,1.6076,12.25,10.96
TCS,Tata Consultancy Services Ltd,0.52,64.3,290730.69,57.2,0.61,0.304,0.2462,1.2349,12.25,10.96
TCS,Tata Consultancy Services Ltd,0.52,64.3,290730.69,57.2,0.61,0.3057,0.2576,1.187,12.25,10.96
TCS,Tata Consultancy Services Ltd,0.52,64.3,290730.69,57.2,0.61,0.3424,0.2757,1.2423,12.25,10.96
TCS,Tata Consultancy Services Ltd,0.52,64.3,290730.69,57.2,0.61,0.3529,0.2771,1.2734,12.25,10.96
TCS,Tata Consultancy Services Ltd,0.52,64.3,290730.69,57.2,0.61,0.3652,0.271,1.3473,12.25,10.96
TCS,Tata Consultancy Services Ltd,0.52,64.3,290730.69,57.2,0.61,0.3767,0.2505,1.504,12.25,10.96
TCS,Tata Consultancy Services Ltd,0.52,64.3,290730.69,57.2,0.61,0.3857,0.2701,1.4279,12.25,10.96
TCS,Tata Consultancy Services Ltd,0.52,64.3,290730.69,57.2,0.61,0.393,0.2893,1.3585,12.25,10.96
TCS,Tata Consultancy Services Ltd,0.52,64.3,290730.69,57.2,0.61,0.3962,0.2736,1.448,12.25,10.96
TCS,Tata Consultancy Services Ltd,0.52,64.3,290730.69,57.2,0.61,0.4313,0.2728,1.5809,12.25,10.96
TCS,Tata Consultancy Services Ltd,0.52,64.3,290730.69,57.2,0.61,0.4678,0.2961,1.5799,12.25,10.96
TCS,Tata Consultancy Services Ltd,0.52,64.3,290730.69,57.2,0.61,0.5094,0.3169,1.6076,12.25,10.96
TCS,Tata Consultancy Services Ltd,0.52,64.3,351038.19,79.57,11.14,0.304,0.2462,1.2349,12.25,10.96
TCS,Tata Consultancy Services Ltd,0.52,64.3,351038.19,79.57,11.14,0.3057,0.2576,1.187,12.25,10.96
TCS,Tata Consultancy Services Ltd,0.52,64.3,351038.19,79.57,11.14,0.3424,0.2757,1.2423,12.25,10.96
TCS,Tata Consultancy Services Ltd,0.52,64.3,351038.19,79.57,11.14,0.3529,0.2771,1.2734,12.25,10.96
TCS,Tata Consultancy Services Ltd,0.52,64.3,351038.19,79.57,11.14,0.3652,0.271,1.3473,12.25,10.96
TCS,Tata Consultancy Services Ltd,0.52,64.3,351038.19,79.57,11.14,0.3767,0.2505,1.504,12.25,10.96
TCS,Tata Consultancy Services Ltd,0.52,64.3,351038.19,79.57,11.14,0.3857,0.2701,1.4279,12.25,10.96
TCS,Tata Consultancy Services Ltd,0.52,64.3,351038.19,79.57,11.14,0.393,0.2893,1.3585,12.25,10.96
TCS,Tata Consultancy Services Ltd,0.52,64.3,351038.19,79.57,11.14,0.3962,0.2736,1.448,12.25,10.96
TCS,Tata Consultancy Services Ltd,0.52,64.3,351038.19,79.57,11.14,0.4313,0.2728,1.5809,12.25,10.96
TCS,Tata Consultancy Services Ltd,0.52,64.3,351038.19,79.57,11.14,0.4678,0.2961,1.5799,12.25,10.96
TCS,Tata Consultancy Services Ltd,0.52,64.3,351038.19,79.57,11.14,0.5094,0.3169,1.6076,12.25,10.96
TCS,Tata Consultancy Services Ltd,0.52,64.3,405916.42,8.74,13.8,0.304,0.2462,1.2349,12.25,10.96
TCS,Tata Consultancy Services Ltd,0.52,64.3,405916.42,8.74,13.8,0.3057,0.2576,1.187,12.25,10.96
TCS,Tata Consultancy Services Ltd,0.52,64.3,405916.42,8.74,13.8,0.3424,0.2757,1.2423,12.25,10.96
TCS,Tata Consultancy Services Ltd,0.52,64.3,405916.42,8.74,13.8,0.3529,0.2771,1.2734,12.25,10.96
TCS,Tata Consultancy Services Ltd,0.52,64.3,405916.42,8.74,13.8,0.3652,0.271,1.3473,12.25,10.96
TCS,Tata Consultancy Services Ltd,0.52,64.3,405916.42,8.74,13.8,0.3767,0.2505,1.504,12.25,10.96
TCS,Tata Consultancy Services Ltd,0.52,64.3,405916.42,8.74,13.8,0.3857,0.2701,1.4279,12.25,10.96
TCS,Tata Consultancy Services Ltd,0.52,64.3,405916.42,8.74,13.8,0.393,0.2893,1.3585,12.25,10.96
TCS,Tata Consultancy Services Ltd,0.52,64.3,405916.42,8.74,13.8,0.3962,0.2736,1.448,12.25,10.96
TCS,Tata Consultancy Services Ltd,0.52,64.3,405916.42,8.74,13.8,0.4313,0.2728,1.5809,12.25,10.96
TCS,Tata Consultancy Services Ltd,0.52,64.3,405916.42,8.74,13.8,0.4678,0.2961,1.5799,12.25,10.96
TCS,Tata Consultancy Services Ltd,0.52,64.3,405916.42,8.74,13.8,0.5094,0.3169,1.6076,12.25,10.96
TCS,Tata Consultancy Services Ltd,0.52,64.3,422088.96,46.18,8.56,0.304,0.2462,1.2349,12.25,10.96
TCS,Tata Consultancy Services Ltd,0.52,64.3,422088.96,46.18,8.56,0.3057,0.2576,1.187,12.25,10.96
TCS,Tata Consultancy Services Ltd,0.52,64.3,422088.96,46.18,8.56,0.3424,0.2757,1.2423,12.25,10.96
TCS,Tata Consultancy Services Ltd,0.52,64.3,422088.96,46.18,8.56,0.3529,0.2771,1.2734,12.25,10.96
TCS,Tata Consultancy Services Ltd,0.52,64.3,422088.96,46.18,8.56,0.3652,0.271,1.3473,12.25,10.96
TCS,Tata Consultancy Services Ltd,0.52,64.3,422088.96,46.18,8.56,0.3767,0.2505,1.504,12.25,10.96
TCS,Tata Consultancy Services Ltd,0.52,64.3,422088.96,46.18,8.56,0.3857,0.2701,1.4279,12.25,10.96
TCS,Tata Consultancy Services Ltd,0.52,64.3,422088.96,46.18,8.56,0.393,0.2893,1.3585,12.25,10.96
TCS,Tata Consultancy Services Ltd,0.52,64.3,422088.96,46.18,8.56,0.3962,0.2736,1.448,12.25,10.96
TCS,Tata Consultancy Services Ltd,0.52,64.3,422088.96,46.18,8.56,0.4313,0.2728,1.5809,12.25,10.96
TCS,Tata Consultancy Services Ltd,0.52,64.3,422088.96,46.18,8.56,0.4678,0.2961,1.5799,12.25,10.96
TCS,Tata Consultancy Services Ltd,0.52,64.3,422088.96,46.18,8.56,0.5094,0.3169,1.6076,12.25,10.96
TCS,Tata Consultancy Services Ltd,0.52,64.3,461188.15,78.69,6.08,0.304,0.2462,1.2349,12.25,10.96
TCS,Tata Consultancy Services Ltd,0.52,64.3,461188.15,78.69,6.08,0.3057,0.2576,1.187,12.25,10.96
TCS,Tata Consultancy Services Ltd,0.52,64.3,461188.15,78.69,6.08,0.3424,0.2757,1.2423,12.25,10.96
TCS,Tata Consultancy Services Ltd,0.52,64.3,461188.15,78.69,6.08,0.3529,0.2771,1.2734,12.25,10.96
TCS,Tata Consultancy Services Ltd,0.52,64.3,461188.15,78.69,6.08,0.3652,0.271,1.3473,12.25,10.96
TCS,Tata Consultancy Services Ltd,0.52,64.3,461188.15,78.69,6.08,0.3767,0.2505,1.504,12.25,10.96
TCS,Tata Consultancy Services Ltd,0.52,64.3,461188.15,78.69,6.08,0.3857,0.2701,1.4279,12.25,10.96
TCS,Tata Consultancy Services Ltd,0.52,64.3,461188.15,78.69,6.08,0.393,0.2893,1.3585,12.25,10.96
TCS,Tata Consultancy Services Ltd,0.52,64.3,461188.15,78.69,6.08,0.3962,0.2736,1.448,12.25,10.96
TCS,Tata Consultancy Services Ltd,0.52,64.3,461188.15,78.69,6.08,0.4313,0.2728,1.5809,12.25,10.96
TCS,Tata Consultancy Services Ltd,0.52,64.3,461188.15,78.69,6.08,0.4678,0.2961,1.5799,12.25,10.96
TCS,Tata Consultancy Services Ltd,0.52,64.3,461188.15,78.69,6.08,0.5094,0.3169,1.6076,12.25,10.96
TECHM,Tech Mahindra Ltd,8.63,11.9,1639903.22,8.39,4.82,0.0899,0.0556,1.6179,18.46,9.24
TECHM,Tech Mahindra Ltd,8.63,11.9,1639903.22,8.39,4.82,0.0899,0.0556,1.6179,18.46,9.24
TECHM,Tech Mahindra Ltd,8.63,11.9,1639903.22,8.39,4.82,0.1735,0.1094,1.5853,18.46,9.24
TECHM,Tech Mahindra Ltd,8.63,11.9,1639903.22,8.39,4.82,0.1735,0.1094,1.5853,18.46,9.24
TECHM,Tech Mahindra Ltd,8.63,11.9,1639903.22,8.39,4.82,0.1739,0.106,1.6411,18.46,9.24
TECHM,Tech Mahindra Ltd,8.63,11.9,1639903.22,8.39,4.82,0.1739,0.106,1.6411,18.46,9.24
TECHM,Tech Mahindra Ltd,8.63,11.9,1639903.22,8.39,4.82,0.1751,0.1099,1.5927,18.46,9.24
TECHM,Tech Mahindra Ltd,8.63,11.9,1639903.22,8.39,4.82,0.1751,0.1099,1.5927,18.46,9.24
TECHM,Tech Mahindra Ltd,8.63,11.9,1639903.22,8.39,4.82,0.1787,0.1044,1.7108,18.46,9.24
TECHM,Tech Mahindra Ltd,8.63,11.9,1639903.22,8.39,4.82,0.1787,0.1044,1.7108,18.46,9.24
TECHM,Tech Mahindra Ltd,8.63,11.9,1639903.22,8.39,4.82,0.2009,0.1244,1.615,18.46,9.24
TECHM,Tech Mahindra Ltd,8.63,11.9,1639903.22,8.39,4.82,0.2009,0.1244,1.615,18.46,9.24
TECHM,Tech Mahindra Ltd,8.63,11.9,1639903.22,8.39,4.82,0.2075,0.1344,1.5438,18.46,9.24
TECHM,Tech Mahindra Ltd,8.63,11.9,1639903.22,8.39,4.82,0.2075,0.1344,1.5438,18.46,9.24
TECHM,Tech Mahindra Ltd,8.63,11.9,1639903.22,8.39,4.82,0.2094,0.1268,1.652,18.46,9.24
TECHM,Tech Mahindra Ltd,8.63,11.9,1639903.22,8.39,4.82,0.2094,0.1268,1.652,18.46,9.24
TECHM,Tech Mahindra Ltd,8.63,11.9,1639903.22,8.39,4.82,0.2114,0.1282,1.6488,18.46,9.24
TECHM,Tech Mahindra Ltd,8.63,11.9,1639903.22,8.39,4.82,0.2114,0.1282,1.6488,18.46,9.24
TECHM,Tech Mahindra Ltd,8.63,11.9,1639903.22,8.39,4.82,0.2171,0.134,1.6205,18.46,9.24
TECHM,Tech Mahindra Ltd,8.63,11.9,1639903.22,8.39,4.82,0.2171,0.134,1.6205,18.46,9.24
TECHM,Tech Mahindra Ltd,8.63,11.9,1639903.22,8.39,4.82,0.2409,0.1455,1.6557,18.46,9.24
TECHM,Tech Mahindra Ltd,8.63,11.9,1639903.22,8.39,4.82,0.2409,0.1455,1.6557,18.46,9.24
TECHM,Tech Mahindra Ltd,8.63,11.9,1639903.22,8.39,4.82,0.3335,0.1921,1.736,18.46,9.24
TECHM,Tech Mahindra Ltd,8.63,11.9,1639903.22,8.39,4.82,0.3335,0.1921,1.736,18.46,9.24
TECHM,Tech Mahindra Ltd,8.63,11.9,1800162.47,60.09,4.41,0.0899,0.0556,1.6179,18.46,9.24
TECHM,Tech Mahindra Ltd,8.63,11.9,1800162.47,60.09,4.41,0.0899,0.0556,1.6179,18.46,9.24
TECHM,Tech Mahindra Ltd,8.63,11.9,1800162.47,60.09,4.41,0.1735,0.1094,1.5853,18.46,9.24
TECHM,Tech Mahindra Ltd,8.63,11.9,1800162.47,60.09,4.41,0.1735,0.1094,1.5853,18.46,9.24
TECHM,Tech Mahindra Ltd,8.63,11.9,1800162.47,60.09,4.41,0.1739,0.106,1.6411,18.46,9.24
TECHM,Tech Mahindra Ltd,8.63,11.9,1800162.47,60.09,4.41,0.1739,0.106,1.6411,18.46,9.24
TECHM,Tech Mahindra Ltd,8.63,11.9,1800162.47,60.09,4.41,0.1751,0.1099,1.5927,18.46,9.24
TECHM,Tech Mahindra Ltd,8.63,11.9,1800162.47,60.09,4.41,0.1751,0.1099,1.5927,18.46,9.24
TECHM,Tech Mahindra Ltd,8.63,11.9,1800162.47,60.09,4.41,0.1787,0.1044,1.7108,18.46,9.24
TECHM,Tech Mahindra Ltd,8.63,11.9,1800162.47,60.09,4.41,0.1787,0.1044,1.7108,18.46,9.24
TECHM,Tech Mahindra Ltd,8.63,11.9,1800162.47,60.09,4.41,0.2009,0.1244,1.615,18.46,9.24
TECHM,Tech Mahindra Ltd,8.63,11.9,1800162.47,60.09,4.41,0.2009,0.1244,1.615,18.46,9.24
TECHM,Tech Mahindra Ltd,8.63,11.9,1800162.47,60.09,4.41,0.2075,0.1344,1.5438,18.46,9.24
TECHM,Tech Mahindra Ltd,8.63,11.9,1800162.47,60.09,4.41,0.2075,0.1344,1.5438,18.46,9.24
TECHM,Tech Mahindra Ltd,8.63,11.9,1800162.47,60.09,4.41,0.2094,0.1268,1.652,18.46,9.24
TECHM,Tech Mahindra Ltd,8.63,11.9,1800162.47,60.09,4.41,0.2094,0.1268,1.652,18.46,9.24
TECHM,Tech Mahindra Ltd,8.63,11.9,1800162.47,60.09,4.41,0.2114,0.1282,1.6488,18.46,9.24
TECHM,Tech Mahindra Ltd,8.63,11.9,1800162.47,60.09,4.41,0.2114,0.1282,1.6488,18.46,9.24
TECHM,Tech Mahindra Ltd,8.63,11.9,1800162.47,60.09,4.41,0.2171,0.134,1.6205,18.46,9.24
TECHM,Tech Mahindra Ltd,8.63,11.9,1800162.47,60.09,4.41,0.2171,0.134,1.6205,18.46,9.24
TECHM,Tech Mahindra Ltd,8.63,11.9,1800162.47,60.09,4.41,0.2409,0.1455,1.6557,18.46,9.24
TECHM,Tech Mahindra Ltd,8.63,11.9,1800162.47,60.09,4.41,0.2409,0.1455,1.6557,18.46,9.24
TECHM,Tech Mahindra Ltd,8.63,11.9,1800162.47,60.09,4.41,0.3335,0.1921,1.736,18.46,9.24
TECHM,Tech Mahindra Ltd,8.63,11.9,1800162.47,60.09,4.41,0.3335,0.1921,1.736,18.46,9.24
TECHM,Tech Mahindra Ltd,8.63,11.9,1860679.7,51.58,1.63,0.0899,0.0556,1.6179,18.46,9.24
TECHM,Tech Mahindra Ltd,8.63,11.9,1860679.7,51.58,1.63,0.0899,0.0556,1.6179,18.46,9.24
TECHM,Tech Mahindra Ltd,8.63,11.9,1860679.7,51.58,1.63,0.1735,0.1094,1.5853,18.46,9.24
TECHM,Tech Mahindra Ltd,8.63,11.9,1860679.7,51.58,1.63,0.1735,0.1094,1.5853,18.46,9.24
TECHM,Tech Mahindra Ltd,8.63,11.9,1860679.7,51.58,1.63,0.1739,0.106,1.6411,18.46,9.24
TECHM,Tech Mahindra Ltd,8.63,11.9,1860679.7,51.58,1.63,0.1739,0.106,1.6411,18.46,9.24
TECHM,Tech Mahindra Ltd,8.63,11.9,1860679.7,51.58,1.63,0.1751,0.1099,1.5927,18.46,9.24
TECHM,Tech Mahindra Ltd,8.63,11.9,1860679.7,51.58,1.63,0.1751,0.1099,1.5927,18.46,9.24
TECHM,Tech Mahindra Ltd,8.63,11.9,1860679.7,51.58,1.63,0.1787,0.1044,1.7108,18.46,9.24
TECHM,Tech Mahindra Ltd,8.63,11.9,1860679.7,51.58,1.63,0.1787,0.1044,1.7108,18.46,9.24
TECHM,Tech Mahindra Ltd,8.63,11.9,1860679.7,51.58,1.63,0.2009,0.1244,1.615,18.46,9.24
TECHM,Tech Mahindra Ltd,8.63,11.9,1860679.7,51.58,1.63,0.2009,0.1244,1.615,18.46,9.24
TECHM,Tech Mahindra Ltd,8.63,11.9,1860679.7,51.58,1.63,0.2075,0.1344,1.5438,18.46,9.24
TECHM,Tech Mahindra Ltd,8.63,11.9,1860679.7,51.58,1.63,0.2075,0.1344,1.5438,18.46,9.24
TECHM,Tech Mahindra Ltd,8.63,11.9,1860679.7,51.58,1.63,0.2094,0.1268,1.652,18.46,9.24
TECHM,Tech Mahindra Ltd,8.63,11.9,1860679.7,51.58,1.63,0.2094,0.1268,1.652,18.46,9.24
TECHM,Tech Mahindra Ltd,8.63,11.9,1860679.7,51.58,1.63,0.2114,0.1282,1.6488,18.46,9.24
TECHM,Tech Mahindra Ltd,8.63,11.9,1860679.7,51.58,1.63,0.2114,0.1282,1.6488,18.46,9.24
TECHM,Tech Mahindra Ltd,8.63,11.9,1860679.7,51.58,1.63,0.2171,0.134,1.6205,18.46,9.24
TECHM,Tech Mahindra Ltd,8.63,11.9,1860679.7,51.58,1.63,0.2171,0.134,1.6205,18.46,9.24
TECHM,Tech Mahindra Ltd,8.63,11.9,1860679.7,51.58,1.63,0.2409,0.1455,1.6557,18.46,9.24
TECHM,Tech Mahindra Ltd,8.63,11.9,1860679.7,51.58,1.63,0.2409,0.1455,1.6557,18.46,9.24
TECHM,Tech Mahindra Ltd,8.63,11.9,1860679.7,51.58,1.63,0.3335,0.1921,1.736,18.46,9.24
TECHM,Tech Mahindra Ltd,8.63,11.9,1860679.7,51.58,1.63,0.3335,0.1921,1.736,18.46,9.24
TECHM,Tech Mahindra Ltd,8.63,11.9,2390842.75,47.31,13.71,0.0899,0.0556,1.6179,18.46,9.24
TECHM,Tech Mahindra Ltd,8.63,11.9,2390842.75,47.31,13.71,0.0899,0.0556,1.6179,18.46,9.24
TECHM,Tech Mahindra Ltd,8.63,11.9,2390842.75,47.31,13.71,0.1735,0.1094,1.5853,18.46,9.24
TECHM,Tech Mahindra Ltd,8.63,11.9,2390842.75,47.31,13.71,0.1735,0.1094,1.5853,18.46,9.24
TECHM,Tech Mahindra Ltd,8.63,11.9,2390842.75,47.31,13.71,0.1739,0.106,1.6411,18.46,9.24
TECHM,Tech Mahindra Ltd,8.63,11.9,2390842.75,47.31,13.71,0.1739,0.106,1.6411,18.46,9.24
TECHM,Tech Mahindra Ltd,8.63,11.9,2390842.75,47.31,13.71,0.1751,0.1099,1.5927,18.46,9.24
TECHM,Tech Mahindra Ltd,8.63,11.9,2390842.75,47.31,13.71,0.1751,0.1099,1.5927,18.46,9.24
TECHM,Tech Mahindra Ltd,8.63,11.9,2390842.75,47.31,13.71,0.1787,0.1044,1.7108,18.46,9.24
TECHM,Tech Mahindra Ltd,8.63,11.9,2390842.75,47.31,13.71,0.1787,0.1044,1.7108,18.46,9.24
TECHM,Tech Mahindra Ltd,8.63,11.9,2390842.75,47.31,13.71,0.2009,0.1244,1.615,18.46,9.24
TECHM,Tech Mahindra Ltd,8.63,11.9,2390842.75,47.31,13.71,0.2009,0.1244,1.615,18.46,9.24
TECHM,Tech Mahindra Ltd,8.63,11.9,2390842.75,47.31,13.71,0.2075,0.1344,1.5438,18.46,9.24
TECHM,Tech Mahindra Ltd,8.63,11.9,2390842.75,47.31,13.71,0.2075,0.1344,1.5438,18.46,9.24
TECHM,Tech Mahindra Ltd,8.63,11.9,2390842.75,47.31,13.71,0.2094,0.1268,1.652,18.46,9.24
TECHM,Tech Mahindra Ltd,8.63,11.9,2390842.75,47.31,13.71,0.2094,0.1268,1.652,18.46,9.24
TECHM,Tech Mahindra Ltd,8.63,11.9,2390842.75,47.31,13.71,0.2114,0.1282,1.6488,18.46,9.24
TECHM,Tech Mahindra Ltd,8.63,11.9,2390842.75,47.31,13.71,0.2114,0.1282,1.6488,18.46,9.24
TECHM,Tech Mahindra Ltd,8.63,11.9,2390842.75,47.31,13.71,0.2171,0.134,1.6205,18.46,9.24
TECHM,Tech Mahindra Ltd,8.63,11.9,2390842.75,47.31,13.71,0.2171,0.134,1.6205,18.46,9.24
TECHM,Tech Mahindra Ltd,8.63,11.9,2390842.75,47.31,13.71,0.2409,0.1455,1.6557,18.46,9.24
TECHM,Tech Mahindra Ltd,8.63,11.9,2390842.75,47.31,13.71,0.2409,0.1455,1.6557,18.46,9.24
TECHM,Tech Mahindra Ltd,8.63,11.9,2390842.75,47.31,13.71,0.3335,0.1921,1.736,18.46,9.24
TECHM,Tech Mahindra Ltd,8.63,11.9,2390842.75,47.31,13.71,0.3335,0.1921,1.736,18.46,9.24
TECHM,Tech Mahindra Ltd,8.63,11.9,3021095.64,57.4,7.43,0.0899,0.0556,1.6179,18.46,9.24
TECHM,Tech Mahindra Ltd,8.63,11.9,3021095.64,57.4,7.43,0.0899,0.0556,1.6179,18.46,9.24
TECHM,Tech Mahindra Ltd,8.63,11.9,3021095.64,57.4,7.43,0.1735,0.1094,1.5853,18.46,9.24
TECHM,Tech Mahindra Ltd,8.63,11.9,3021095.64,57.4,7.43,0.1735,0.1094,1.5853,18.46,9.24
TECHM,Tech Mahindra Ltd,8.63,11.9,3021095.64,57.4,7.43,0.1739,0.106,1.6411,18.46,9.24
TECHM,Tech Mahindra Ltd,8.63,11.9,3021095.64,57.4,7.43,0.1739,0.106,1.6411,18.46,9.24
TECHM,Tech Mahindra Ltd,8.63,11.9,3021095.64,57.4,7.43,0.1751,0.1099,1.5927,18.46,9.24
TECHM,Tech Mahindra Ltd,8.63,11.9,3021095.64,57.4,7.43,0.1751,0.1099,1.5927,18.46,9.24
TECHM,Tech Mahindra Ltd,8.63,11.9,3021095.64,57.4,7.43,0.1787,0.1044,1.7108,18.46,9.24
TECHM,Tech Mahindra Ltd,8.63,11.9,3021095.64,57.4,7.43,0.1787,0.1044,1.7108,18.46,9.24
TECHM,Tech Mahindra Ltd,8.63,11.9,3021095.64,57.4,7.43,0.2009,0.1244,1.615,18.46,9.24
TECHM,Tech Mahindra Ltd,8.63,11.9,3021095.64,57.4,7.43,0.2009,0.1244,1.615,18.46,9.24
TECHM,Tech Mahindra Ltd,8.63,11.9,3021095.64,57.4,7.43,0.2075,0.1344,1.5438,18.46,9.24
TECHM,Tech Mahindra Ltd,8.63,11.9,3021095.64,57.4,7.43,0.2075,0.1344,1.5438,18.46,9.24
TECHM,Tech Mahindra Ltd,8.63,11.9,3021095.64,57.4,7.43,0.2094,0.1268,1.652,18.46,9.24
TECHM,Tech Mahindra Ltd,8.63,11.9,3021095.64,57.4,7.43,0.2094,0.1268,1.652,18.46,9.24
TECHM,Tech Mahindra Ltd,8.63,11.9,3021095.64,57.4,7.43,0.2114,0.1282,1.6488,18.46,9.24
TECHM,Tech Mahindra Ltd,8.63,11.9,3021095.64,57.4,7.43,0.2114,0.1282,1.6488,18.46,9.24
TECHM,Tech Mahindra Ltd,8.63,11.9,3021095.64,57.4,7.43,0.2171,0.134,1.6205,18.46,9.24
TECHM,Tech Mahindra Ltd,8.63,11.9,3021095.64,57.4,7.43,0.2171,0.134,1.6205,18.46,9.24
TECHM,Tech Mahindra Ltd,8.63,11.9,3021095.64,57.4,7.43,0.2409,0.1455,1.6557,18.46,9.24
TECHM,Tech Mahindra Ltd,8.63,11.9,3021095.64,57.4,7.43,0.2409,0.1455,1.6557,18.46,9.24
TECHM,Tech Mahindra Ltd,8.63,11.9,3021095.64,57.4,7.43,0.3335,0.1921,1.736,18.46,9.24
TECHM,Tech Mahindra Ltd,8.63,11.9,3021095.64,57.4,7.43,0.3335,0.1921,1.736,18.46,9.24
TECHM,Tech Mahindra Ltd,8.63,11.9,3048920.3,41.79,3.57,0.0899,0.0556,1.6179,18.46,9.24
TECHM,Tech Mahindra Ltd,8.63,11.9,3048920.3,41.79,3.57,0.0899,0.0556,1.6179,18.46,9.24
TECHM,Tech Mahindra Ltd,8.63,11.9,3048920.3,41.79,3.57,0.1735,0.1094,1.5853,18.46,9.24
TECHM,Tech Mahindra Ltd,8.63,11.9,3048920.3,41.79,3.57,0.1735,0.1094,1.5853,18.46,9.24
TECHM,Tech Mahindra Ltd,8.63,11.9,3048920.3,41.79,3.57,0.1739,0.106,1.6411,18.46,9.24
TECHM,Tech Mahindra Ltd,8.63,11.9,3048920.3,41.79,3.57,0.1739,0.106,1.6411,18.46,9.24
TECHM,Tech Mahindra Ltd,8.63,11.9,3048920.3,41.79,3.57,0.1751,0.1099,1.5927,18.46,9.24
TECHM,Tech Mahindra Ltd,8.63,11.9,3048920.3,41.79,3.57,0.1751,0.1099,1.5927,18.46,9.24
TECHM,Tech Mahindra Ltd,8.63,11.9,3048920.3,41.79,3.57,0.1787,0.1044,1.7108,18.46,9.24
TECHM,Tech Mahindra Ltd,8.63,11.9,3048920.3,41.79,3.57,0.1787,0.1044,1.7108,18.46,9.24
TECHM,Tech Mahindra Ltd,8.63,11.9,3048920.3,41.79,3.57,0.2009,0.1244,1.615,18.46,9.24
TECHM,Tech Mahindra Ltd,8.63,11.9,3048920.3,41.79,3.57,0.2009,0.1244,1.615,18.46,9.24
TECHM,Tech Mahindra Ltd,8.63,11.9,3048920.3,41.79,3.57,0.2075,0.1344,1.5438,18.46,9.24
TECHM,Tech Mahindra Ltd,8.63,11.9,3048920.3,41.79,3.57,0.2075,0.1344,1.5438,18.46,9.24
TECHM,Tech Mahindra Ltd,8.63,11.9,3048920.3,41.79,3.57,0.2094,0.1268,1.652,18.46,9.24
TECHM,Tech Mahindra Ltd,8.63,11.9,3048920.3,41.79,3.57,0.2094,0.1268,1.652,18.46,9.24
TECHM,Tech Mahindra Ltd,8.63,11.9,3048920.3,41.79,3.57,0.2114,0.1282,1.6488,18.46,9.24
TECHM,Tech Mahindra Ltd,8.63,11.9,3048920.3,41.79,3.57,0.2114,0.1282,1.6488,18.46,9.24
TECHM,Tech Mahindra Ltd,8.63,11.9,3048920.3,41.79,3.57,0.2171,0.134,1.6205,18.46,9.24
TECHM,Tech Mahindra Ltd,8.63,11.9,3048920.3,41.79,3.57,0.2171,0.134,1.6205,18.46,9.24
TECHM,Tech Mahindra Ltd,8.63,11.9,3048920.3,41.79,3.57,0.2409,0.1455,1.6557,18.46,9.24
TECHM,Tech Mahindra Ltd,8.63,11.9,3048920.3,41.79,3.57,0.2409,0.1455,1.6557,18.46,9.24
TECHM,Tech Mahindra Ltd,8.63,11.9,3048920.3,41.79,3.57,0.3335,0.1921,1.736,18.46,9.24
TECHM,Tech Mahindra Ltd,8.63,11.9,3048920.3,41.79,3.57,0.3335,0.1921,1.736,18.46,9.24
TITAN,"Titan Company Ltd
",32.9,22.7,1135740.07,63.2,11.39,0.1299,0.0592,2.1934,15.05,13.3
TITAN,"Titan Company Ltd
",32.9,22.7,1135740.07,63.2,11.39,0.1647,0.0829,1.9863,15.05,13.3
TITAN,"Titan Company Ltd
",32.9,22.7,1135740.07,63.2,11.39,0.1925,0.1064,1.8084,15.05,13.3
TITAN,"Titan Company Ltd
",32.9,22.7,1135740.07,63.2,11.39,0.2165,0.1157,1.8705,15.05,13.3
TITAN,"Titan Company Ltd
",32.9,22.7,1135740.07,63.2,11.39,0.2239,0.1102,2.0309,15.05,13.3
TITAN,"Titan Company Ltd
",32.9,22.7,1135740.07,63.2,11.39,0.2288,0.1186,1.9292,15.05,13.3
TITAN,"Titan Company Ltd
",32.9,22.7,1135740.07,63.2,11.39,0.2363,0.1037,2.2775,15.05,13.3
TITAN,"Titan Company Ltd
",32.9,22.7,1135740.07,63.2,11.39,0.2646,0.1391,1.9027,15.05,13.3
TITAN,"Titan Company Ltd
",32.9,22.7,1135740.07,63.2,11.39,0.2763,0.1212,2.28,15.05,13.3
TITAN,"Titan Company Ltd
",32.9,22.7,1135740.07,63.2,11.39,0.2913,0.1203,2.4221,15.05,13.3
TITAN,"Titan Company Ltd
",32.9,22.7,1135740.07,63.2,11.39,0.368,0.1232,2.9868,15.05,13.3
TITAN,"Titan Company Ltd
",32.9,22.7,1135740.07,63.2,11.39,0.3722,0.1108,3.3586,15.05,13.3
TITAN,"Titan Company Ltd
",32.9,22.7,1301076.74,18.73,5.89,0.1299,0.0592,2.1934,15.05,13.3
TITAN,"Titan Company Ltd
",32.9,22.7,1301076.74,18.73,5.89,0.1647,0.0829,1.9863,15.05,13.3
TITAN,"Titan Company Ltd
",32.9,22.7,1301076.74,18.73,5.89,0.1925,0.1064,1.8084,15.05,13.3
TITAN,"Titan Company Ltd
",32.9,22.7,1301076.74,18.73,5.89,0.2165,0.1157,1.8705,15.05,13.3
TITAN,"Titan Company Ltd
",32.9,22.7,1301076.74,18.73,5.89,0.2239,0.1102,2.0309,15.05,13.3
TITAN,"Titan Company Ltd
",32.9,22.7,1301076.74,18.73,5.89,0.2288,0.1186,1.9292,15.05,13.3
TITAN,"Titan Company Ltd
",32.9,22.7,1301076.74,18.73,5.89,0.2363,0.1037,2.2775,15.05,13.3
TITAN,"Titan Company Ltd
",32.9,22.7,1301076.74,18.73,5.89,0.2646,0.1391,1.9027,15.05,13.3
TITAN,"Titan Company Ltd
",32.9,22.7,1301076.74,18.73,5.89,0.2763,0.1212,2.28,15.05,13.3
TITAN,"Titan Company Ltd
",32.9,22.7,1301076.74,18.73,5.89,0.2913,0.1203,2.4221,15.05,13.3
TITAN,"Titan Company Ltd
",32.9,22.7,1301076.74,18.73,5.89,0.368,0.1232,2.9868,15.05,13.3
TITAN,"Titan Company Ltd
",32.9,22.7,1301076.74,18.73,5.89,0.3722,0.1108,3.3586,15.05,13.3
TITAN,"Titan Company Ltd
",32.9,22.7,1401305.03,26.55,3.88,0.1299,0.0592,2.1934,15.05,13.3
TITAN,"Titan Company Ltd
",32.9,22.7,1401305.03,26.55,3.88,0.1647,0.0829,1.9863,15.05,13.3
TITAN,"Titan Company Ltd
",32.9,22.7,1401305.03,26.55,3.88,0.1925,0.1064,1.8084,15.05,13.3
TITAN,"Titan Company Ltd
",32.9,22.7,1401305.03,26.55,3.88,0.2165,0.1157,1.8705,15.05,13.3
TITAN,"Titan Company Ltd
",32.9,22.7,1401305.03,26.55,3.88,0.2239,0.1102,2.0309,15.05,13.3
TITAN,"Titan Company Ltd
",32.9,22.7,1401305.03,26.55,3.88,0.2288,0.1186,1.9292,15.05,13.3
TITAN,"Titan Company Ltd
",32.9,22.7,1401305.03,26.55,3.88,0.2363,0.1037,2.2775,15.05,13.3
TITAN,"Titan Company Ltd
",32.9,22.7,1401305.03,26.55,3.88,0.2646,0.1391,1.9027,15.05,13.3
TITAN,"Titan Company Ltd
",32.9,22.7,1401305.03,26.55,3.88,0.2763,0.1212,2.28,15.05,13.3
TITAN,"Titan Company Ltd
",32.9,22.7,1401305.03,26.55,3.88,0.2913,0.1203,2.4221,15.05,13.3
TITAN,"Titan Company Ltd
",32.9,22.7,1401305.03,26.55,3.88,0.368,0.1232,2.9868,15.05,13.3
TITAN,"Titan Company Ltd
",32.9,22.7,1401305.03,26.55,3.88,0.3722,0.1108,3.3586,15.05,13.3
TITAN,"Titan Company Ltd
",32.9,22.7,1599747.79,72.03,9.49,0.1299,0.0592,2.1934,15.05,13.3
TITAN,"Titan Company Ltd
",32.9,22.7,1599747.79,72.03,9.49,0.1647,0.0829,1.9863,15.05,13.3
TITAN,"Titan Company Ltd
",32.9,22.7,1599747.79,72.03,9.49,0.1925,0.1064,1.8084,15.05,13.3
TITAN,"Titan Company Ltd
",32.9,22.7,1599747.79,72.03,9.49,0.2165,0.1157,1.8705,15.05,13.3
TITAN,"Titan Company Ltd
",32.9,22.7,1599747.79,72.03,9.49,0.2239,0.1102,2.0309,15.05,13.3
TITAN,"Titan Company Ltd
",32.9,22.7,1599747.79,72.03,9.49,0.2288,0.1186,1.9292,15.05,13.3
TITAN,"Titan Company Ltd
",32.9,22.7,1599747.79,72.03,9.49,0.2363,0.1037,2.2775,15.05,13.3
TITAN,"Titan Company Ltd
",32.9,22.7,1599747.79,72.03,9.49,0.2646,0.1391,1.9027,15.05,13.3
TITAN,"Titan Company Ltd
",32.9,22.7,1599747.79,72.03,9.49,0.2763,0.1212,2.28,15.05,13.3
TITAN,"Titan Company Ltd
",32.9,22.7,1599747.79,72.03,9.49,0.2913,0.1203,2.4221,15.05,13.3
TITAN,"Titan Company Ltd
",32.9,22.7,1599747.79,72.03,9.49,0.368,0.1232,2.9868,15.05,13.3
TITAN,"Titan Company Ltd
",32.9,22.7,1599747.79,72.03,9.49,0.3722,0.1108,3.3586,15.05,13.3
TITAN,"Titan Company Ltd
",32.9,22.7,1793769.72,10.13,10.51,0.1299,0.0592,2.1934,15.05,13.3
TITAN,"Titan Company Ltd
",32.9,22.7,1793769.72,10.13,10.51,0.1647,0.0829,1.9863,15.05,13.3
TITAN,"Titan Company Ltd
",32.9,22.7,1793769.72,10.13,10.51,0.1925,0.1064,1.8084,15.05,13.3
TITAN,"Titan Company Ltd
",32.9,22.7,1793769.72,10.13,10.51,0.2165,0.1157,1.8705,15.05,13.3
TITAN,"Titan Company Ltd
",32.9,22.7,1793769.72,10.13,10.51,0.2239,0.1102,2.0309,15.05,13.3
TITAN,"Titan Company Ltd
",32.9,22.7,1793769.72,10.13,10.51,0.2288,0.1186,1.9292,15.05,13.3
TITAN,"Titan Company Ltd
",32.9,22.7,1793769.72,10.13,10.51,0.2363,0.1037,2.2775,15.05,13.3
TITAN,"Titan Company Ltd
",32.9,22.7,1793769.72,10.13,10.51,0.2646,0.1391,1.9027,15.05,13.3
TITAN,"Titan Company Ltd
",32.9,22.7,1793769.72,10.13,10.51,0.2763,0.1212,2.28,15.05,13.3
TITAN,"Titan Company Ltd
",32.9,22.7,1793769.72,10.13,10.51,0.2913,0.1203,2.4221,15.05,13.3
TITAN,"Titan Company Ltd
",32.9,22.7,1793769.72,10.13,10.51,0.368,0.1232,2.9868,15.05,13.3
TITAN,"Titan Company Ltd
",32.9,22.7,1793769.72,10.13,10.51,0.3722,0.1108,3.3586,15.05,13.3
TITAN,"Titan Company Ltd
",32.9,22.7,1862221.59,28.61,3.98,0.1299,0.0592,2.1934,15.05,13.3
TITAN,"Titan Company Ltd
",32.9,22.7,1862221.59,28.61,3.98,0.1647,0.0829,1.9863,15.05,13.3
TITAN,"Titan Company Ltd
",32.9,22.7,1862221.59,28.61,3.98,0.1925,0.1064,1.8084,15.05,13.3
TITAN,"Titan Company Ltd
",32.9,22.7,1862221.59,28.61,3.98,0.2165,0.1157,1.8705,15.05,13.3
TITAN,"Titan Company Ltd
",32.9,22.7,1862221.59,28.61,3.98,0.2239,0.1102,2.0309,15.05,13.3
TITAN,"Titan Company Ltd
",32.9,22.7,1862221.59,28.61,3.98,0.2288,0.1186,1.9292,15.05,13.3
TITAN,"Titan Company Ltd
",32.9,22.7,1862221.59,28.61,3.98,0.2363,0.1037,2.2775,15.05,13.3
TITAN,"Titan Company Ltd
",32.9,22.7,1862221.59,28.61,3.98,0.2646,0.1391,1.9027,15.05,13.3
TITAN,"Titan Company Ltd
",32.9,22.7,1862221.59,28.61,3.98,0.2763,0.1212,2.28,15.05,13.3
TITAN,"Titan Company Ltd
",32.9,22.7,1862221.59,28.61,3.98,0.2913,0.1203,2.4221,15.05,13.3
TITAN,"Titan Company Ltd
",32.9,22.7,1862221.59,28.61,3.98,0.368,0.1232,2.9868,15.05,13.3
TITAN,"Titan Company Ltd
",32.9,22.7,1862221.59,28.61,3.98,0.3722,0.1108,3.3586,15.05,13.3
TORNTPHARM,Torrent Pharmaceuticals Ltd,24.2,23.2,961478.14,78.75,1.44,0.0923,0.0309,2.9869,11.08,12.88
TORNTPHARM,Torrent Pharmaceuticals Ltd,24.2,23.2,961478.14,78.75,1.44,0.1305,0.0602,2.168,11.08,12.88
TORNTPHARM,Torrent Pharmaceuticals Ltd,24.2,23.2,961478.14,78.75,1.44,0.1467,0.0476,3.0809,11.08,12.88
TORNTPHARM,Torrent Pharmaceuticals Ltd,24.2,23.2,961478.14,78.75,1.44,0.2009,0.0852,2.3572,11.08,12.88
TORNTPHARM,Torrent Pharmaceuticals Ltd,24.2,23.2,961478.14,78.75,1.44,0.2125,0.0732,2.9042,11.08,12.88
TORNTPHARM,Torrent Pharmaceuticals Ltd,24.2,23.2,961478.14,78.75,1.44,0.2145,0.089,2.4109,11.08,12.88
TORNTPHARM,Torrent Pharmaceuticals Ltd,24.2,23.2,961478.14,78.75,1.44,0.2147,0.0973,2.2066,11.08,12.88
TORNTPHARM,Torrent Pharmaceuticals Ltd,24.2,23.2,961478.14,78.75,1.44,0.2415,0.1142,2.1157,11.08,12.88
TORNTPHARM,Torrent Pharmaceuticals Ltd,24.2,23.2,961478.14,78.75,1.44,0.3015,0.096,3.1393,11.08,12.88
TORNTPHARM,Torrent Pharmaceuticals Ltd,24.2,23.2,961478.14,78.75,1.44,0.3059,0.1159,2.6392,11.08,12.88
TORNTPHARM,Torrent Pharmaceuticals Ltd,24.2,23.2,961478.14,78.75,1.44,0.3489,0.1322,2.639,11.08,12.88
TORNTPHARM,Torrent Pharmaceuticals Ltd,24.2,23.2,961478.14,78.75,1.44,0.496,0.195,2.5432,11.08,12.88
TORNTPHARM,Torrent Pharmaceuticals Ltd,24.2,23.2,1046185.12,42.51,11.26,0.0923,0.0309,2.9869,11.08,12.88
TORNTPHARM,Torrent Pharmaceuticals Ltd,24.2,23.2,1046185.12,42.51,11.26,0.1305,0.0602,2.168,11.08,12.88
TORNTPHARM,Torrent Pharmaceuticals Ltd,24.2,23.2,1046185.12,42.51,11.26,0.1467,0.0476,3.0809,11.08,12.88
TORNTPHARM,Torrent Pharmaceuticals Ltd,24.2,23.2,1046185.12,42.51,11.26,0.2009,0.0852,2.3572,11.08,12.88
TORNTPHARM,Torrent Pharmaceuticals Ltd,24.2,23.2,1046185.12,42.51,11.26,0.2125,0.0732,2.9042,11.08,12.88
TORNTPHARM,Torrent Pharmaceuticals Ltd,24.2,23.2,1046185.12,42.51,11.26,0.2145,0.089,2.4109,11.08,12.88
TORNTPHARM,Torrent Pharmaceuticals Ltd,24.2,23.2,1046185.12,42.51,11.26,0.2147,0.0973,2.2066,11.08,12.88
TORNTPHARM,Torrent Pharmaceuticals Ltd,24.2,23.2,1046185.12,42.51,11.26,0.2415,0.1142,2.1157,11.08,12.88
TORNTPHARM,Torrent Pharmaceuticals Ltd,24.2,23.2,1046185.12,42.51,11.26,0.3015,0.096,3.1393,11.08,12.88
TORNTPHARM,Torrent Pharmaceuticals Ltd,24.2,23.2,1046185.12,42.51,11.26,0.3059,0.1159,2.6392,11.08,12.88
TORNTPHARM,Torrent Pharmaceuticals Ltd,24.2,23.2,1046185.12,42.51,11.26,0.3489,0.1322,2.639,11.08,12.88
TORNTPHARM,Torrent Pharmaceuticals Ltd,24.2,23.2,1046185.12,42.51,11.26,0.496,0.195,2.5432,11.08,12.88
TORNTPHARM,Torrent Pharmaceuticals Ltd,24.2,23.2,1212490.1,65.62,1.87,0.0923,0.0309,2.9869,11.08,12.88
TORNTPHARM,Torrent Pharmaceuticals Ltd,24.2,23.2,1212490.1,65.62,1.87,0.1305,0.0602,2.168,11.08,12.88
TORNTPHARM,Torrent Pharmaceuticals Ltd,24.2,23.2,1212490.1,65.62,1.87,0.1467,0.0476,3.0809,11.08,12.88
TORNTPHARM,Torrent Pharmaceuticals Ltd,24.2,23.2,1212490.1,65.62,1.87,0.2009,0.0852,2.3572,11.08,12.88
TORNTPHARM,Torrent Pharmaceuticals Ltd,24.2,23.2,1212490.1,65.62,1.87,0.2125,0.0732,2.9042,11.08,12.88
TORNTPHARM,Torrent Pharmaceuticals Ltd,24.2,23.2,1212490.1,65.62,1.87,0.2145,0.089,2.4109,11.08,12.88
TORNTPHARM,Torrent Pharmaceuticals Ltd,24.2,23.2,1212490.1,65.62,1.87,0.2147,0.0973,2.2066,11.08,12.88
TORNTPHARM,Torrent Pharmaceuticals Ltd,24.2,23.2,1212490.1,65.62,1.87,0.2415,0.1142,2.1157,11.08,12.88
TORNTPHARM,Torrent Pharmaceuticals Ltd,24.2,23.2,1212490.1,65.62,1.87,0.3015,0.096,3.1393,11.08,12.88
TORNTPHARM,Torrent Pharmaceuticals Ltd,24.2,23.2,1212490.1,65.62,1.87,0.3059,0.1159,2.6392,11.08,12.88
TORNTPHARM,Torrent Pharmaceuticals Ltd,24.2,23.2,1212490.1,65.62,1.87,0.3489,0.1322,2.639,11.08,12.88
TORNTPHARM,Torrent Pharmaceuticals Ltd,24.2,23.2,1212490.1,65.62,1.87,0.496,0.195,2.5432,11.08,12.88
TORNTPHARM,Torrent Pharmaceuticals Ltd,24.2,23.2,1227158.01,51.26,10.52,0.0923,0.0309,2.9869,11.08,12.88
TORNTPHARM,Torrent Pharmaceuticals Ltd,24.2,23.2,1227158.01,51.26,10.52,0.1305,0.0602,2.168,11.08,12.88
TORNTPHARM,Torrent Pharmaceuticals Ltd,24.2,23.2,1227158.01,51.26,10.52,0.1467,0.0476,3.0809,11.08,12.88
TORNTPHARM,Torrent Pharmaceuticals Ltd,24.2,23.2,1227158.01,51.26,10.52,0.2009,0.0852,2.3572,11.08,12.88
TORNTPHARM,Torrent Pharmaceuticals Ltd,24.2,23.2,1227158.01,51.26,10.52,0.2125,0.0732,2.9042,11.08,12.88
TORNTPHARM,Torrent Pharmaceuticals Ltd,24.2,23.2,1227158.01,51.26,10.52,0.2145,0.089,2.4109,11.08,12.88
TORNTPHARM,Torrent Pharmaceuticals Ltd,24.2,23.2,1227158.01,51.26,10.52,0.2147,0.0973,2.2066,11.08,12.88
TORNTPHARM,Torrent Pharmaceuticals Ltd,24.2,23.2,1227158.01,51.26,10.52,0.2415,0.1142,2.1157,11.08,12.88
TORNTPHARM,Torrent Pharmaceuticals Ltd,24.2,23.2,1227158.01,51.26,10.52,0.3015,0.096,3.1393,11.08,12.88
TORNTPHARM,Torrent Pharmaceuticals Ltd,24.2,23.2,1227158.01,51.26,10.52,0.3059,0.1159,2.6392,11.08,12.88
TORNTPHARM,Torrent Pharmaceuticals Ltd,24.2,23.2,1227158.01,51.26,10.52,0.3489,0.1322,2.639,11.08,12.88
TORNTPHARM,Torrent Pharmaceuticals Ltd,24.2,23.2,1227158.01,51.26,10.52,0.496,0.195,2.5432,11.08,12.88
TORNTPHARM,Torrent Pharmaceuticals Ltd,24.2,23.2,1641817.42,38.01,12.97,0.0923,0.0309,2.9869,11.08,12.88
TORNTPHARM,Torrent Pharmaceuticals Ltd,24.2,23.2,1641817.42,38.01,12.97,0.1305,0.0602,2.168,11.08,12.88
TORNTPHARM,Torrent Pharmaceuticals Ltd,24.2,23.2,1641817.42,38.01,12.97,0.1467,0.0476,3.0809,11.08,12.88
TORNTPHARM,Torrent Pharmaceuticals Ltd,24.2,23.2,1641817.42,38.01,12.97,0.2009,0.0852,2.3572,11.08,12.88
TORNTPHARM,Torrent Pharmaceuticals Ltd,24.2,23.2,1641817.42,38.01,12.97,0.2125,0.0732,2.9042,11.08,12.88
TORNTPHARM,Torrent Pharmaceuticals Ltd,24.2,23.2,1641817.42,38.01,12.97,0.2145,0.089,2.4109,11.08,12.88
TORNTPHARM,Torrent Pharmaceuticals Ltd,24.2,23.2,1641817.42,38.01,12.97,0.2147,0.0973,2.2066,11.08,12.88
TORNTPHARM,Torrent Pharmaceuticals Ltd,24.2,23.2,1641817.42,38.01,12.97,0.2415,0.1142,2.1157,11.08,12.88
TORNTPHARM,Torrent Pharmaceuticals Ltd,24.2,23.2,1641817.42,38.01,12.97,0.3015,0.096,3.1393,11.08,12.88
TORNTPHARM,Torrent Pharmaceuticals Ltd,24.2,23.2,1641817.42,38.01,12.97,0.3059,0.1159,2.6392,11.08,12.88
TORNTPHARM,Torrent Pharmaceuticals Ltd,24.2,23.2,1641817.42,38.01,12.97,0.3489,0.1322,2.639,11.08,12.88
TORNTPHARM,Torrent Pharmaceuticals Ltd,24.2,23.2,1641817.42,38.01,12.97,0.496,0.195,2.5432,11.08,12.88
TORNTPHARM,Torrent Pharmaceuticals Ltd,24.2,23.2,1870170.39,46.4,6.43,0.0923,0.0309,2.9869,11.08,12.88
TORNTPHARM,Torrent Pharmaceuticals Ltd,24.2,23.2,1870170.39,46.4,6.43,0.1305,0.0602,2.168,11.08,12.88
TORNTPHARM,Torrent Pharmaceuticals Ltd,24.2,23.2,1870170.39,46.4,6.43,0.1467,0.0476,3.0809,11.08,12.88
TORNTPHARM,Torrent Pharmaceuticals Ltd,24.2,23.2,1870170.39,46.4,6.43,0.2009,0.0852,2.3572,11.08,12.88
TORNTPHARM,Torrent Pharmaceuticals Ltd,24.2,23.2,1870170.39,46.4,6.43,0.2125,0.0732,2.9042,11.08,12.88
TORNTPHARM,Torrent Pharmaceuticals Ltd,24.2,23.2,1870170.39,46.4,6.43,0.2145,0.089,2.4109,11.08,12.88
TORNTPHARM,Torrent Pharmaceuticals Ltd,24.2,23.2,1870170.39,46.4,6.43,0.2147,0.0973,2.2066,11.08,12.88
TORNTPHARM,Torrent Pharmaceuticals Ltd,24.2,23.2,1870170.39,46.4,6.43,0.2415,0.1142,2.1157,11.08,12.88
TORNTPHARM,Torrent Pharmaceuticals Ltd,24.2,23.2,1870170.39,46.4,6.43,0.3015,0.096,3.1393,11.08,12.88
TORNTPHARM,Torrent Pharmaceuticals Ltd,24.2,23.2,1870170.39,46.4,6.43,0.3059,0.1159,2.6392,11.08,12.88
TORNTPHARM,Torrent Pharmaceuticals Ltd,24.2,23.2,1870170.39,46.4,6.43,0.3489,0.1322,2.639,11.08,12.88
TORNTPHARM,Torrent Pharmaceuticals Ltd,24.2,23.2,1870170.39,46.4,6.43,0.496,0.195,2.5432,11.08,12.88
TRENT,Trent Ltd,27.2,23.8,571322.04,8.65,11.82,-0.0783,-0.0316,2.4747,17.67,
TRENT,Trent Ltd,27.2,23.8,571322.04,8.65,11.82,-0.0219,-0.0122,1.7945,17.67,
TRENT,Trent Ltd,27.2,23.8,571322.04,8.65,11.82,-0.0192,-0.0098,1.9536,17.67,
TRENT,Trent Ltd,27.2,23.8,571322.04,8.65,11.82,0.0148,0.0045,3.2682,17.67,
TRENT,Trent Ltd,27.2,23.8,571322.04,8.65,11.82,0.0376,0.0255,1.4734,17.67,
TRENT,Trent Ltd,27.2,23.8,571322.04,8.65,11.82,0.0444,0.0192,2.3061,17.67,
TRENT,Trent Ltd,27.2,23.8,571322.04,8.65,11.82,0.0545,0.0372,1.4646,17.67,
TRENT,Trent Ltd,27.2,23.8,571322.04,8.65,11.82,0.0549,0.0383,1.4363,17.67,
TRENT,Trent Ltd,27.2,23.8,571322.04,8.65,11.82,0.0577,0.0371,1.5547,17.67,
TRENT,Trent Ltd,27.2,23.8,571322.04,8.65,11.82,0.0907,0.0585,1.552,17.67,
TRENT,Trent Ltd,27.2,23.8,571322.04,8.65,11.82,0.1518,0.0488,3.1133,17.67,
TRENT,Trent Ltd,27.2,23.8,571322.04,8.65,11.82,0.3631,0.2062,1.7606,17.67,
TRENT,Trent Ltd,27.2,23.8,583656.73,65.94,9.88,-0.0783,-0.0316,2.4747,17.67,
TRENT,Trent Ltd,27.2,23.8,583656.73,65.94,9.88,-0.0219,-0.0122,1.7945,17.67,
TRENT,Trent Ltd,27.2,23.8,583656.73,65.94,9.88,-0.0192,-0.0098,1.9536,17.67,
TRENT,Trent Ltd,27.2,23.8,583656.73,65.94,9.88,0.0148,0.0045,3.2682,17.67,
TRENT,Trent Ltd,27.2,23.8,583656.73,65.94,9.88,0.0376,0.0255,1.4734,17.67,
TRENT,Trent Ltd,27.2,23.8,583656.73,65.94,9.88,0.0444,0.0192,2.3061,17.67,
TRENT,Trent Ltd,27.2,23.8,583656.73,65.94,9.88,0.0545,0.0372,1.4646,17.67,
TRENT,Trent Ltd,27.2,23.8,583656.73,65.94,9.88,0.0549,0.0383,1.4363,17.67,
TRENT,Trent Ltd,27.2,23.8,583656.73,65.94,9.88,0.0577,0.0371,1.5547,17.67,
TRENT,Trent Ltd,27.2,23.8,583656.73,65.94,9.88,0.0907,0.0585,1.552,17.67,
TRENT,Trent Ltd,27.2,23.8,583656.73,65.94,9.88,0.1518,0.0488,3.1133,17.67,
TRENT,Trent Ltd,27.2,23.8,583656.73,65.94,9.88,0.3631,0.2062,1.7606,17.67,
TRENT,Trent Ltd,27.2,23.8,607706.78,68.1,13.78,-0.0783,-0.0316,2.4747,17.67,
TRENT,Trent Ltd,27.2,23.8,607706.78,68.1,13.78,-0.0219,-0.0122,1.7945,17.67,
TRENT,Trent Ltd,27.2,23.8,607706.78,68.1,13.78,-0.0192,-0.0098,1.9536,17.67,
TRENT,Trent Ltd,27.2,23.8,607706.78,68.1,13.78,0.0148,0.0045,3.2682,17.67,
TRENT,Trent Ltd,27.2,23.8,607706.78,68.1,13.78,0.0376,0.0255,1.4734,17.67,
TRENT,Trent Ltd,27.2,23.8,607706.78,68.1,13.78,0.0444,0.0192,2.3061,17.67,
TRENT,Trent Ltd,27.2,23.8,607706.78,68.1,13.78,0.0545,0.0372,1.4646,17.67,
TRENT,Trent Ltd,27.2,23.8,607706.78,68.1,13.78,0.0549,0.0383,1.4363,17.67,
TRENT,Trent Ltd,27.2,23.8,607706.78,68.1,13.78,0.0577,0.0371,1.5547,17.67,
TRENT,Trent Ltd,27.2,23.8,607706.78,68.1,13.78,0.0907,0.0585,1.552,17.67,
TRENT,Trent Ltd,27.2,23.8,607706.78,68.1,13.78,0.1518,0.0488,3.1133,17.67,
TRENT,Trent Ltd,27.2,23.8,607706.78,68.1,13.78,0.3631,0.2062,1.7606,17.67,
TRENT,Trent Ltd,27.2,23.8,700098.06,78.02,14.33,-0.0783,-0.0316,2.4747,17.67,
TRENT,Trent Ltd,27.2,23.8,700098.06,78.02,14.33,-0.0219,-0.0122,1.7945,17.67,
TRENT,Trent Ltd,27.2,23.8,700098.06,78.02,14.33,-0.0192,-0.0098,1.9536,17.67,
TRENT,Trent Ltd,27.2,23.8,700098.06,78.02,14.33,0.0148,0.0045,3.2682,17.67,
TRENT,Trent Ltd,27.2,23.8,700098.06,78.02,14.33,0.0376,0.0255,1.4734,17.67,
TRENT,Trent Ltd,27.2,23.8,700098.06,78.02,14.33,0.0444,0.0192,2.3061,17.67,
TRENT,Trent Ltd,27.2,23.8,700098.06,78.02,14.33,0.0545,0.0372,1.4646,17.67,
TRENT,Trent Ltd,27.2,23.8,700098.06,78.02,14.33,0.0549,0.0383,1.4363,17.67,
TRENT,Trent Ltd,27.2,23.8,700098.06,78.02,14.33,0.0577,0.0371,1.5547,17.67,
TRENT,Trent Ltd,27.2,23.8,700098.06,78.02,14.33,0.0907,0.0585,1.552,17.67,
TRENT,Trent Ltd,27.2,23.8,700098.06,78.02,14.33,0.1518,0.0488,3.1133,17.67,
TRENT,Trent Ltd,27.2,23.8,700098.06,78.02,14.33,0.3631,0.2062,1.7606,17.67,
TRENT,Trent Ltd,27.2,23.8,704799.66,50.52,9.53,-0.0783,-0.0316,2.4747,17.67,
TRENT,Trent Ltd,27.2,23.8,704799.66,50.52,9.53,-0.0219,-0.0122,1.7945,17.67,
TRENT,Trent Ltd,27.2,23.8,704799.66,50.52,9.53,-0.0192,-0.0098,1.9536,17.67,
TRENT,Trent Ltd,27.2,23.8,704799.66,50.52,9.53,0.0148,0.0045,3.2682,17.67,
TRENT,Trent Ltd,27.2,23.8,704799.66,50.52,9.53,0.0376,0.0255,1.4734,17.67,
TRENT,Trent Ltd,27.2,23.8,704799.66,50.52,9.53,0.0444,0.0192,2.3061,17.67,
TRENT,Trent Ltd,27.2,23.8,704799.66,50.52,9.53,0.0545,0.0372,1.4646,17.67,
TRENT,Trent Ltd,27.2,23.8,704799.66,50.52,9.53,0.0549,0.0383,1.4363,17.67,
TRENT,Trent Ltd,27.2,23.8,704799.66,50.52,9.53,0.0577,0.0371,1.5547,17.67,
TRENT,Trent Ltd,27.2,23.8,704799.66,50.52,9.53,0.0907,0.0585,1.552,17.67,
TRENT,Trent Ltd,27.2,23.8,704799.66,50.52,9.53,0.1518,0.0488,3.1133,17.67,
TRENT,Trent Ltd,27.2,23.8,704799.66,50.52,9.53,0.3631,0.2062,1.7606,17.67,
TRENT,Trent Ltd,27.2,23.8,709354.25,70.85,12.21,-0.0783,-0.0316,2.4747,17.67,
TRENT,Trent Ltd,27.2,23.8,709354.25,70.85,12.21,-0.0219,-0.0122,1.7945,17.67,
TRENT,Trent Ltd,27.2,23.8,709354.25,70.85,12.21,-0.0192,-0.0098,1.9536,17.67,
TRENT,Trent Ltd,27.2,23.8,709354.25,70.85,12.21,0.0148,0.0045,3.2682,17.67,
TRENT,Trent Ltd,27.2,23.8,709354.25,70.85,12.21,0.0376,0.0255,1.4734,17.67,
TRENT,Trent Ltd,27.2,23.8,709354.25,70.85,12.21,0.0444,0.0192,2.3061,17.67,
TRENT,Trent Ltd,27.2,23.8,709354.25,70.85,12.21,0.0545,0.0372,1.4646,17.67,
TRENT,Trent Ltd,27.2,23.8,709354.25,70.85,12.21,0.0549,0.0383,1.4363,17.67,
TRENT,Trent Ltd,27.2,23.8,709354.25,70.85,12.21,0.0577,0.0371,1.5547,17.67,
TRENT,Trent Ltd,27.2,23.8,709354.25,70.85,12.21,0.0907,0.0585,1.552,17.67,
TRENT,Trent Ltd,27.2,23.8,709354.25,70.85,12.21,0.1518,0.0488,3.1133,17.67,
TRENT,Trent Ltd,27.2,23.8,709354.25,70.85,12.21,0.3631,0.2062,1.7606,17.67,
TVSMOTOR,TVS Motor Company Ltd,,,143093.33,15.6,6.89,0.1589,0.0278,5.7134,15.63,21.72
TVSMOTOR,TVS Motor Company Ltd,,,143093.33,15.6,6.89,0.1611,0.0515,3.1283,15.63,21.72
TVSMOTOR,TVS Motor Company Ltd,,,143093.33,15.6,6.89,0.1661,0.0272,6.118,15.63,21.72
TVSMOTOR,TVS Motor Company Ltd,,,143093.33,15.6,6.89,0.1971,0.0336,5.8702,15.63,21.72
TVSMOTOR,TVS Motor Company Ltd,,,143093.33,15.6,6.89,0.2202,0.0586,3.7608,15.63,21.72
TVSMOTOR,TVS Motor Company Ltd,,,143093.33,15.6,6.89,0.2286,0.0434,5.2652,15.63,21.72
TVSMOTOR,TVS Motor Company Ltd,,,143093.33,15.6,6.89,0.2296,0.0831,2.7641,15.63,21.72
TVSMOTOR,TVS Motor Company Ltd,,,143093.33,15.6,6.89,0.2358,0.0834,2.829,15.63,21.72
TVSMOTOR,TVS Motor Company Ltd,,,143093.33,15.6,6.89,0.2378,0.0374,6.3624,15.63,21.72
TVSMOTOR,TVS Motor Company Ltd,,,143093.33,15.6,6.89,0.2475,0.0718,3.4491,15.63,21.72
TVSMOTOR,TVS Motor Company Ltd,,,143093.33,15.6,6.89,0.2483,0.0504,4.9253,15.63,21.72
TVSMOTOR,TVS Motor Company Ltd,,,143093.33,15.6,6.89,0.2622,0.0423,6.1946,15.63,21.72
TVSMOTOR,TVS Motor Company Ltd,,,170247.22,24.28,4.64,0.1589,0.0278,5.7134,15.63,21.72
TVSMOTOR,TVS Motor Company Ltd,,,170247.22,24.28,4.64,0.1611,0.0515,3.1283,15.63,21.72
TVSMOTOR,TVS Motor Company Ltd,,,170247.22,24.28,4.64,0.1661,0.0272,6.118,15.63,21.72
TVSMOTOR,TVS Motor Company Ltd,,,170247.22,24.28,4.64,0.1971,0.0336,5.8702,15.63,21.72
TVSMOTOR,TVS Motor Company Ltd,,,170247.22,24.28,4.64,0.2202,0.0586,3.7608,15.63,21.72
TVSMOTOR,TVS Motor Company Ltd,,,170247.22,24.28,4.64,0.2286,0.0434,5.2652,15.63,21.72
TVSMOTOR,TVS Motor Company Ltd,,,170247.22,24.28,4.64,0.2296,0.0831,2.7641,15.63,21.72
TVSMOTOR,TVS Motor Company Ltd,,,170247.22,24.28,4.64,0.2358,0.0834,2.829,15.63,21.72
TVSMOTOR,TVS Motor Company Ltd,,,170247.22,24.28,4.64,0.2378,0.0374,6.3624,15.63,21.72
TVSMOTOR,TVS Motor Company Ltd,,,170247.22,24.28,4.64,0.2475,0.0718,3.4491,15.63,21.72
TVSMOTOR,TVS Motor Company Ltd,,,170247.22,24.28,4.64,0.2483,0.0504,4.9253,15.63,21.72
TVSMOTOR,TVS Motor Company Ltd,,,170247.22,24.28,4.64,0.2622,0.0423,6.1946,15.63,21.72
TVSMOTOR,TVS Motor Company Ltd,,,206731.04,68.15,7.31,0.1589,0.0278,5.7134,15.63,21.72
TVSMOTOR,TVS Motor Company Ltd,,,206731.04,68.15,7.31,0.1611,0.0515,3.1283,15.63,21.72
TVSMOTOR,TVS Motor Company Ltd,,,206731.04,68.15,7.31,0.1661,0.0272,6.118,15.63,21.72
TVSMOTOR,TVS Motor Company Ltd,,,206731.04,68.15,7.31,0.1971,0.0336,5.8702,15.63,21.72
TVSMOTOR,TVS Motor Company Ltd,,,206731.04,68.15,7.31,0.2202,0.0586,3.7608,15.63,21.72
TVSMOTOR,TVS Motor Company Ltd,,,206731.04,68.15,7.31,0.2286,0.0434,5.2652,15.63,21.72
TVSMOTOR,TVS Motor Company Ltd,,,206731.04,68.15,7.31,0.2296,0.0831,2.7641,15.63,21.72
TVSMOTOR,TVS Motor Company Ltd,,,206731.04,68.15,7.31,0.2358,0.0834,2.829,15.63,21.72
TVSMOTOR,TVS Motor Company Ltd,,,206731.04,68.15,7.31,0.2378,0.0374,6.3624,15.63,21.72
TVSMOTOR,TVS Motor Company Ltd,,,206731.04,68.15,7.31,0.2475,0.0718,3.4491,15.63,21.72
TVSMOTOR,TVS Motor Company Ltd,,,206731.04,68.15,7.31,0.2483,0.0504,4.9253,15.63,21.72
TVSMOTOR,TVS Motor Company Ltd,,,206731.04,68.15,7.31,0.2622,0.0423,6.1946,15.63,21.72
TVSMOTOR,TVS Motor Company Ltd,,,215205.91,46.5,7.83,0.1589,0.0278,5.7134,15.63,21.72
TVSMOTOR,TVS Motor Company Ltd,,,215205.91,46.5,7.83,0.1611,0.0515,3.1283,15.63,21.72
TVSMOTOR,TVS Motor Company Ltd,,,215205.91,46.5,7.83,0.1661,0.0272,6.118,15.63,21.72
TVSMOTOR,TVS Motor Company Ltd,,,215205.91,46.5,7.83,0.1971,0.0336,5.8702,15.63,21.72
TVSMOTOR,TVS Motor Company Ltd,,,215205.91,46.5,7.83,0.2202,0.0586,3.7608,15.63,21.72
TVSMOTOR,TVS Motor Company Ltd,,,215205.91,46.5,7.83,0.2286,0.0434,5.2652,15.63,21.72
TVSMOTOR,TVS Motor Company Ltd,,,215205.91,46.5,7.83,0.2296,0.0831,2.7641,15.63,21.72
TVSMOTOR,TVS Motor Company Ltd,,,215205.91,46.5,7.83,0.2358,0.0834,2.829,15.63,21.72
TVSMOTOR,TVS Motor Company Ltd,,,215205.91,46.5,7.83,0.2378,0.0374,6.3624,15.63,21.72
TVSMOTOR,TVS Motor Company Ltd,,,215205.91,46.5,7.83,0.2475,0.0718,3.4491,15.63,21.72
TVSMOTOR,TVS Motor Company Ltd,,,215205.91,46.5,7.83,0.2483,0.0504,4.9253,15.63,21.72
TVSMOTOR,TVS Motor Company Ltd,,,215205.91,46.5,7.83,0.2622,0.0423,6.1946,15.63,21.72
TVSMOTOR,TVS Motor Company Ltd,,,249058.89,8.52,13.87,0.1589,0.0278,5.7134,15.63,21.72
TVSMOTOR,TVS Motor Company Ltd,,,249058.89,8.52,13.87,0.1611,0.0515,3.1283,15.63,21.72
TVSMOTOR,TVS Motor Company Ltd,,,249058.89,8.52,13.87,0.1661,0.0272,6.118,15.63,21.72
TVSMOTOR,TVS Motor Company Ltd,,,249058.89,8.52,13.87,0.1971,0.0336,5.8702,15.63,21.72
TVSMOTOR,TVS Motor Company Ltd,,,249058.89,8.52,13.87,0.2202,0.0586,3.7608,15.63,21.72
TVSMOTOR,TVS Motor Company Ltd,,,249058.89,8.52,13.87,0.2286,0.0434,5.2652,15.63,21.72
TVSMOTOR,TVS Motor Company Ltd,,,249058.89,8.52,13.87,0.2296,0.0831,2.7641,15.63,21.72
TVSMOTOR,TVS Motor Company Ltd,,,249058.89,8.52,13.87,0.2358,0.0834,2.829,15.63,21.72
TVSMOTOR,TVS Motor Company Ltd,,,249058.89,8.52,13.87,0.2378,0.0374,6.3624,15.63,21.72
TVSMOTOR,TVS Motor Company Ltd,,,249058.89,8.52,13.87,0.2475,0.0718,3.4491,15.63,21.72
TVSMOTOR,TVS Motor Company Ltd,,,249058.89,8.52,13.87,0.2483,0.0504,4.9253,15.63,21.72
TVSMOTOR,TVS Motor Company Ltd,,,249058.89,8.52,13.87,0.2622,0.0423,6.1946,15.63,21.72
TVSMOTOR,TVS Motor Company Ltd,,,266591.41,46.1,5.62,0.1589,0.0278,5.7134,15.63,21.72
TVSMOTOR,TVS Motor Company Ltd,,,266591.41,46.1,5.62,0.1611,0.0515,3.1283,15.63,21.72
TVSMOTOR,TVS Motor Company Ltd,,,266591.41,46.1,5.62,0.1661,0.0272,6.118,15.63,21.72
TVSMOTOR,TVS Motor Company Ltd,,,266591.41,46.1,5.62,0.1971,0.0336,5.8702,15.63,21.72
TVSMOTOR,TVS Motor Company Ltd,,,266591.41,46.1,5.62,0.2202,0.0586,3.7608,15.63,21.72
TVSMOTOR,TVS Motor Company Ltd,,,266591.41,46.1,5.62,0.2286,0.0434,5.2652,15.63,21.72
TVSMOTOR,TVS Motor Company Ltd,,,266591.41,46.1,5.62,0.2296,0.0831,2.7641,15.63,21.72
TVSMOTOR,TVS Motor Company Ltd,,,266591.41,46.1,5.62,0.2358,0.0834,2.829,15.63,21.72
TVSMOTOR,TVS Motor Company Ltd,,,266591.41,46.1,5.62,0.2378,0.0374,6.3624,15.63,21.72
TVSMOTOR,TVS Motor Company Ltd,,,266591.41,46.1,5.62,0.2475,0.0718,3.4491,15.63,21.72
TVSMOTOR,TVS Motor Company Ltd,,,266591.41,46.1,5.62,0.2483,0.0504,4.9253,15.63,21.72
TVSMOTOR,TVS Motor Company Ltd,,,266591.41,46.1,5.62,0.2622,0.0423,6.1946,15.63,21.72
